system:index,B11,B12,B2,B3,B4,B8,NDVI,OC,VH,VV,VV_div_VH,VV_minus_VH,.geo
00000000000000000690_0,3657.0,2702.0,1936.0,2272.0,2662.0,4044.0,0.2060841,17.1,-20.082330603177134,-12.52405065203082,0.6236353190027379,7.558279951146314,"{""geodesic"":false,""type"":""Point"",""coordinates"":[9.049762919512677,49.38888024748503]}"
00000000000000000705_0,4409.5,3535.5,1762.0,2194.0,2410.0,3999.5,0.24799126,12.2,-19.949337391815007,-11.964134992640616,0.599725933631729,7.985202399174391,"{""geodesic"":false,""type"":""Point"",""coordinates"":[11.177961659120236,49.69251081351742]}"
0000000000000000071b_0,2965.0,2313.0,1426.0,1704.0,1652.0,4037.0,0.4192301,14.8,-18.928917706858645,-12.66990346094175,0.669341145497768,6.2590142459168945,"{""geodesic"":false,""type"":""Point"",""coordinates"":[10.322585845581628,50.27372080234275]}"
0000000000000000073d_0,3281.0,2412.0,1612.0,1906.0,1874.0,4042.0,0.36646384,14.4,-19.82565089388296,-13.414898315233891,0.6766435254528238,6.410752578649067,"{""geodesic"":false,""type"":""Point"",""coordinates"":[11.147418939460172,48.397499499930724]}"
00000000000000000780_0,3562.0,2740.5,1735.0,2086.0,1983.5,4500.0,0.38813913,12.7,-20.385741181874298,-12.298572919330907,0.6032929001505235,8.087168262543392,"{""geodesic"":false,""type"":""Point"",""coordinates"":[14.033346621222547,53.262864910250464]}"
00000000000000000791_0,3536.0,2684.0,1542.0,1856.0,1797.0,4228.0,0.40348548,12.5,-19.523836032681814,-9.01689693364585,0.46184043538124714,10.506939099035964,"{""geodesic"":false,""type"":""Point"",""coordinates"":[8.512839874194439,49.832827660896896]}"
00000000000000000793_0,3500.0,2631.0,1432.0,1794.0,1788.0,4304.0,0.41300064,18.6,-17.341602231431175,-8.180611522623483,0.47173331584069844,9.160990708807692,"{""geodesic"":false,""type"":""Point"",""coordinates"":[8.719811715655577,50.41080371469939]}"
000000000000000007d1_0,3772.0,2856.0,1778.0,2171.0,2285.0,4604.5,0.33667174,12.7,-19.573839544869543,-12.928367376323747,0.6604921505914957,6.645472168545796,"{""geodesic"":false,""type"":""Point"",""coordinates"":[9.385193846602906,51.171497097291805]}"
000000000000000007fb_0,3387.0,2718.0,1617.0,1912.0,2021.0,3887.0,0.31584293,13.7,-20.728280675118423,-13.356667146108398,0.6443692728524909,7.371613529010025,"{""geodesic"":false,""type"":""Point"",""coordinates"":[14.248133805655524,53.30948747349626]}"
00000000000000000838_0,3466.0,3015.0,1741.0,1986.0,2172.0,3805.0,0.27321398,13.8,-19.84920780686043,-9.781595852065673,0.4927952766298756,10.067611954794758,"{""geodesic"":false,""type"":""Point"",""coordinates"":[10.131514184649404,52.16171003497675]}"
000000000000000008a9_0,3309.0,2886.0,1726.0,1974.0,1992.0,3501.0,0.27471328,10.5,-20.907204924463446,-13.345097525823856,0.6383013690275167,7.56210739863959,"{""geodesic"":false,""type"":""Point"",""coordinates"":[7.920850101959675,51.92778873499203]}"
000000000000000008bb_0,3828.0,3230.5,1872.5,2113.0,2375.0,4486.0,0.30768108,12.8,-21.677111263632757,-13.739722580920478,0.6338354965207623,7.937388682712278,"{""geodesic"":false,""type"":""Point"",""coordinates"":[9.077880187905619,52.23007182809825]}"
000000000000000008d1_0,2868.0,2122.0,1506.0,1896.0,1730.0,4176.0,0.4141551,8.2,-19.516770421658613,-12.942807790459621,0.6631633979818926,6.573962631198992,"{""geodesic"":false,""type"":""Point"",""coordinates"":[7.3460181516515926,50.315312799997486]}"
000000000000000008f0_0,4011.0,3143.0,2138.0,2578.0,3232.0,4808.0,0.1960199,20.8,-20.61596553218856,-12.567426051461139,0.6095967725517922,8.048539480727422,"{""geodesic"":false,""type"":""Point"",""coordinates"":[8.18477513243399,49.68415648137511]}"
0000000000000000092d_0,3501.0,3000.5,1416.5,1609.0,1748.5,2947.0,0.25524437,19.1,-20.579763213789114,-9.588307293752646,0.4659095050874136,10.991455920036469,"{""geodesic"":false,""type"":""Point"",""coordinates"":[11.836336930851433,51.680033379631865]}"
0000000000000000068e_0,3390.0,2415.0,1408.0,1683.0,1634.0,3845.0,0.4035408,18.1,-18.04348319715395,-11.286933541731074,0.6255407239502068,6.7565496554228766,"{""geodesic"":false,""type"":""Point"",""coordinates"":[8.832460452284165,49.2609601510264]}"
000000000000000006c4_0,3431.5,2569.0,1808.0,2145.0,2761.0,5118.0,0.29914963,14,-18.726259950027206,-13.078413031904441,0.6983996306152656,5.647846918122765,"{""geodesic"":false,""type"":""Point"",""coordinates"":[11.54303699058641,48.9685585260455]}"
000000000000000006f2_0,4530.0,3401.0,1723.0,1988.0,2152.0,3993.0,0.29959315,20.6,-22.103379074044273,-15.635302448256589,0.707371592184153,6.468076625787685,"{""geodesic"":false,""type"":""Point"",""coordinates"":[11.782258350747437,49.540695530501225]}"
000000000000000006f6_0,3194.5,2426.5,1767.5,2172.0,2150.0,4997.0,0.39834896,22,-18.364734225935123,-11.2325065831177,0.6116345842487,7.132227642817423,"{""geodesic"":false,""type"":""Point"",""coordinates"":[12.232763465733377,49.1188466730787]}"
00000000000000000737_0,3022.0,2198.0,1420.0,1701.0,1586.0,4022.0,0.43437946,29.6,-19.168056511833257,-10.245669986027577,0.5345179350709076,8.92238652580568,"{""geodesic"":false,""type"":""Point"",""coordinates"":[10.822049143552082,48.31045274889954]}"
0000000000000000074e_0,3915.0,3195.0,1615.0,1903.0,2154.0,3320.0,0.21300694,5.3,-21.357635513013122,-13.037124856176032,0.6104198588946124,8.32051065683709,"{""geodesic"":false,""type"":""Point"",""coordinates"":[12.382153297482454,52.15578115410156]}"
000000000000000007f9_0,2988.5,2211.5,1593.0,2096.0,2113.0,5158.0,0.41878697,6,-17.542115129034066,-10.680649533299842,0.6088575667607056,6.861465595734224,"{""geodesic"":false,""type"":""Point"",""coordinates"":[13.265646379414004,53.42986172156828]}"
00000000000000000840_0,3523.5,2789.0,1543.5,1794.5,1849.5,4153.0,0.38375676,17.9,-19.050349695657943,-12.468495410514095,0.6545021802595036,6.581854285143848,"{""geodesic"":false,""type"":""Point"",""coordinates"":[8.932712437991905,53.39725287675474]}"
00000000000000000916_0,3551.5,2656.0,1583.5,1840.0,2234.0,3954.0,0.27795735,15,-22.627662352686706,-15.004142208258958,0.6630884788007028,7.623520144427747,"{""geodesic"":false,""type"":""Point"",""coordinates"":[11.317020865101938,51.72297285021278]}"
000000000000000007f0_0,4049.0,3553.0,1693.0,1932.0,2102.0,3436.0,0.24088119,17.7,-21.070176474150422,-13.940436358812997,0.6616193450451436,7.129740115337425,"{""geodesic"":false,""type"":""Point"",""coordinates"":[11.96641298399194,53.332035187127666]}"
00000000000000000846_0,2752.5,2106.0,1636.0,1848.0,1735.5,4236.0,0.41873902,22.3,-20.61412575111719,-11.507679231894599,0.5582424096384945,9.10644651922259,"{""geodesic"":false,""type"":""Point"",""coordinates"":[9.472510092219323,53.50864397198556]}"
00000000000000000937_0,3246.5,2297.0,1546.0,1818.5,1938.0,3492.0,0.28618786,10.1,-20.985843751362804,-13.279981190045905,0.6328066361012297,7.7058625613168985,"{""geodesic"":false,""type"":""Point"",""coordinates"":[12.106190842200938,52.50262068530011]}"
000000000000000006d2_0,3090.0,2258.0,1449.5,1779.0,1659.0,4308.0,0.44394168,22.7,-19.82767737814362,-11.3194450851174,0.5708911270462275,8.50823229302622,"{""geodesic"":false,""type"":""Point"",""coordinates"":[12.393561901590772,47.909534637597]}"
000000000000000008af_0,2760.0,2456.0,1546.0,1726.0,1970.0,3500.0,0.2797075,14.3,-19.569019490135492,-11.808601149932933,0.6034334605208762,7.760418340202559,"{""geodesic"":false,""type"":""Point"",""coordinates"":[8.247567370793945,51.753246075287606]}"
000000000000000006a9_0,3322.0,2673.0,1614.0,2062.0,2282.0,4348.0,0.3116139,14.4,-18.500417480879577,-12.020493546138443,0.6497417454801644,6.479923934741134,"{""geodesic"":false,""type"":""Point"",""coordinates"":[9.397860092108992,47.95193511900744]}"
000000000000000006af_0,3014.0,2295.0,1432.0,1763.0,1778.0,4537.0,0.43689626,13.7,-18.145462489813653,-10.72182519976113,0.5908818915902561,7.423637290052524,"{""geodesic"":false,""type"":""Point"",""coordinates"":[9.664569899964079,48.09701303739274]}"
000000000000000006b1_0,3193.0,2455.0,1622.0,1982.0,2116.0,4143.0,0.32385364,13.2,-18.880602610645177,-11.20494909047007,0.5934635308807646,7.675653520175107,"{""geodesic"":false,""type"":""Point"",""coordinates"":[9.718738311596486,48.00718150898079]}"
000000000000000006f0_0,3540.5,2652.0,1798.0,2377.0,2550.0,4594.0,0.28611422,18.1,-18.285958404664953,-10.676630774068956,0.5838704506374262,7.609327630595997,"{""geodesic"":false,""type"":""Point"",""coordinates"":[11.685060637005705,49.128458646618775]}"
000000000000000006fb_0,3892.0,2864.0,1706.0,2072.0,2500.0,4336.0,0.2685781,13,-18.606206070343763,-12.144525974329053,0.6527137197349483,6.46168009601471,"{""geodesic"":false,""type"":""Point"",""coordinates"":[12.408473935307157,49.34917471192694]}"
0000000000000000070e_0,3552.0,2663.0,1457.0,1695.0,1747.0,3364.0,0.31637645,25.1,-19.511967382832278,-12.253487852550304,0.6279985822101983,7.258479530281974,"{""geodesic"":false,""type"":""Point"",""coordinates"":[10.80776593053458,49.102227840322485]}"
00000000000000000743_0,4874.0,4527.0,2106.0,2472.0,2914.0,4056.0,0.16384505,6.4,-24.300041750849175,-16.96346787443694,0.6980838983062301,7.336573876412235,"{""geodesic"":false,""type"":""Point"",""coordinates"":[12.066664969699678,52.91683386280762]}"
00000000000000000744_0,4088.0,3489.0,1727.0,2056.0,2208.0,3944.0,0.28218466,13.1,-20.795411378563877,-13.395481404956424,0.6441556341974857,7.399929973607453,"{""geodesic"":false,""type"":""Point"",""coordinates"":[12.145626883173785,53.311014609479265]}"
00000000000000000758_0,3284.0,2639.5,1481.5,1679.0,1658.0,3445.0,0.35018617,20.1,-20.080968862266573,-12.988103961528463,0.6467867188387479,7.09286490073811,"{""geodesic"":false,""type"":""Point"",""coordinates"":[12.674105764821299,52.635122189707744]}"
00000000000000000781_0,3418.0,2457.5,1488.5,1765.5,1668.0,3903.5,0.40123844,33.4,-19.875179410088705,-12.639472269569612,0.6359425496885717,7.235707140519093,"{""geodesic"":false,""type"":""Point"",""coordinates"":[13.902012926684273,51.467581814937596]}"
00000000000000000794_0,3867.0,2901.0,1692.0,2124.0,2176.0,4805.0,0.37659362,21.4,-17.319228517670457,-10.798285279169793,0.623485351449259,6.520943238500664,"{""geodesic"":false,""type"":""Point"",""coordinates"":[8.762930849293314,49.83579210133449]}"
000000000000000007f4_0,2897.5,2122.0,1488.5,1733.5,1662.0,4282.0,0.4407806,11.6,-19.623086656472687,-12.26082850444115,0.6248165092007535,7.362258152031536,"{""geodesic"":false,""type"":""Point"",""coordinates"":[12.52552441682793,53.64536755822856]}"
0000000000000000081c_0,3060.5,2457.0,1668.0,1949.5,2133.0,3975.0,0.3015717,13.1,-19.710325900703833,-13.71868650816166,0.6960152042778645,5.991639392542172,"{""geodesic"":false,""type"":""Point"",""coordinates"":[8.624500464010495,52.69306352553345]}"
00000000000000000826_0,3162.0,2654.5,1438.0,1664.0,1744.0,3757.5,0.3659911,9.4,-18.922759126877455,-12.612433852369334,0.6665219256770499,6.310325274508122,"{""geodesic"":false,""type"":""Point"",""coordinates"":[9.09584649358801,52.787476461894414]}"
00000000000000000878_0,3471.0,2646.0,1542.0,1752.0,1828.0,4044.0,0.3773842,37.9,-18.40856555681228,-11.625176162052677,0.631509072565986,6.783389394759604,"{""geodesic"":false,""type"":""Point"",""coordinates"":[7.952111473847034,53.15093482584917]}"
0000000000000000089a_0,3351.0,2361.5,1539.5,1783.0,1887.0,3774.5,0.3333922,17.3,-17.347021778370422,-8.50203063664662,0.4901147150946449,8.844991141723803,"{""geodesic"":false,""type"":""Point"",""coordinates"":[6.923630305058594,51.61813945655603]}"
000000000000000008a0_0,3109.5,2525.5,1768.5,1968.5,2201.0,4438.0,0.33694834,12.2,-18.129609572084775,-11.967059660387198,0.6600836941802423,6.162549911697576,"{""geodesic"":false,""type"":""Point"",""coordinates"":[7.321314481338306,51.735818758775686]}"
000000000000000008a7_0,3515.0,2754.0,1634.0,1939.0,2268.0,3735.0,0.2443778,12.2,-19.849727423253118,-12.31868179174699,0.6205970252929607,7.531045631506128,"{""geodesic"":false,""type"":""Point"",""coordinates"":[7.800206359302423,52.015464306722095]}"
000000000000000008ed_0,3385.0,2592.0,1584.0,2122.0,2112.0,4384.0,0.3497537,14.2,-16.782334753076242,-9.80542482526853,0.5842706017689924,6.9769099278077125,"{""geodesic"":false,""type"":""Point"",""coordinates"":[8.042481991429458,49.0880344588334]}"
000000000000000008ef_0,3761.0,3226.0,2056.0,2526.0,3186.0,5020.0,0.223495,15,-21.977037390568242,-12.312325003271633,0.5602358855045513,9.664712387296609,"{""geodesic"":false,""type"":""Point"",""coordinates"":[8.045536263395464,49.69978716731879]}"
00000000000000000911_0,3010.0,2340.0,1359.5,1538.5,1502.5,3004.0,0.3331854,23.2,-19.8904281697849,-11.519743452871534,0.57916015454966,8.370684716913367,"{""geodesic"":false,""type"":""Point"",""coordinates"":[11.222428265684153,51.43632044305024]}"
00000000000000000913_0,3736.0,3164.5,1532.0,1790.0,1870.0,3787.0,0.3388722,21.1,-18.24011389860116,-10.39801477846121,0.5700630399714027,7.842099120139949,"{""geodesic"":false,""type"":""Point"",""coordinates"":[11.235543668832298,51.921590359531606]}"
0000000000000000091a_0,3294.0,2603.0,1730.0,2040.0,2226.0,3900.0,0.27326152,11.1,-20.652627083959338,-14.782510697592642,0.715769022386215,5.870116386366696,"{""geodesic"":false,""type"":""Point"",""coordinates"":[11.393736990365745,52.33337808577199]}"
00000000000000000944_0,3818.0,3108.0,1472.0,1725.0,1840.0,3282.0,0.28153065,9.1,-17.730579747353666,-11.739068841484926,0.6620803723711861,5.99151090586874,"{""geodesic"":false,""type"":""Point"",""coordinates"":[12.886916655629213,51.82079938465339]}"
00000000000000000949_0,3530.0,2901.0,1604.0,1754.0,1880.0,3532.0,0.3052476,21.7,-18.850471401004313,-11.508889093393504,0.6105358772502811,7.341582307610809,"{""geodesic"":false,""type"":""Point"",""coordinates"":[9.058027420126576,54.53056743919993]}"
0000000000000000094e_0,3781.0,3255.0,1750.0,2170.0,2278.0,4124.0,0.2883474,11.4,-18.717798206201845,-10.219885731025606,0.545998285612429,8.49791247517624,"{""geodesic"":false,""type"":""Point"",""coordinates"":[9.310184520378927,54.2266673785823]}"
00000000000000000953_0,2890.0,2596.0,1355.0,1662.0,1500.0,3278.0,0.37212223,28.8,-18.96687436163085,-10.69797525665744,0.564034698215694,8.26889910497341,"{""geodesic"":false,""type"":""Point"",""coordinates"":[9.460203172826887,54.47909397341988]}"
00000000000000000957_0,3179.0,2429.0,1440.0,1842.0,1771.0,3878.0,0.37298638,17.8,-17.158567199156572,-9.32443922112423,0.5434276133255795,7.834127978032342,"{""geodesic"":false,""type"":""Point"",""coordinates"":[9.551202511108194,54.62318374499265]}"
00000000000000000959_0,3080.0,2317.0,1380.0,1630.0,1514.0,3604.0,0.40836263,24.7,-19.076263438929733,-12.473437865200765,0.6538721749745653,6.602825573728968,"{""geodesic"":false,""type"":""Point"",""coordinates"":[9.647412078037394,54.22810468303689]}"
0000000000000000095d_0,3427.0,2480.0,1550.0,1798.0,1944.0,4082.0,0.35479587,9.9,-19.93740719036687,-11.615198846242864,0.5825832183361819,8.322208344124006,"{""geodesic"":false,""type"":""Point"",""coordinates"":[9.73778259561982,54.479992288704004]}"
000000000000000006a7_0,3424.0,2476.0,1542.0,1888.0,1928.0,4700.0,0.4182257,18.7,-17.472291659343135,-11.927277756344779,0.682639575213752,5.545013902998356,"{""geodesic"":false,""type"":""Point"",""coordinates"":[9.339020440999164,48.365519475816065]}"
000000000000000008bf_0,3276.5,2569.0,1461.5,1720.5,1711.0,4295.0,0.43023643,15.6,-15.26163253740783,-8.948645578053684,0.5863491704520885,6.312986959354147,"{""geodesic"":false,""type"":""Point"",""coordinates"":[9.229246313279758,51.94359908399253]}"
00000000000000000971_0,3204.0,2510.5,1563.5,1792.5,2047.5,4146.0,0.33882296,19.2,-20.260178443070803,-12.171688055050566,0.6007690450136886,8.088490388020237,"{""geodesic"":false,""type"":""Point"",""coordinates"":[10.156936507189988,51.065136567652054]}"
0000000000000000074b_0,3623.0,3036.5,1466.0,1813.5,1808.0,4226.0,0.4007292,7.9,-18.462798093381835,-10.318428123668431,0.5588767245072765,8.144369969713404,"{""geodesic"":false,""type"":""Point"",""coordinates"":[12.36867856822066,53.00118566798645]}"
0000000000000000081b_0,2881.0,2095.0,1561.0,1780.0,1922.0,4431.0,0.39493152,39.6,-22.195928787780918,-13.603112821942387,0.6128652219064172,8.59281596583853,"{""geodesic"":false,""type"":""Point"",""coordinates"":[8.423277840367723,52.528761660067985]}"
0000000000000000091f_0,3351.0,2571.0,1603.0,1846.0,1840.0,4120.0,0.38255033,9,-16.616555430264132,-10.543133909446645,0.634495756578056,6.073421520817487,"{""geodesic"":false,""type"":""Point"",""coordinates"":[11.467848001305605,52.799873212815264]}"
000000000000000007aa_0,4060.5,3238.5,1948.0,2392.0,2725.0,4551.5,0.25101355,15.9,-19.993293935495036,-12.169111162163496,0.608659643649769,7.82418277333154,"{""geodesic"":false,""type"":""Point"",""coordinates"":[8.739754314963031,50.7167699004705]}"
000000000000000007ae_0,3305.0,2635.5,1545.0,1932.0,2200.0,4350.5,0.32829556,10.3,-19.035187019024576,-10.704902118609771,0.5623744126028726,8.330284900414805,"{""geodesic"":false,""type"":""Point"",""coordinates"":[8.933520921747611,50.91646538813027]}"
000000000000000007f5_0,3134.0,2312.0,1574.0,1852.0,1764.0,4520.0,0.43857417,15.4,-17.299504030441703,-10.664282634037622,0.6164501950617676,6.635221396404081,"{""geodesic"":false,""type"":""Point"",""coordinates"":[12.689736450764979,54.325212565250204]}"
00000000000000000819_0,3707.0,3179.0,1760.0,1980.0,2036.0,3620.0,0.28005657,16.2,-22.419795616225457,-14.425065028019969,0.6434075169525804,7.994730588205488,"{""geodesic"":false,""type"":""Point"",""coordinates"":[10.869480190553592,52.53603801386936]}"
0000000000000000085c_0,4037.5,3673.0,1644.0,1933.0,2097.0,3300.0,0.22290161,22.1,-19.6105623971929,-11.523097235564371,0.5875964698092399,8.08746516162853,"{""geodesic"":false,""type"":""Point"",""coordinates"":[7.211181027505253,52.57852832680821]}"
0000000000000000087a_0,3266.0,2567.0,1803.0,2018.0,2194.0,4123.0,0.3053665,25,-20.29738470460463,-13.82316113414614,0.6810316370960955,6.474223570458491,"{""geodesic"":false,""type"":""Point"",""coordinates"":[8.073653531788406,52.43380973453655]}"
000000000000000008b8_0,3131.0,2767.0,1725.0,1996.0,2128.0,4028.0,0.30864197,10.4,-20.816456563577415,-13.08044151933218,0.6283702261901312,7.736015044245235,"{""geodesic"":false,""type"":""Point"",""coordinates"":[8.995774170937095,51.97773506478907]}"
000000000000000008c4_0,3356.0,2930.0,1660.0,1939.0,2150.0,3164.0,0.19081672,20.4,-19.90607777483272,-12.767013916565702,0.6413626059829353,7.1390638582670185,"{""geodesic"":false,""type"":""Point"",""coordinates"":[7.917436503880021,51.37020443813904]}"
0000000000000000096a_0,3148.0,2688.0,1597.0,1792.0,1888.0,3898.0,0.34739026,20.1,-20.96532164743258,-14.544386708883383,0.693735443389417,6.420934938549198,"{""geodesic"":false,""type"":""Point"",""coordinates"":[10.779828325198464,54.118330555317485]}"
00000000000000000986_0,2797.5,2111.0,1695.0,2000.0,1997.0,4234.0,0.35901138,29.8,-17.316055884347044,-11.028121879313531,0.6368726200105689,6.287934005033513,"{""geodesic"":false,""type"":""Point"",""coordinates"":[11.596935907633581,50.62271629022319]}"
0000000000000000075a_0,2830.5,1996.5,1261.5,1443.0,1325.0,3455.0,0.4456067,14.7,-17.922579045300882,-12.566841669848163,0.7011737338741469,5.355737375452719,"{""geodesic"":false,""type"":""Point"",""coordinates"":[12.721446980294397,52.92177459687028]}"
0000000000000000077c_0,3679.5,2993.5,1806.0,2089.0,2266.0,3953.5,0.27132407,18,-18.460467299987496,-11.572882081264474,0.6269008196380984,6.8875852187230215,"{""geodesic"":false,""type"":""Point"",""coordinates"":[13.938574358747937,53.21193043364089]}"
00000000000000000786_0,3158.0,2351.0,1427.0,1655.0,1631.5,3595.5,0.37574133,12.2,-18.534449417088922,-12.606678051114855,0.680175481203741,5.927771365974067,"{""geodesic"":false,""type"":""Point"",""coordinates"":[14.09748633250868,52.99067537916225]}"
0000000000000000080d_0,3659.5,2724.0,1513.0,1749.0,1789.0,3954.5,0.3770349,29.9,-18.53732489548459,-12.480744691325398,0.6732764712110925,6.056580204159193,"{""geodesic"":false,""type"":""Point"",""coordinates"":[10.548871465651334,52.82556502994108]}"
00000000000000000844_0,3376.0,2510.0,1457.0,1731.0,1763.0,4626.5,0.44815713,252.2,-19.9668288462972,-13.712318492888961,0.686754947340167,6.254510353408239,"{""geodesic"":false,""type"":""Point"",""coordinates"":[9.412682294296964,53.47235203450713]}"
00000000000000000855_0,3800.0,3198.0,1750.0,2138.0,2160.0,3867.0,0.28322548,10.1,-20.74146448845965,-13.906644106648901,0.6704755160556009,6.834820381810747,"{""geodesic"":false,""type"":""Point"",""coordinates"":[10.935686026993201,52.87703849572113]}"
0000000000000000085a_0,3630.0,3076.0,1586.0,1776.5,1883.5,3052.0,0.23675413,20.2,-18.191829099236127,-8.330861610874244,0.4579452437371488,9.860967488361883,"{""geodesic"":false,""type"":""Point"",""coordinates"":[7.142549739798521,52.27121466811092]}"
00000000000000000898_0,2547.0,2064.5,1380.0,1539.0,1500.0,2677.0,0.2817812,18.9,-17.457101859747823,-10.527908178322853,0.6030730795354903,6.9291936814249695,"{""geodesic"":false,""type"":""Point"",""coordinates"":[6.854729522766626,51.778219240186125]}"
000000000000000008a3_0,3153.5,2352.5,1461.0,1763.0,1643.0,4102.0,0.42802438,14.9,-17.772828026997793,-11.327761113474363,0.6373640197422121,6.44506691352343,"{""geodesic"":false,""type"":""Point"",""coordinates"":[7.488940113355008,51.847389517063334]}"
000000000000000008ab_0,3273.0,2544.0,1764.0,1968.0,2038.0,3226.0,0.2256839,39.1,-20.097109017406577,-11.347422316006803,0.5646295845924175,8.749686701399774,"{""geodesic"":false,""type"":""Point"",""coordinates"":[7.986966106870871,51.749113824980654]}"
000000000000000006a0_0,3381.5,2442.5,1534.0,1857.0,1771.0,4198.0,0.40660077,49.9,-17.523032662959693,-11.59833231389629,0.6618906976309485,5.924700349063404,"{""geodesic"":false,""type"":""Point"",""coordinates"":[9.014189634261545,48.41708277312453]}"
000000000000000008d5_0,3140.0,2408.0,1462.0,1692.0,1734.0,3562.0,0.34516618,12.9,-17.590646257036052,-10.770614010660875,0.6122921155527618,6.8200322463751775,"{""geodesic"":false,""type"":""Point"",""coordinates"":[7.814938729961983,49.89346394257496]}"
0000000000000000246c_0,4057.0,2854.5,1456.0,1670.5,1705.0,4359.0,0.4376649,43.9,-20.196027753217024,-15.509280458366405,0.7679371729866995,4.686747294850619,"{""geodesic"":false,""type"":""Point"",""coordinates"":[7.927228140476923,51.15460876995036]}"
000000000000000008b0_0,3137.0,2310.0,1531.0,1822.0,1788.0,4595.0,0.43976188,82.8,-18.198655818066744,-11.034894673909651,0.6063576774145453,7.1637611441570925,"{""geodesic"":false,""type"":""Point"",""coordinates"":[8.350244807768807,52.11436881950365]}"
00000000000000000796_0,3096.0,2317.0,1467.0,1835.0,1816.0,3974.0,0.37271157,14.9,-18.92935136949571,-11.942444493499565,0.6308956001918051,6.986906875996144,"{""geodesic"":false,""type"":""Point"",""coordinates"":[8.818985723022372,49.818454616350984]}"
00000000000000000774_0,3859.0,2970.5,1583.5,1812.5,1884.5,3290.0,0.27162045,8.9,-23.28363096436646,-16.14961569947284,0.6936038337056794,7.13401526489362,"{""geodesic"":false,""type"":""Point"",""coordinates"":[13.637369243982661,52.12389096151532]}"
00000000000000000683_0,4965.5,4079.0,2283.0,2795.0,3574.0,4596.0,0.1250918,14.2,-20.22750082366276,-11.92340032939123,0.589464829755086,8.304100494271529,"{""geodesic"":false,""type"":""Point"",""coordinates"":[9.191067913704678,49.17418289458046]}"
00000000000000000685_0,5179.5,4020.5,2272.0,2736.0,3390.0,4480.0,0.13850063,20.2,-21.548413384932097,-13.070422663129623,0.6065607907944267,8.477990721802474,"{""geodesic"":false,""type"":""Point"",""coordinates"":[9.464245591605424,49.26572122203224]}"
00000000000000000686_0,3685.5,2679.5,1791.5,2120.0,2647.0,4672.0,0.27667713,15.9,-19.638502085823696,-12.739581112279541,0.6487043185170305,6.898920973544154,"{""geodesic"":false,""type"":""Point"",""coordinates"":[9.458855699900708,49.75135046462725]}"
0000000000000000068b_0,3652.0,2743.5,1862.0,2218.0,2666.0,3989.0,0.1987979,29.1,-19.830562264520893,-12.291193171793784,0.6198106240176615,7.539369092727108,"{""geodesic"":false,""type"":""Point"",""coordinates"":[9.931189876290752,49.33893391768798]}"
000000000000000006a3_0,3583.0,2720.5,1809.0,2243.0,2525.0,4753.0,0.30612805,25.7,-17.37400094231225,-11.612196246514497,0.6683662724015639,5.761804695797753,"{""geodesic"":false,""type"":""Point"",""coordinates"":[9.07707170414991,47.93172302511475]}"
000000000000000006a4_0,3120.0,2229.0,1561.0,1896.0,1916.0,4484.0,0.40125,60,-17.952709305501322,-11.601526122765492,0.6462270360056679,6.351183182735831,"{""geodesic"":false,""type"":""Point"",""coordinates"":[9.185767853528374,47.82455401171929]}"
000000000000000006c1_0,4448.0,3444.0,2305.0,2823.0,3208.0,5116.5,0.22926302,13,-20.543335771755217,-11.12658982828143,0.541615536634476,9.416745943473787,"{""geodesic"":false,""type"":""Point"",""coordinates"":[11.34801274240406,48.82716370032509]}"
000000000000000006ca_0,4564.0,3701.0,1886.5,2229.0,2781.0,4488.0,0.23483285,52.1,-19.360646874969266,-11.579351575265484,0.598087018995013,7.781295299703782,"{""geodesic"":false,""type"":""Point"",""coordinates"":[11.728449265228678,48.80389733446639]}"
000000000000000006e8_0,2823.0,2091.0,1668.0,2138.0,2036.0,4533.0,0.38011873,29.8,-19.46478035259102,-10.641432173473317,0.5467018882674831,8.823348179117703,"{""geodesic"":false,""type"":""Point"",""coordinates"":[13.10996834067609,48.68388241250803]}"
000000000000000006fe_0,3839.0,2858.0,1658.0,1927.0,2064.0,3800.0,0.29604366,14.4,-20.641520973290852,-13.61276803456555,0.6594847372041927,7.028752938725303,"{""geodesic"":false,""type"":""Point"",""coordinates"":[12.728543671038942,49.161875975188025]}"
00000000000000000703_0,3368.5,2763.5,1705.0,1895.0,2108.0,3023.0,0.17832781,20.3,-18.76379108774705,-12.211995537918652,0.6508277288321127,6.5517955498284,"{""geodesic"":false,""type"":""Point"",""coordinates"":[11.154515630204717,49.87262302798339]}"
00000000000000000712_0,4423.5,3474.5,2169.5,2747.0,3236.0,4439.5,0.1567976,16.3,-21.37737464922256,-13.332490649274675,0.6236729658363144,8.044883999947885,"{""geodesic"":false,""type"":""Point"",""coordinates"":[11.136728987579149,49.117319537095696]}"
00000000000000000754_0,3874.5,3047.0,1649.5,1951.0,2007.0,4314.0,0.3649739,9.5,-23.419996032614065,-13.4324622143152,0.5735467331253817,9.987533818298866,"{""geodesic"":false,""type"":""Point"",""coordinates"":[12.54205341805573,52.90776087843801]}"
0000000000000000075d_0,3154.0,2529.5,1563.0,1844.5,1807.5,4614.0,0.43704742,9.4,-22.87006167413429,-12.343331320992368,0.5397156989284597,10.526730353141923,"{""geodesic"":false,""type"":""Point"",""coordinates"":[12.785407028523707,52.52471924128945]}"
0000000000000000077f_0,3281.5,2552.0,1630.5,1922.0,1959.0,4044.0,0.34732634,11.7,-19.445903324409777,-11.642101647076252,0.5986917374243201,7.803801677333524,"{""geodesic"":false,""type"":""Point"",""coordinates"":[13.971991687317184,52.92294240673964]}"
00000000000000000792_0,2707.0,2076.0,1684.0,2052.0,2064.0,4458.0,0.3670653,24.5,-20.751887462461816,-12.641705196399048,0.6091833920777898,8.110182266062768,"{""geodesic"":false,""type"":""Point"",""coordinates"":[8.670134880443767,50.17652308860102]}"
00000000000000000797_0,3750.0,3048.0,1752.0,2096.0,2332.0,3879.0,0.24907422,16.7,-18.353064062127697,-12.592018233613139,0.6860989636927867,5.761045828514558,"{""geodesic"":false,""type"":""Point"",""coordinates"":[8.80371436319234,50.429758167194315]}"
00000000000000000799_0,2896.0,2259.0,1509.0,1844.0,1751.0,4267.0,0.4180791,14.2,-20.038039397287353,-12.382622992668857,0.6179558162933422,7.655416404618496,"{""geodesic"":false,""type"":""Point"",""coordinates"":[8.862194688188522,50.340375796424425]}"
000000000000000007a3_0,3022.0,2402.0,1551.0,1858.0,1982.0,3902.0,0.32630864,22,-21.027820961100353,-12.394170303544115,0.589417720764898,8.633650657556238,"{""geodesic"":false,""type"":""Point"",""coordinates"":[8.044009127412462,50.419247878370115]}"
000000000000000007ab_0,3099.0,2469.5,1601.0,1867.0,1970.0,3917.5,0.33078557,8.5,-21.461252927824166,-12.727302108606779,0.5930363036775936,8.733950819217387,"{""geodesic"":false,""type"":""Point"",""coordinates"":[8.735442401599256,50.87855648314043]}"
000000000000000007be_0,3672.5,3153.0,1682.0,2050.0,2645.0,4279.5,0.23604593,15.8,-21.21203353764128,-12.190475938918135,0.5746962410410031,9.021557598723144,"{""geodesic"":false,""type"":""Point"",""coordinates"":[8.731040656707071,51.040343065810355]}"
000000000000000007dc_0,2732.0,1904.5,1678.0,2214.0,2123.0,4889.5,0.3945098,11.3,-16.403661897610174,-10.697572768433183,0.6521454072393248,5.706089129176991,"{""geodesic"":false,""type"":""Point"",""coordinates"":[9.729877421119568,50.90308049039689]}"
000000000000000007de_0,3106.5,2763.5,1624.5,1889.0,1872.5,4256.0,0.3889206,13,-20.5216678982402,-12.658569144595369,0.6168391968608401,7.863098753644831,"{""geodesic"":false,""type"":""Point"",""coordinates"":[9.759611657023923,50.651462379315014]}"
000000000000000007f1_0,2782.0,2037.0,1484.0,1708.0,1750.0,3500.0,0.33333334,14.1,-21.347095528432057,-13.32205814531553,0.6240688869158789,8.025037383116526,"{""geodesic"":false,""type"":""Point"",""coordinates"":[12.105921347615702,53.72522778698678]}"
000000000000000007f7_0,2982.5,2232.5,1503.0,1849.5,1903.5,4745.5,0.4274327,14.4,-18.89723366180705,-9.671748744595705,0.5118076496108078,9.225484917211345,"{""geodesic"":false,""type"":""Point"",""coordinates"":[12.959770025171306,53.79745233582999]}"
00000000000000000802_0,3255.0,2367.0,1543.0,1858.0,1892.0,4528.0,0.4105919,18.9,-19.149897152480907,-11.600107156724228,0.6057529742514263,7.549789995756679,"{""geodesic"":false,""type"":""Point"",""coordinates"":[10.073213522710049,52.25163139491712]}"
00000000000000000833_0,4456.5,3319.5,1833.0,2265.0,2578.0,4832.5,0.30423048,12.1,-18.8694968880405,-9.923652561168227,0.5259097590173611,8.945844326872274,"{""geodesic"":false,""type"":""Point"",""coordinates"":[9.751436987938435,52.179496677602316]}"
00000000000000000834_0,2970.0,2072.0,1625.0,1838.0,2122.0,4065.0,0.31404558,15.9,-18.589202247510165,-12.017009066013626,0.6464510367906284,6.572193181496539,"{""geodesic"":false,""type"":""Point"",""coordinates"":[9.808390176951614,52.539092285835366]}"
00000000000000000847_0,3256.5,2517.5,1555.0,1849.5,1884.0,3832.5,0.34085542,12.8,-20.73305500876246,-13.066208955018134,0.6302114642292673,7.666846053744326,"{""geodesic"":false,""type"":""Point"",""coordinates"":[9.714156903647476,53.4374974014833]}"
0000000000000000084d_0,3187.0,2689.0,1472.0,1828.0,1864.0,3630.0,0.32144156,15.8,-21.59971849950878,-14.10308471533554,0.6529290979258027,7.496633784173239,"{""geodesic"":false,""type"":""Point"",""coordinates"":[10.398583318618138,52.61041851939445]}"
00000000000000000892_0,2480.0,2248.0,1498.0,1722.0,1792.0,3055.0,0.26057354,15.6,-21.34100724491466,-12.434751280985214,0.5826693716131082,8.906255963929446,"{""geodesic"":false,""type"":""Point"",""coordinates"":[6.710549919665444,50.96461508735908]}"
000000000000000008a4_0,3032.0,2677.0,1758.0,2030.0,2172.0,3774.0,0.26942483,14.6,-19.510702572554713,-12.228035013759182,0.6267347353733995,7.282667558795531,"{""geodesic"":false,""type"":""Point"",""coordinates"":[7.551822183243376,51.75881563004915]}"
000000000000000008a5_0,3545.5,3119.0,1748.5,1936.5,2081.0,3905.5,0.30476907,19.8,-20.315141030001897,-12.450283164424306,0.6128573336526398,7.864857865577591,"{""geodesic"":false,""type"":""Point"",""coordinates"":[7.650816527553347,52.08454475207088]}"
000000000000000008b7_0,3374.0,2555.0,1491.5,1718.5,1809.0,4254.0,0.4032657,12,-17.96029119418653,-12.464261392606009,0.6939899391297452,5.496029801580523,"{""geodesic"":false,""type"":""Point"",""coordinates"":[8.95831442358931,52.33697134690847]}"
000000000000000008b9_0,3464.0,2763.0,1683.0,1940.0,2104.0,3761.0,0.28252345,15.9,-19.937707064759888,-13.05782121031966,0.6549309390446155,6.879885854440229,"{""geodesic"":false,""type"":""Point"",""coordinates"":[9.02407110238686,52.01393717073909]}"
000000000000000008bc_0,3115.0,2327.0,1692.0,2182.0,2366.0,4698.0,0.3301246,11.3,-20.337607629660745,-12.40595008421952,0.6100004636792408,7.931657545441226,"{""geodesic"":false,""type"":""Point"",""coordinates"":[9.115339935253402,51.81693662893168]}"
000000000000000008eb_0,4465.0,3352.0,1613.5,1844.0,2057.0,3851.0,0.30365607,15.9,-19.816368690785293,-13.91226239184337,0.7020591213723552,5.904106298941922,"{""geodesic"":false,""type"":""Point"",""coordinates"":[7.774245047591369,49.568812798894164]}"
000000000000000008ee_0,3787.0,2931.0,1702.0,2048.0,2354.0,4232.0,0.28515032,19.5,-22.407634261759497,-14.505397302310714,0.647341755620556,7.902236959448784,"{""geodesic"":false,""type"":""Point"",""coordinates"":[8.01265792399669,49.82519198098188]}"
0000000000000000090d_0,4030.0,3548.0,1754.0,1984.0,2300.0,3844.0,0.2513021,12.6,-20.714486467036807,-11.511441348624992,0.5557193690002056,9.203045118411815,"{""geodesic"":false,""type"":""Point"",""coordinates"":[11.078877483281852,52.660185186134676]}"
00000000000000000923_0,4373.0,3974.0,1857.5,2253.0,2778.0,4027.0,0.1835415,16,-19.2652677349655,-13.045425978878205,0.6771474011337723,6.2198417560872965,"{""geodesic"":false,""type"":""Point"",""coordinates"":[11.50351111808515,51.23527748246429]}"
0000000000000000092a_0,3127.5,2357.0,1559.5,1852.5,2151.0,3975.5,0.29780462,20,-21.554929009854753,-12.920182625487435,0.5994073383206423,8.634746384367318,"{""geodesic"":false,""type"":""Point"",""coordinates"":[11.706081214654102,52.059571587172364]}"
00000000000000000935_0,3144.0,2312.0,1482.0,1750.0,1680.0,3766.0,0.38303342,17.4,-20.356202607543473,-12.775422659228562,0.6275936089619351,7.580779948314911,"{""geodesic"":false,""type"":""Point"",""coordinates"":[12.04232062550004,52.39590082954671]}"
00000000000000000948_0,3320.0,2846.5,1994.0,2455.0,2508.0,4156.0,0.24729893,16.2,-18.055830398074626,-10.402244030887038,0.57611551513002,7.653586367187588,"{""geodesic"":false,""type"":""Point"",""coordinates"":[8.870279525745596,54.61887183162888]}"
00000000000000000967_0,2654.0,2595.0,1440.0,1594.0,1614.0,3884.0,0.4128774,14.4,-19.035914311582985,-11.624083715788373,0.6106396323036264,7.411830595794612,"{""geodesic"":false,""type"":""Point"",""coordinates"":[10.383940779486991,54.29988007423804]}"
00000000000000000975_0,4892.0,4745.5,2160.0,2674.0,3323.0,4119.5,0.10702049,17,-24.472705712450566,-15.00117440701763,0.6129757201054289,9.471531305432936,"{""geodesic"":false,""type"":""Point"",""coordinates"":[10.472604498029588,51.24408097224866]}"
00000000000000000976_0,3331.5,2632.0,1664.5,1990.5,2179.0,3289.5,0.20307215,23.4,-18.94505968191406,-11.898524949996474,0.6280542341788148,7.0465347319175855,"{""geodesic"":false,""type"":""Point"",""coordinates"":[10.527581393417702,51.04609228362872]}"
00000000000000000979_0,4513.0,3421.0,1870.0,2160.0,2378.0,4222.0,0.27939394,17.7,-21.984867059539262,-14.181477540766977,0.6450563245327251,7.803389518772285,"{""geodesic"":false,""type"":""Point"",""coordinates"":[10.757819600737536,51.17059878200769]}"
00000000000000000980_0,4364.5,3867.5,1887.0,2178.0,2543.0,3379.0,0.14116852,21.8,-22.336935202322973,-13.054725179896247,0.5844456753645682,9.282210022426726,"{""geodesic"":false,""type"":""Point"",""coordinates"":[11.27246442700961,51.16610720558709]}"
00000000000000000989_0,4347.0,3866.5,1964.0,2326.0,2874.0,3545.5,0.104603164,21,-23.069928848565795,-12.985266884833836,0.5628654934339383,10.084661963731959,"{""geodesic"":false,""type"":""Point"",""coordinates"":[11.697277724869732,51.05282964825962]}"
000000000000000023a2_0,3219.0,2424.0,1645.0,2062.0,2186.0,4472.0,0.34334636,21.6,-19.6429839638161,-12.744329567158452,0.6487980436492997,6.898654396657648,"{""geodesic"":false,""type"":""Point"",""coordinates"":[7.090716947904825,49.8952605731432]}"
000000000000000026b6_0,2900.0,2137.0,1504.0,1722.0,1709.0,4256.0,0.42699078,9.2,-19.339213480177538,-12.997128719044909,0.6720608742628965,6.342084761132629,"{""geodesic"":false,""type"":""Point"",""coordinates"":[11.553008290240136,52.690907568851564]}"
000000000000000008e5_0,3098.0,2282.0,1563.0,1979.0,2146.0,4152.0,0.3185138,17.3,-20.035138972186534,-12.46221430188029,0.6220178616769647,7.572924670306245,"{""geodesic"":false,""type"":""Point"",""coordinates"":[6.77756423986076,49.99479390662364]}"
000000000000000006c8_0,2976.0,2165.5,1396.5,1641.0,1683.0,4376.5,0.4445086,43.8,-17.819449681776266,-10.609615900455074,0.5953952613534075,7.209833781321192,"{""geodesic"":false,""type"":""Point"",""coordinates"":[11.67284354914168,48.76877320685732]}"
000000000000000006f1_0,3530.0,2723.0,1731.0,2052.0,2330.0,4388.0,0.30634117,20.8,-20.84202032673694,-12.382593029412396,0.5941167331809735,8.459427297324543,"{""geodesic"":false,""type"":""Point"",""coordinates"":[11.738600227939228,49.09162771996988]}"
000000000000000006f3_0,3312.0,2669.0,1539.0,1845.0,1828.0,4100.0,0.38326585,10.5,-19.976381357484502,-11.021914027577454,0.5517472774641389,8.954467329907049,"{""geodesic"":false,""type"":""Point"",""coordinates"":[11.845679409806277,49.755572546462616]}"
000000000000000006fa_0,3874.0,3006.0,1712.0,2164.0,2326.0,3814.0,0.24234527,10.3,-19.50674821948138,-12.715944762200948,0.6518741421751443,6.7908034572804326,"{""geodesic"":false,""type"":""Point"",""coordinates"":[12.398772130238665,49.15145551789224]}"
00000000000000000704_0,4399.0,3762.5,2198.0,2597.0,3127.0,3880.0,0.10746396,40.9,-17.021523788280533,-8.823621574966005,0.5183802393203566,8.197902213314528,"{""geodesic"":false,""type"":""Point"",""coordinates"":[11.15972585885261,50.0883983592289]}"
00000000000000000715_0,2792.5,1951.0,1834.5,2393.0,2445.0,5276.5,0.36670336,15.6,-17.662638086325373,-10.511552048159956,0.5951292211721264,7.151086038165417,"{""geodesic"":false,""type"":""Point"",""coordinates"":[9.26571791381501,49.67831743202834]}"
00000000000000000738_0,3625.0,2965.0,1996.0,2306.0,2800.0,4273.0,0.20825675,15.9,-20.89860717746608,-13.319816221194408,0.637354255625059,7.578790956271671,"{""geodesic"":false,""type"":""Point"",""coordinates"":[10.884482055798388,48.79581249690932]}"
000000000000000007e9_0,3362.5,2510.0,1827.0,2290.0,2656.0,4910.0,0.2979117,17.3,-18.277432211789392,-11.517107619194405,0.6301272238758784,6.760324592594987,"{""geodesic"":false,""type"":""Point"",""coordinates"":[9.957061356473394,51.209046676168]}"
00000000000000000822_0,3179.0,2572.0,1686.0,1926.0,1970.0,4124.0,0.35346243,12.7,-19.784588000848252,-13.579924433472538,0.6863890434761799,6.2046635673757145,"{""geodesic"":false,""type"":""Point"",""coordinates"":[8.91268000715604,53.00163482562851]}"
00000000000000000880_0,4640.5,4340.5,2040.0,2310.0,2673.0,4210.0,0.2233038,18.3,-22.9455584474275,-11.835756686672458,0.5158190729500158,11.109801760755044,"{""geodesic"":false,""type"":""Point"",""coordinates"":[8.177139452518974,52.776966173070214]}"
000000000000000008d2_0,2964.0,2292.0,1386.0,1660.0,1623.0,3886.0,0.41078237,15.2,-21.064783240152515,-13.403117546552776,0.6362808196860293,7.661665693599739,"{""geodesic"":false,""type"":""Point"",""coordinates"":[7.64039607025756,50.60960088707505]}"
000000000000000008de_0,3410.5,2559.5,1528.0,1819.0,1971.5,3534.0,0.2838071,17.3,-18.886309425871055,-12.08074649947618,0.639656283663742,6.805562926394874,"{""geodesic"":false,""type"":""Point"",""coordinates"":[6.561160087916367,49.89840467663762]}"
00000000000000000933_0,4288.0,3667.0,1766.0,2018.0,2152.0,3544.0,0.24438202,11.7,-22.9632952520886,-14.26236069903208,0.6210938170006268,8.70093455305652,"{""geodesic"":false,""type"":""Point"",""coordinates"":[11.958238314906453,51.82196719452275]}"
00000000000000000972_0,3054.0,2410.0,1655.5,1960.5,2239.0,4112.5,0.29496968,27.9,-19.726744872167274,-12.359258285547796,0.6265229446438291,7.367486586619478,"{""geodesic"":false,""type"":""Point"",""coordinates"":[10.329413041740935,51.24453012989072]}"
00000000000000000974_0,2935.5,2321.0,1683.0,2016.0,2239.0,4076.0,0.2908947,17.4,-21.302715602726185,-12.915126625807309,0.6062666782330096,8.387588976918876,"{""geodesic"":false,""type"":""Point"",""coordinates"":[10.41610046665847,51.33418199524585]}"
00000000000000000987_0,3982.5,3432.0,1991.5,2344.0,2741.0,3270.5,0.08808118,20.7,-21.22542201548773,-11.724614442885406,0.5523854571339127,9.500807572602325,"{""geodesic"":false,""type"":""Point"",""coordinates"":[11.654697580402466,50.65784041783226]}"
0000000000000000098c_0,3339.0,2262.0,1636.0,1847.0,1720.0,4405.0,0.43836734,16.1,-18.355482514419453,-12.786583076166792,0.6966083875006871,5.568899438252661,"{""geodesic"":false,""type"":""Point"",""coordinates"":[12.004681215095431,50.90406863720942]}"
000000000000000006c7_0,3316.0,2621.0,1866.0,2054.0,2172.0,4316.0,0.33045623,10.4,-22.334485720511957,-12.222244840691125,0.5472364572722727,10.112240879820831,"{""geodesic"":false,""type"":""Point"",""coordinates"":[11.64382796546462,48.71523361592379]}"
00000000000000000714_0,3154.0,2259.5,1669.0,1950.0,1908.5,4367.5,0.39181006,8.8,-17.00120022943977,-10.683343773922408,0.6283876214470329,6.317856455517363,"{""geodesic"":false,""type"":""Point"",""coordinates"":[9.148577600765824,50.03719438803408]}"
0000000000000000075e_0,3938.0,3412.0,1721.5,2049.0,2244.0,4332.0,0.31751823,9.5,-21.9566218174881,-14.236511978262385,0.6483926396602245,7.720109839225714,"{""geodesic"":false,""type"":""Point"",""coordinates"":[12.801397040581035,52.776067857786096]}"
00000000000000000761_0,3137.0,2915.0,1571.5,1876.0,1861.0,3275.5,0.27538207,28.3,-20.792844813369058,-13.850205975021728,0.6661044267553298,6.94263883834733,"{""geodesic"":false,""type"":""Point"",""coordinates"":[12.822866775871491,52.649674897310476]}"
00000000000000000779_0,3384.0,2610.0,1433.5,1649.0,1647.0,3749.5,0.38960436,10.7,-21.010661101467672,-12.704381509685412,0.604663577615745,8.30627959178226,"{""geodesic"":false,""type"":""Point"",""coordinates"":[13.869134587285497,53.10628855622843]}"
0000000000000000084f_0,3037.0,2518.0,1686.0,1954.0,2150.0,4332.0,0.3366245,9.5,-21.077081978121008,-13.788567759884867,0.6541971879313295,7.288514218236141,"{""geodesic"":false,""type"":""Point"",""coordinates"":[10.401008769885262,52.880002936158725]}"
00000000000000000857_0,3293.0,2686.0,1386.0,1547.0,1676.0,3684.0,0.37462687,9.6,-19.735704821364838,-12.06303351856855,0.6112289187417185,7.672671302796287,"{""geodesic"":false,""type"":""Point"",""coordinates"":[11.32402772431807,52.945310457314214]}"
0000000000000000092c_0,3523.0,2927.0,1600.0,1848.0,1914.0,3644.0,0.31126305,17.1,-20.348475581798407,-12.672415816433766,0.6227697876183496,7.676059765364641,"{""geodesic"":false,""type"":""Point"",""coordinates"":[11.847925198016576,52.66871918133381]}"
0000000000000000093d_0,4230.0,3444.0,1641.5,1857.0,2058.0,3763.5,0.29296574,8.2,-24.117639163898343,-14.560984369241137,0.603748330020521,9.556654794657206,"{""geodesic"":false,""type"":""Point"",""coordinates"":[12.280014849678064,52.44548783323011]}"
000000000000000006c5_0,3011.0,2347.0,1564.0,1819.0,2050.0,3880.0,0.30860034,14.9,-19.113089232660407,-11.400564997602437,0.5964794523180049,7.71252423505797,"{""geodesic"":false,""type"":""Point"",""coordinates"":[11.608614006327134,48.463795167898745]}"
000000000000000008ad_0,3652.0,3152.0,1614.0,1804.0,1884.0,3338.0,0.27843738,13.2,-20.54633639404946,-12.209629071744816,0.5942484751335481,8.336707322304646,"{""geodesic"":false,""type"":""Point"",""coordinates"":[8.064580547418798,51.966146797623935]}"
0000000000000000068a_0,3491.5,2642.0,1613.5,1935.0,1888.5,4959.5,0.44845212,16.3,-17.630368900047728,-10.896368625749659,0.618045412862584,6.734000274298069,"{""geodesic"":false,""type"":""Point"",""coordinates"":[9.76679817929688,49.19484414611521]}"
0000000000000000068d_0,2658.0,1963.0,1338.0,1538.0,1530.5,3821.0,0.42801085,19.1,-20.11489273271887,-12.601488324403666,0.6264755418708295,7.513404408315205,"{""geodesic"":false,""type"":""Point"",""coordinates"":[8.632675133095983,49.52856827416561]}"
000000000000000006ab_0,2941.0,2057.0,1466.0,1870.0,1819.0,4312.0,0.40662208,34.5,-19.454931909080912,-12.991420693494923,0.6677700417666824,6.463511215585989,"{""geodesic"":false,""type"":""Point"",""coordinates"":[9.527666650664262,48.38447392831099]}"
000000000000000006b9_0,3206.0,2384.5,1581.0,1793.0,2041.0,4486.0,0.37459782,17.7,-19.845814007472583,-12.939020405872677,0.6519773087161213,6.906793601599906,"{""geodesic"":false,""type"":""Point"",""coordinates"":[9.959666470797341,48.169507080821184]}"
000000000000000006d5_0,3286.0,2558.0,1664.0,2002.0,2158.0,3630.0,0.25431928,22.5,-18.108049940510345,-10.810593676496751,0.59700485209685,7.297456264013594,"{""geodesic"":false,""type"":""Point"",""coordinates"":[12.101789097308751,48.61749691301159]}"
000000000000000006d6_0,2705.0,2018.5,1490.0,1765.0,1770.5,4047.5,0.3913716,13.1,-19.32096617582741,-12.43312740325269,0.6435044339970875,6.887838772574721,"{""geodesic"":false,""type"":""Point"",""coordinates"":[12.242195776216633,48.7227794643104]}"
000000000000000006e6_0,3771.5,3046.5,1873.5,2203.0,2626.0,3731.0,0.17382413,23,-17.81556885965809,-10.204846369668337,0.5728049690726622,7.610722489989753,"{""geodesic"":false,""type"":""Point"",""coordinates"":[13.061908472975697,48.34315142524149]}"
000000000000000006f5_0,4084.5,3488.5,1983.0,2427.0,2853.0,3925.0,0.15815875,10.8,-21.33636351133679,-12.969588885243919,0.6078631383624816,8.36677462609287,"{""geodesic"":false,""type"":""Point"",""coordinates"":[12.1592812754924,49.318272666153234]}"
000000000000000006f9_0,3016.0,2183.0,1484.0,1832.0,1870.0,4708.0,0.43143812,46.1,-18.340394484873844,-11.559256594472501,0.6302621573383247,6.781137890401343,"{""geodesic"":false,""type"":""Point"",""coordinates"":[12.390956787266825,48.9895791036939]}"
0000000000000000070f_0,3320.0,2483.0,1470.0,1744.0,1968.0,3111.0,0.2250443,17.7,-18.403081597712884,-10.552885387479492,0.5734303427090708,7.850196210233392,"{""geodesic"":false,""type"":""Point"",""coordinates"":[10.887356664707571,48.95768891110765]}"
0000000000000000072b_0,3321.0,2566.0,1465.0,1776.0,1712.0,3716.0,0.36919674,24.6,-15.952806896144162,-9.43823106879487,0.5916345086002462,6.514575827349292,"{""geodesic"":false,""type"":""Point"",""coordinates"":[10.551296916918458,48.2041820507882]}"
00000000000000000742_0,2915.5,2132.5,1411.5,1741.0,1684.5,3616.0,0.36439958,8.2,-16.741850051084782,-8.132258444734916,0.48574431260110285,8.609591606349866,"{""geodesic"":false,""type"":""Point"",""coordinates"":[11.897691864756796,53.1353939714339]}"
00000000000000000746_0,4219.0,3951.0,1836.0,2132.0,2520.0,3596.0,0.17593198,7,-19.613433032297113,-10.74636020805399,0.547908170403322,8.867072824243124,"{""geodesic"":false,""type"":""Point"",""coordinates"":[12.266180794302624,52.17608307952266]}"
0000000000000000074d_0,3673.0,2991.0,1667.0,1908.5,1967.0,4247.5,0.36696437,8.7,-20.527011830086032,-12.021689123264569,0.5856521749378357,8.505322706821463,"{""geodesic"":false,""type"":""Point"",""coordinates"":[12.403443369716086,53.09038837569951]}"
0000000000000000074f_0,3685.5,3038.5,1606.0,1873.5,2070.0,4123.5,0.33155727,9.5,-19.841269610626533,-13.026000336337749,0.6565104245829773,6.815269274288784,"{""geodesic"":false,""type"":""Point"",""coordinates"":[12.4403641278934,53.21552369477736]}"
00000000000000000775_0,4310.0,3553.0,1859.0,2185.0,2389.0,4076.0,0.26094353,13.8,-18.93061515091717,-11.56071636176263,0.6106888904348428,7.36989878915454,"{""geodesic"":false,""type"":""Point"",""coordinates"":[13.735465273008513,53.29035335794452]}"
0000000000000000079d_0,3586.0,2700.5,1807.0,2247.0,2846.0,4645.5,0.24020557,17.2,-18.96793428632851,-11.211705821326987,0.5910873399328482,7.756228465001524,"{""geodesic"":false,""type"":""Point"",""coordinates"":[9.057757925541342,50.396161175568245]}"
000000000000000007fa_0,3535.5,2821.5,1646.5,1884.0,1969.5,4096.0,0.3505894,10.5,-20.21664756269888,-13.283930628947418,0.6570788053632192,6.932716933751463,"{""geodesic"":false,""type"":""Point"",""coordinates"":[14.143839401169247,53.475046980359494]}"
0000000000000000082c_0,2895.0,2104.0,1471.0,1756.0,1612.0,3336.0,0.3484236,20.6,-21.95573639781695,-14.215960643100123,0.6474827528223381,7.739775754716826,"{""geodesic"":false,""type"":""Point"",""coordinates"":[9.33515768527745,52.64518332088988]}"
00000000000000000839_0,3395.0,2747.5,1813.5,2128.0,2066.0,4662.0,0.3858502,19.2,-18.24095844035395,-11.16036970829661,0.6118302250832853,7.08058873205734,"{""geodesic"":false,""type"":""Point"",""coordinates"":[8.530896011405241,53.716603960259235]}"
0000000000000000083d_0,2996.0,2558.0,1679.0,1890.5,2047.0,3958.0,0.3182348,12.4,-19.139469193641116,-11.251519426256362,0.5878699828307965,7.887949767384754,"{""geodesic"":false,""type"":""Point"",""coordinates"":[8.785478562924714,53.28801773820581]}"
00000000000000000842_0,3384.0,2787.0,1608.0,1890.0,1993.0,4001.0,0.33500168,10.8,-19.96566808618998,-12.431938244996893,0.6226657776403646,7.533729841193086,"{""geodesic"":false,""type"":""Point"",""coordinates"":[9.267694207440073,53.14806021693999]}"
00000000000000000845_0,3275.0,2359.0,1516.0,1772.0,1714.0,4276.0,0.42771286,25.3,-19.73995628119506,-12.590394057649206,0.6378126617049925,7.149562223545853,"{""geodesic"":false,""type"":""Point"",""coordinates"":[9.478888130736573,52.987441444139414]}"
00000000000000000858_0,3344.0,2818.0,1372.5,1502.5,1476.0,3449.0,0.40060914,15.6,-18.1935549862864,-12.33871937289015,0.6781917762741037,5.854835613396251,"{""geodesic"":false,""type"":""Point"",""coordinates"":[6.856166827221218,52.58769114270623]}"
00000000000000000868_0,3073.0,2467.0,1692.0,1846.0,2212.0,3856.0,0.27092946,17.7,-18.384019766736895,-9.871992519388282,0.5369877015281588,8.512027247348612,"{""geodesic"":false,""type"":""Point"",""coordinates"":[7.6523436635363495,53.16342140829843]}"
0000000000000000086c_0,3124.0,2709.0,1618.0,1844.0,1902.0,4116.0,0.36789632,21.2,-21.179082135786743,-11.693399783203256,0.5521202339285833,9.485682352583487,"{""geodesic"":false,""type"":""Point"",""coordinates"":[7.77613150968802,52.50055456014663]}"
0000000000000000086e_0,3699.5,2829.5,1645.0,1967.5,2191.0,4564.0,0.35129532,17.9,-21.51301938890146,-13.042292431025658,0.6062511354289096,8.4707269578758,"{""geodesic"":false,""type"":""Point"",""coordinates"":[7.818082833456401,52.84290251492459]}"
00000000000000000872_0,3105.0,2579.5,1318.0,1467.0,1393.5,3273.0,0.40276438,20.9,-17.08144705219856,-10.419765248895375,0.6100048325562818,6.661681803303184,"{""geodesic"":false,""type"":""Point"",""coordinates"":[7.861561293207786,53.167284164020145]}"
00000000000000000876_0,3128.5,2454.5,1476.0,1691.5,1663.0,4302.0,0.44241408,26.9,-18.04278483254262,-10.356203474918136,0.573980323494149,7.686581357624483,"{""geodesic"":false,""type"":""Point"",""coordinates"":[7.9195924605619075,53.20429475372587]}"
0000000000000000087d_0,3154.0,2708.0,1686.0,1822.0,2048.0,3586.0,0.27298546,12.6,-21.528127587038732,-13.157695332786854,0.611186239007084,8.370432254251877,"{""geodesic"":false,""type"":""Point"",""coordinates"":[8.175881811121206,52.09379739949732]}"
0000000000000000087e_0,3227.5,2453.0,1567.0,1948.5,1790.0,4390.5,0.42075884,10.9,-19.74028391967514,-12.268111923256257,0.6214759611957066,7.472171996418883,"{""geodesic"":false,""type"":""Point"",""coordinates"":[8.166269837581128,52.327359373368395]}"
00000000000000000881_0,3182.0,2217.0,1502.0,1858.0,1598.0,4175.0,0.44638836,13.7,-20.513810097939267,-14.033006788525048,0.6840760795545605,6.480803309414219,"{""geodesic"":false,""type"":""Point"",""coordinates"":[8.228523086770611,52.23842616024056]}"
00000000000000000884_0,2788.0,2388.0,1449.0,1598.0,1608.0,3358.0,0.3523963,33.2,-20.88828340091417,-12.12803518342601,0.5806142587521208,8.76024821748816,"{""geodesic"":false,""type"":""Point"",""coordinates"":[8.313503712648318,53.08463915788115]}"
00000000000000000890_0,3467.0,2634.0,1488.0,1758.0,1885.0,4403.0,0.40044528,14.6,-16.549444113862084,-9.82197484672378,0.593492734810152,6.727469267138304,"{""geodesic"":false,""type"":""Point"",""coordinates"":[6.177669293125743,50.85825455771933]}"
00000000000000000897_0,3339.5,2684.0,1462.5,1684.0,1862.0,3351.5,0.2857006,16.9,-20.057836964738534,-11.270913396413887,0.5619206804915222,8.786923568324648,"{""geodesic"":false,""type"":""Point"",""coordinates"":[6.774959125536813,52.08184980621853]}"
0000000000000000089b_0,3660.0,2897.5,1522.0,1746.0,1790.5,3522.0,0.3259294,14.5,-23.151944178885763,-15.305170334814088,0.6610749497561497,7.846773844071675,"{""geodesic"":false,""type"":""Point"",""coordinates"":[6.890392639546172,52.102960215395335]}"
000000000000000008ae_0,2960.0,2092.0,1504.0,1816.0,1780.0,4439.0,0.4275607,11,-15.62189420268945,-8.266557836341471,0.5291648841737968,7.355336366347979,"{""geodesic"":false,""type"":""Point"",""coordinates"":[8.131055878443643,51.769415750401755]}"
000000000000000008c8_0,2873.5,2237.0,1521.0,1781.0,1819.5,4070.0,0.38212073,20.3,-19.510645624712218,-10.707284924838303,0.5487919329166862,8.803360699873915,"{""geodesic"":false,""type"":""Point"",""coordinates"":[8.210197454974573,51.23123506368575]}"
000000000000000008cb_0,3083.0,2357.0,1472.0,1772.0,1805.0,4015.0,0.3797251,22.7,-18.185244404687033,-9.724871782039765,0.5347671752782873,8.460372622647268,"{""geodesic"":false,""type"":""Point"",""coordinates"":[8.423188008839311,51.70177260950756]}"
000000000000000008e3_0,3104.0,2512.0,1483.0,1794.0,1834.0,4040.0,0.37555328,19.3,-20.2027691077336,-11.149382266403178,0.5518739637595128,9.053386841330424,"{""geodesic"":false,""type"":""Point"",""coordinates"":[6.752141917320177,49.95805281150315]}"
000000000000000008f1_0,3418.0,2672.0,1608.0,1916.0,1917.0,4615.0,0.41304347,9.3,-18.466270395099325,-11.675779140843222,0.6322759762004677,6.790491254256104,"{""geodesic"":false,""type"":""Point"",""coordinates"":[8.287542400937264,49.128009488976716]}"
000000000000000008f4_0,3158.0,2298.5,1505.0,1757.0,1707.0,4268.5,0.42866707,13.3,-17.151631412064756,-10.800130464072794,0.6296853170757736,6.351500947991962,"{""geodesic"":false,""type"":""Point"",""coordinates"":[8.444478081072944,49.36417657717174]}"
00000000000000000919_0,3392.5,2442.5,1729.0,2104.0,2414.0,4586.0,0.31028572,19.7,-18.975600739651725,-11.573471451311912,0.6099133097339995,7.402129288339813,"{""geodesic"":false,""type"":""Point"",""coordinates"":[11.38475383752455,52.04582736332534]}"
00000000000000000927_0,2823.5,2181.5,1443.5,1584.5,1610.5,3279.5,0.3413088,20.4,-20.19232429215055,-12.088424450907514,0.5986643377952632,8.103899841243035,"{""geodesic"":false,""type"":""Point"",""coordinates"":[11.622448061702574,51.359604317786435]}"
00000000000000000939_0,4592.0,4378.0,1860.0,2182.0,2608.0,3678.0,0.17021954,9.4,-20.90989229286987,-13.048659900180812,0.6240424253467014,7.8612323926890575,"{""geodesic"":false,""type"":""Point"",""coordinates"":[12.169791564316599,51.998036990210174]}"
0000000000000000093a_0,3731.0,3480.0,1881.0,2106.0,2496.0,3540.0,0.17296223,11.3,-21.08106964333289,-12.833994497646895,0.608792376989551,8.247075145685994,"{""geodesic"":false,""type"":""Point"",""coordinates"":[12.171588194884839,52.03396960157496]}"
0000000000000000094b_0,3552.0,3107.0,1728.0,1844.0,2020.0,3842.0,0.31081542,18.8,-17.49540335872679,-10.772182132774414,0.6157149916410015,6.723221225952376,"{""geodesic"":false,""type"":""Point"",""coordinates"":[9.18334240226125,54.4416342260721]}"
0000000000000000094c_0,3327.0,2885.0,1486.0,1608.0,1836.0,3154.0,0.26412827,29.7,-18.843382039276957,-10.591955540634766,0.5621048025538621,8.251426498642191,"{""geodesic"":false,""type"":""Point"",""coordinates"":[9.24128373808696,54.639712746220454]}"
00000000000000000961_0,3437.0,2340.0,1512.0,1794.0,1772.0,4200.0,0.40656397,6.9,-17.82226698365345,-10.971672208241445,0.6156159717674886,6.850594775412004,"{""geodesic"":false,""type"":""Point"",""coordinates"":[9.923374533318912,54.22864367220736]}"
00000000000000000965_0,3300.0,2768.0,1548.0,1831.0,2056.0,3474.0,0.25641954,11.7,-18.880292667306833,-10.351852533992428,0.54828877477719,8.528440133314405,"{""geodesic"":false,""type"":""Point"",""coordinates"":[10.199336988600429,54.228464009150535]}"
0000000000000000068f_0,4106.0,3245.0,1987.0,2554.0,2620.0,5609.0,0.3632276,9.1,-18.092176320880114,-8.759167167936354,0.48414115651898837,9.33300915294376,"{""geodesic"":false,""type"":""Point"",""coordinates"":[8.96981285922604,49.26230762395259]}"
000000000000000006ac_0,3387.0,2676.0,1564.0,1850.0,1866.0,3766.0,0.33735797,46.6,-18.91193285450857,-11.72250248540738,0.6198468752818544,7.18943036910119,"{""geodesic"":false,""type"":""Point"",""coordinates"":[9.607976037064548,48.474754614365]}"
00000000000000000745_0,3287.0,2670.0,1404.0,1639.0,1623.0,3772.0,0.3983318,10.8,-20.982793002538802,-13.1661757530931,0.6274748910452514,7.816617249445702,"{""geodesic"":false,""type"":""Point"",""coordinates"":[12.166557629293768,53.1309023950133]}"
0000000000000000076d_0,3959.0,3457.5,1725.5,1920.0,2156.0,3838.5,0.28067395,10.4,-20.39429243458123,-12.558845360491686,0.6158019652202542,7.835447074089545,"{""geodesic"":false,""type"":""Point"",""coordinates"":[13.288643250687464,52.943603658274384]}"
000000000000000008e7_0,3059.0,2270.5,1639.0,2021.0,1957.0,3915.0,0.33344686,13.6,-20.594874554378286,-13.112506851247947,0.6366878718598625,7.48236770313034,"{""geodesic"":false,""type"":""Point"",""coordinates"":[6.907640293001267,50.14229727627607]}"
00000000000000000963_0,3079.0,2329.0,1454.0,1610.0,1498.0,3888.0,0.44374305,12.6,-18.396699094424797,-10.330069771671905,0.5615175700081152,8.066629322752892,"{""geodesic"":false,""type"":""Point"",""coordinates"":[10.076627120789702,54.19262122931416]}"
0000000000000000079b_0,3063.0,2371.0,1410.0,1696.0,1744.0,4248.0,0.41789052,15.7,-19.516027189041452,-11.4333275262255,0.5858429800018669,8.082699662815951,"{""geodesic"":false,""type"":""Point"",""coordinates"":[8.918339393445992,50.3409147855949]}"
000000000000000006d8_0,3518.0,3124.0,1824.0,2084.0,2430.0,4376.0,0.2859242,8.1,-19.361000177954,-11.875754821719081,0.6133853991304528,7.48524535623492,"{""geodesic"":false,""type"":""Point"",""coordinates"":[12.440184464836575,48.8806134597302]}"
00000000000000000719_0,2978.0,2247.0,1502.5,1747.5,1839.0,3569.0,0.31989646,30.9,-17.88588370470667,-9.854396288194645,0.5509594298436291,8.031487416512027,"{""geodesic"":false,""type"":""Point"",""coordinates"":[10.183077481957866,50.47179932249111]}"
0000000000000000079a_0,4014.0,3078.0,2020.0,2472.0,3150.0,4604.0,0.18751612,7.6,-18.053050776686383,-10.600784898864298,0.5872018546889646,7.452265877822086,"{""geodesic"":false,""type"":""Point"",""coordinates"":[8.893635723132704,50.196825014022124]}"
00000000000000000803_0,3315.0,2629.0,1698.0,2054.0,2124.0,4408.0,0.3496632,7,-20.390264248126755,-13.330897981902321,0.6537874065622776,7.059366266224433,"{""geodesic"":false,""type"":""Point"",""coordinates"":[10.220267734720414,52.37721587163703]}"
0000000000000000085b_0,3508.0,3312.5,1445.0,1635.0,1743.0,3246.5,0.3013328,16.6,-20.29927145210308,-13.461196076805379,0.6631369065913323,6.838075375297702,"{""geodesic"":false,""type"":""Point"",""coordinates"":[7.187465504004497,52.488067977697376]}"
00000000000000000700_0,4678.5,4313.0,2224.0,2612.0,3247.0,4069.0,0.11235648,9.6,-16.41127406156074,-10.26238598032323,0.6253253672949303,6.148888081237509,"{""geodesic"":false,""type"":""Point"",""coordinates"":[10.875049745315133,49.803183256520946]}"
000000000000000008b5_0,2850.0,2052.0,1562.0,1868.0,1673.0,4340.0,0.443539,28.6,-18.716860606344742,-13.066924767487,0.6981365647964223,5.649935838857742,"{""geodesic"":false,""type"":""Point"",""coordinates"":[8.933700584804436,52.138982658288526]}"
00000000000000000907_0,2790.0,2048.0,1695.0,2066.0,2132.0,4212.0,0.32786885,19.6,-19.98604049300987,-13.909365958726841,0.6959540567123162,6.076674534283029,"{""geodesic"":false,""type"":""Point"",""coordinates"":[11.951770444860792,52.34343921695413]}"
00000000000000000904_0,3488.0,3138.0,1858.0,2235.0,2426.0,4236.0,0.2716902,12.9,-18.209712394606484,-9.370829325411428,0.514606113613687,8.838883069195056,"{""geodesic"":false,""type"":""Point"",""coordinates"":[12.552563706879928,51.03710913078752]}"
000000000000000006e5_0,3257.0,2495.0,1684.0,1964.0,1941.0,4143.0,0.36193293,41.1,-19.53657037648725,-12.173250455747333,0.6231006886653014,7.363319920739919,"{""geodesic"":false,""type"":""Point"",""coordinates"":[13.032892889298635,48.757993423447886]}"
0000000000000000069c_0,3018.0,2412.0,1480.0,1896.0,1921.0,4252.0,0.37761217,23.9,-19.59906907037898,-12.654576294995804,0.6456723148203645,6.944492775383177,"{""geodesic"":false,""type"":""Point"",""coordinates"":[8.624769958595731,47.83695076264014]}"
0000000000000000071a_0,3149.5,2342.5,1622.5,2016.5,2035.0,4174.0,0.34449992,18,-18.478915929845865,-10.433710997251548,0.564627873023641,8.045204932594316,"{""geodesic"":false,""type"":""Point"",""coordinates"":[10.320699383484977,49.98599041683927]}"
0000000000000000073a_0,3697.0,2813.0,1655.0,2062.0,2272.0,3964.0,0.27132776,14.3,-17.899106439770616,-11.732604840235563,0.655485505922603,6.166501599535053,"{""geodesic"":false,""type"":""Point"",""coordinates"":[10.987249324301661,48.489037827382504]}"
000000000000000007ad_0,3623.0,3159.0,1725.0,2292.0,2463.0,4764.5,0.31843653,11.4,-16.336518437982182,-11.172842174466412,0.6839181932724238,5.16367626351577,"{""geodesic"":false,""type"":""Point"",""coordinates"":[8.878364363302673,50.84406117623024]}"
00000000000000000824_0,3173.5,2360.5,1611.0,1847.5,1948.0,4232.0,0.3695793,31.1,-18.84504236194688,-11.70038629183247,0.6208734407229903,7.1446560701144115,"{""geodesic"":false,""type"":""Point"",""coordinates"":[9.01257266675013,52.53513969858524]}"
000000000000000008da_0,3427.0,2953.0,1566.0,2142.0,2038.0,4458.0,0.37253696,18,-17.54219273214811,-11.210903551516392,0.6390822243658917,6.3312891806317175,"{""geodesic"":false,""type"":""Point"",""coordinates"":[7.9893017266095825,50.382327120192805]}"
000000000000000008e9_0,3398.0,2702.0,1623.0,1908.5,2183.0,4123.0,0.3076435,21.5,-20.12521800648961,-11.660419190093236,0.5793934349597206,8.464798816396375,"{""geodesic"":false,""type"":""Point"",""coordinates"":[7.577244505783958,49.6367254343736]}"
00000000000000000912_0,3775.0,3133.0,1695.0,2033.0,2218.0,4231.0,0.31214142,24.5,-22.846397689467604,-14.495312058901504,0.6344681667510311,8.3510856305661,"{""geodesic"":false,""type"":""Point"",""coordinates"":[11.232130070752643,51.79582621975487]}"
00000000000000000924_0,3144.5,2613.0,1468.0,1613.0,1635.0,3696.0,0.38660663,19.9,-22.03525631307908,-12.486617122859249,0.566665390474618,9.548639190219832,"{""geodesic"":false,""type"":""Point"",""coordinates"":[11.564686388933689,52.18740185210257]}"
0000000000000000092b_0,3357.5,2960.0,1503.0,1725.5,1758.0,3562.5,0.33915985,16.3,-19.406043514441826,-11.940945744202942,0.6153209815960983,7.465097770238884,"{""geodesic"":false,""type"":""Point"",""coordinates"":[11.797799205162706,52.166111779868935]}"
0000000000000000096d_0,2900.5,2459.0,1720.0,2181.0,2103.0,5070.0,0.41363445,13.7,-16.973810495299205,-9.341700357334922,0.5503596472885125,7.632110137964283,"{""geodesic"":false,""type"":""Point"",""coordinates"":[10.995962982557622,54.20663494774643]}"
00000000000000000984_0,4599.0,4321.0,1937.5,2269.0,2763.0,3522.0,0.12076373,18.1,-20.898515160355547,-12.112973285841417,0.5796092781184622,8.78554187451413,"{""geodesic"":false,""type"":""Point"",""coordinates"":[11.466859854493073,50.98401869749606]}"
00000000000000000985_0,3730.0,3061.0,1681.0,2001.5,2253.0,3827.5,0.2589425,15.3,-18.453852441569325,-12.003684460235691,0.6504703827151059,6.4501679813336334,"{""geodesic"":false,""type"":""Point"",""coordinates"":[11.543306485171644,50.71335630239085]}"
000000000000000007cc_0,3201.0,2429.0,1655.5,1931.0,2191.0,4294.0,0.32428682,13.3,-21.63771464446782,-13.408483542430448,0.6196811337401862,8.229231102037373,"{""geodesic"":false,""type"":""Point"",""coordinates"":[9.303716650333266,50.88331755414626]}"
0000000000000000081e_0,3415.0,2765.0,1498.0,1748.0,1804.0,3452.0,0.31354642,21.7,-20.926505622192515,-12.720144058640344,0.6078484524979965,8.206361563552171,"{""geodesic"":false,""type"":""Point"",""coordinates"":[8.80874492878341,52.443421708076635]}"
000000000000000006ee_0,3994.5,3273.5,1979.5,2330.0,2639.0,3723.0,0.17038667,57.3,-20.464606395283027,-11.096551743183179,0.5422313788424912,9.368054652099849,"{""geodesic"":false,""type"":""Point"",""coordinates"":[11.386280973507553,49.22251225686609]}"
0000000000000000075f_0,3072.5,2436.0,1702.5,2001.0,1982.5,4651.5,0.40232137,12.6,-21.313054287803993,-13.657601552428273,0.6408092133581993,7.65545273537572,"{""geodesic"":false,""type"":""Point"",""coordinates"":[12.805978448530045,52.84793308051565]}"
0000000000000000088e_0,3385.0,3209.0,1713.0,2110.0,2300.0,3707.0,0.23422673,10.5,-19.930162760032093,-12.57654646293164,0.6310307956015603,7.353616297100453,"{""geodesic"":false,""type"":""Point"",""coordinates"":[6.6108369231281765,51.15963933554143]}"
00000000000000000891_0,3536.0,2979.0,1540.0,1908.0,2262.0,3941.0,0.27067548,28.3,-18.22554358306799,-12.27757097998893,0.6736463537578719,5.947972603079059,"{""geodesic"":false,""type"":""Point"",""coordinates"":[6.562507560842546,50.654336988224195]}"
00000000000000000926_0,4432.0,4411.0,1896.0,2219.0,2715.0,3518.0,0.12883042,8.6,-23.96391115238534,-12.276446081373836,0.51228891658413,11.687465071011504,"{""geodesic"":false,""type"":""Point"",""coordinates"":[11.594510456366457,52.205008831671314]}"
00000000000000000928_0,4137.5,3912.5,1831.0,2084.0,2484.0,3438.0,0.16109422,18.6,-22.73609656351986,-14.572708686756389,0.6409503340225229,8.163387876763473,"{""geodesic"":false,""type"":""Point"",""coordinates"":[11.66359090171525,51.7006047996382]}"
0000000000000000091d_0,3363.0,2720.0,1682.0,1957.0,2180.0,3486.0,0.2304977,13.1,-21.791414716526816,-14.536991109772734,0.6670971710133047,7.254423606754083,"{""geodesic"":false,""type"":""Point"",""coordinates"":[11.451768157719865,52.314693127862306]}"
0000000000000000069a_0,4092.5,3260.5,1750.0,2118.0,2439.0,4162.0,0.26102105,36.1,-19.31386384948046,-13.095384410835937,0.6780302746717458,6.218479438644522,"{""geodesic"":false,""type"":""Point"",""coordinates"":[8.329403893177233,47.88689709243719]}"
000000000000000006bb_0,3415.5,2629.5,1685.0,2005.0,2117.0,4069.0,0.31555125,15,-19.41106791846257,-13.422771334796233,0.6915009205665262,5.988296583666338,"{""geodesic"":false,""type"":""Point"",""coordinates"":[9.959396976212105,48.49343957227469]}"
000000000000000006de_0,2881.0,2182.0,1479.0,1709.0,1728.0,3757.0,0.36991796,13.9,-17.6133219870545,-10.8874175065413,0.6181353815335557,6.725904480513201,"{""geodesic"":false,""type"":""Point"",""coordinates"":[12.69898909819141,48.622617310131076]}"
00000000000000000747_0,3876.5,2884.5,1420.0,1605.0,1670.5,3415.0,0.34303412,7.2,-22.320271969213575,-15.454793967647888,0.6924106475478765,6.8654780015656875,"{""geodesic"":false,""type"":""Point"",""coordinates"":[12.291153959201147,52.661083501418794]}"
000000000000000007ca_0,4002.5,3079.5,1563.5,1755.0,1960.0,3499.0,0.28191978,11.7,-21.504528430542443,-14.612784244771394,0.6795212595323483,6.891744185771049,"{""geodesic"":false,""type"":""Point"",""coordinates"":[9.245415988393908,50.972879587972976]}"
00000000000000000869_0,3430.0,3105.0,1586.0,1785.0,1886.0,3172.0,0.2542507,43,-17.624464861673488,-10.026822121155094,0.5689149826591116,7.597642740518394,"{""geodesic"":false,""type"":""Point"",""coordinates"":[7.643540173751979,53.325118159439945]}"
00000000000000000982_0,4262.0,3150.5,1580.5,1842.0,2092.0,3449.5,0.24496977,18.7,-21.83369988722535,-14.065055184624224,0.644190185688754,7.768644702601126,"{""geodesic"":false,""type"":""Point"",""coordinates"":[11.408289697968481,50.93083843267618]}"
0000000000000000098a_0,2965.0,2353.0,1480.0,1685.0,1829.5,3067.0,0.25273153,36.5,-19.247768613987336,-10.165783635107571,0.5281538779367966,9.081984978879765,"{""geodesic"":false,""type"":""Point"",""coordinates"":[11.807860336344843,50.961201489279425]}"
0000000000000000261e_0,3188.5,2656.5,1644.0,1869.5,2284.0,3594.0,0.22286493,14.7,-20.573783149805433,-10.5613666188076,0.5133410098622275,10.012416530997832,"{""geodesic"":false,""type"":""Point"",""coordinates"":[10.71479029862821,50.23590172888132]}"
000000000000000008ec_0,3776.0,3028.0,1626.0,1910.0,2004.0,3686.0,0.29560632,19,-19.399625719152787,-12.440461977080153,0.6412732986285391,6.959163742072635,"{""geodesic"":false,""type"":""Point"",""coordinates"":[7.953997935943685,49.89606905689891]}"
00000000000000000930_0,3509.0,3059.0,1798.0,2060.0,2358.0,3508.0,0.19604501,14.2,-20.513506302691205,-12.911914203972543,0.6294347740190377,7.601592098718662,"{""geodesic"":false,""type"":""Point"",""coordinates"":[11.92320401882579,52.361944511806996]}"
00000000000000000848_0,2713.5,1990.5,1258.5,1479.5,1409.0,3622.0,0.4398728,21,-15.980793534597833,-10.312859879180527,0.6453283972947628,5.667933655417306,"{""geodesic"":false,""type"":""Point"",""coordinates"":[9.805695231099255,53.150126342093465]}"
000000000000000008f7_0,3390.5,2302.5,1513.0,1820.5,1823.0,3998.0,0.37364715,45.4,-20.96602149507725,-14.257790985613251,0.6800427534122738,6.7082305094639985,"{""geodesic"":false,""type"":""Point"",""coordinates"":[7.07760154475668,49.19295768401856]}"
00000000000000000688_0,3863.0,2714.0,1631.0,1952.0,2205.0,4310.0,0.32310054,48.2,-19.779820599524097,-11.854448000058227,0.5993202992115836,7.92537259946587,"{""geodesic"":false,""type"":""Point"",""coordinates"":[9.633488191133543,48.67274330298494]}"
00000000000000000691_0,4774.5,3470.0,1766.0,1976.5,2291.0,3709.0,0.23633334,40.6,-22.36644669709916,-15.31995620126651,0.6849526171384858,7.04649049583265,"{""geodesic"":false,""type"":""Point"",""coordinates"":[9.214424111091786,49.42616033177598]}"
00000000000000000693_0,3869.0,2626.0,1522.0,1742.0,1705.0,4344.0,0.43627045,41.9,-20.470715553294326,-13.77198511102978,0.6727652033059232,6.698730442264546,"{""geodesic"":false,""type"":""Point"",""coordinates"":[7.966035360750887,47.61066514257043]}"
00000000000000000695_0,3206.0,2218.0,1534.0,1852.0,1797.0,4124.0,0.39300793,25.5,-19.674883675133714,-14.249051559644222,0.7242254538792023,5.4258321154894915,"{""geodesic"":false,""type"":""Point"",""coordinates"":[7.99334414538812,47.59323782605851]}"
0000000000000000069b_0,3530.0,2417.5,1456.0,1778.0,1738.5,4490.0,0.44175965,58.1,-19.620570427617743,-13.22590151417485,0.6740834351868887,6.394668913442892,"{""geodesic"":false,""type"":""Point"",""coordinates"":[8.365336504542014,47.59943620151894]}"
000000000000000006cb_0,3199.0,2391.0,1556.0,1898.0,1836.0,4468.0,0.41751269,37.5,-17.65159286352865,-11.397190630436405,0.6456749098255626,6.254402233092243,"{""geodesic"":false,""type"":""Point"",""coordinates"":[11.870203417062738,48.22565178607866]}"
000000000000000006ef_0,3989.0,2806.0,1505.0,1818.0,1862.0,4263.0,0.392,43.4,-20.085864505873772,-14.012291964993478,0.6976195603079878,6.073572540880294,"{""geodesic"":false,""type"":""Point"",""coordinates"":[11.651463645379636,49.75862681842862]}"
000000000000000006f4_0,4440.0,3338.0,1602.0,1864.0,2096.0,3566.0,0.25962558,36.5,-21.549932558419147,-14.456705040921536,0.6708468809232341,7.093227517497612,"{""geodesic"":false,""type"":""Point"",""coordinates"":[11.878288254619815,49.8809773601257]}"
000000000000000006f8_0,3779.5,2631.0,1508.5,1825.5,1859.0,4239.5,0.39034188,50.6,-19.396378326701637,-14.007054404101448,0.7221479272147892,5.389323922600189,"{""geodesic"":false,""type"":""Point"",""coordinates"":[12.405778989454797,49.853039754789584]}"
000000000000000006fd_0,3909.0,2729.0,1716.0,1968.0,1972.0,4256.0,0.3667309,44.1,-23.245124988855483,-15.231839391201166,0.6552702727347707,8.013285597654317,"{""geodesic"":false,""type"":""Point"",""coordinates"":[12.594335367591485,49.219098658786436]}"
00000000000000000701_0,3949.0,2739.0,1465.5,1759.0,1756.5,3941.5,0.38346788,50.5,-21.89792225607273,-14.965973800706125,0.6834426401598792,6.931948455366603,"{""geodesic"":false,""type"":""Point"",""coordinates"":[10.964521947613438,50.10825112700794]}"
00000000000000000702_0,4729.0,3317.5,1851.5,2164.0,2434.0,4106.5,0.2557144,57.6,-22.151716304471492,-14.780362446309075,0.667233285365141,7.371353858162417,"{""geodesic"":false,""type"":""Point"",""coordinates"":[11.019678506058376,50.07177952647269]}"
00000000000000000707_0,4140.0,2749.0,1532.0,1754.0,1828.0,3874.0,0.35882145,38.3,-21.93722414124897,-15.105985980577213,0.6886006125165648,6.831238160671756,"{""geodesic"":false,""type"":""Point"",""coordinates"":[11.462637772657713,49.9410746526333]}"
00000000000000000708_0,3945.0,2725.0,1428.0,1694.0,1791.0,3702.0,0.34789732,36,-22.278093246109208,-15.192578235223298,0.6819514608987746,7.08551501088591,"{""geodesic"":false,""type"":""Point"",""coordinates"":[11.777048122099545,50.15244823898662]}"
00000000000000000710_0,4313.0,3026.0,1572.0,1844.0,1951.0,3852.0,0.32758918,47.2,-22.105516733663404,-15.10707924304387,0.683407650002501,6.9984374906195335,"{""geodesic"":false,""type"":""Point"",""coordinates"":[10.915653596157336,49.011408165098004]}"
00000000000000000716_0,4229.0,3184.0,1770.5,2079.0,2329.0,3989.0,0.2627414,19.9,-22.394952899430905,-15.636070270790634,0.698196166833107,6.75888262864027,"{""geodesic"":false,""type"":""Point"",""coordinates"":[9.930471224063457,49.86049577164778]}"
00000000000000000718_0,3986.5,2751.0,1527.0,1788.5,1867.0,4723.5,0.43342692,28.1,-19.15101816952422,-12.720295930980326,0.6642099035351885,6.430722238543895,"{""geodesic"":false,""type"":""Point"",""coordinates"":[9.985897277093631,50.41799023697235]}"
0000000000000000072f_0,4056.0,3027.0,1571.0,1849.0,1850.0,4312.0,0.3995456,40.8,-20.58019126800365,-13.549222811779272,0.658362336643803,7.030968456224377,"{""geodesic"":false,""type"":""Point"",""coordinates"":[10.556327482509527,48.65396851354684]}"
00000000000000000734_0,4291.0,3008.0,1576.0,1904.0,2042.0,4236.0,0.34947434,47.5,-21.61771652097714,-15.608260792825714,0.7220124649927737,6.009455728151426,"{""geodesic"":false,""type"":""Point"",""coordinates"":[10.639511477818994,48.79742946442073]}"
00000000000000000749_0,3904.0,2692.5,1582.0,1857.5,1948.0,3999.5,0.34493485,17.6,-22.31827643359435,-15.675462600275752,0.7023599087911837,6.642813833318597,"{""geodesic"":false,""type"":""Point"",""coordinates"":[12.325469603054513,52.750286209131865]}"
00000000000000000798_0,3659.0,2660.0,1872.0,2170.0,2520.0,4165.0,0.2460733,23.4,-21.197577148776862,-13.962326802802282,0.658675597914167,7.235250345974579,"{""geodesic"":false,""type"":""Point"",""coordinates"":[8.867315085308002,50.12469029670733]}"
0000000000000000079e_0,4684.0,3362.0,1728.0,2002.0,2320.0,3905.0,0.25461847,13.8,-19.756011027703114,-12.802423440488017,0.648026740951686,6.953587587215097,"{""geodesic"":false,""type"":""Point"",""coordinates"":[9.097822787213072,49.766981150570935]}"
000000000000000007a0_0,4047.5,2836.0,1761.0,2115.0,2336.0,4607.5,0.32714048,25.7,-20.40692068473183,-14.096967001222374,0.6907934430190404,6.309953683509455,"{""geodesic"":false,""type"":""Point"",""coordinates"":[9.146331812555525,50.16304835933923]}"
000000000000000007a1_0,4497.5,3123.5,1704.5,1962.0,2180.0,4081.0,0.3036256,88,-22.21076363590634,-16.03199564448031,0.7218119965295874,6.178767991426028,"{""geodesic"":false,""type"":""Point"",""coordinates"":[9.53629047739181,50.36310317311265]}"
000000000000000007a5_0,4822.0,3457.0,1703.5,1977.0,2309.0,3892.0,0.25528142,24.9,-23.13084584626759,-16.414022286529274,0.7096161720855466,6.716823559738316,"{""geodesic"":false,""type"":""Point"",""coordinates"":[8.601413761208624,50.60726526733633]}"
000000000000000007af_0,4271.5,2804.0,1490.5,1812.5,1903.0,4469.5,0.40274617,33.1,-23.02882116260807,-15.554967925302869,0.6754565427152429,7.473853237305203,"{""geodesic"":false,""type"":""Point"",""coordinates"":[9.053805338291216,50.59388036960295]}"
000000000000000007b2_0,3960.5,2748.5,1572.0,1867.0,1901.5,4286.0,0.38537374,19.5,-21.355560123495078,-14.986238092964314,0.7017487720435238,6.369322030530764,"{""geodesic"":false,""type"":""Point"",""coordinates"":[9.113004315514692,50.450509250257475]}"
000000000000000007b3_0,3840.5,2627.5,1526.0,1792.5,1704.0,4424.5,0.44390962,37.7,-21.693128865227127,-15.510765230791392,0.7150082096112139,6.182363634435735,"{""geodesic"":false,""type"":""Point"",""coordinates"":[9.108961896736155,50.666284581502985]}"
000000000000000007ba_0,3649.5,2556.5,1510.5,1818.0,1875.0,4351.0,0.3976871,39.3,-21.39535467635976,-15.071199871234551,0.7044145843437258,6.3241548051252074,"{""geodesic"":false,""type"":""Point"",""coordinates"":[9.363544448255626,50.66799138054281]}"
000000000000000007bb_0,3815.0,2656.0,1487.0,1830.5,1768.5,4560.0,0.4410998,21.8,-21.15909011820473,-14.538921792323906,0.6871241490585173,6.620168325880824,"{""geodesic"":false,""type"":""Point"",""coordinates"":[9.362017312272624,50.77578921463716]}"
000000000000000007bc_0,3916.5,2749.0,1518.0,1792.5,1888.5,4197.0,0.37934434,35,-21.209313229083026,-14.733635770691638,0.6946776452190027,6.475677458391388,"{""geodesic"":false,""type"":""Point"",""coordinates"":[8.647048177641896,50.98545600195065]}"
000000000000000007cd_0,3823.0,2672.0,1523.0,1765.5,1756.5,3838.0,0.37206185,35.4,-20.965645801338496,-14.383420066796731,0.6860470792594645,6.582225734541765,"{""geodesic"":false,""type"":""Point"",""coordinates"":[9.29832675862855,51.2429131623793]}"
000000000000000007da_0,3573.5,2426.0,1585.0,1827.5,1807.5,4260.0,0.40420273,41.8,-21.08629639611665,-14.935071845434699,0.7082833118188175,6.1512245506819525,"{""geodesic"":false,""type"":""Point"",""coordinates"":[9.645256121355509,50.8129794673997]}"
000000000000000007e0_0,3772.5,2618.0,1550.0,1868.0,1775.0,4588.5,0.4421309,26.1,-19.945431461949756,-13.139268303246602,0.6587607958400203,6.8061631587031535,"{""geodesic"":false,""type"":""Point"",""coordinates"":[9.81701400367916,50.43577687959792]}"
000000000000000007e2_0,3987.0,2873.5,1446.0,1689.5,1665.0,3870.0,0.398374,51,-20.108954520672103,-13.254654663824269,0.6591419086555902,6.854299856847835,"{""geodesic"":false,""type"":""Point"",""coordinates"":[9.813869900184743,51.244889456004366]}"
000000000000000007ef_0,4099.0,2941.0,1672.0,1942.0,2070.0,4176.0,0.3371758,16.8,-22.861169767306524,-15.807193026200903,0.6914428783432847,7.053976741105622,"{""geodesic"":false,""type"":""Point"",""coordinates"":[11.940451672280885,53.422315873181674]}"
000000000000000007f3_0,3676.0,2716.0,1554.0,1868.0,1862.0,4292.0,0.39486513,18.8,-19.08046527526072,-13.15120870802453,0.6892498960743937,5.929256567236191,"{""geodesic"":false,""type"":""Point"",""coordinates"":[12.403892527358147,54.16926503192706]}"
00000000000000000806_0,4166.0,2898.0,1624.0,1898.0,2010.0,4459.0,0.37857473,40.5,-20.67359594112383,-15.337750317268156,0.7419004589694224,5.335845623855672,"{""geodesic"":false,""type"":""Point"",""coordinates"":[10.27434631482441,51.62218187533457]}"
0000000000000000081f_0,3711.0,2706.0,1420.0,1732.0,1720.0,4519.0,0.4486296,33.3,-20.031770108879,-13.722323344444812,0.6850279965205095,6.30944676443419,"{""geodesic"":false,""type"":""Point"",""coordinates"":[8.855906481199685,52.89320817083528]}"
00000000000000000862_0,3459.0,2575.0,1469.0,1730.0,1751.0,3447.0,0.32627934,510.7,-19.47937795083267,-11.481964246356782,0.5894420384130372,7.997413704475889,"{""geodesic"":false,""type"":""Point"",""coordinates"":[7.477172183133043,53.08796292443239]}"
0000000000000000086d_0,3629.0,2514.5,1559.5,1899.0,1932.0,4982.0,0.44113392,62.8,-20.266405430337024,-14.627920632723779,0.7217817033713867,5.638484797613245,"{""geodesic"":false,""type"":""Point"",""coordinates"":[7.81987946402464,52.8069699035598]}"
000000000000000008a1_0,3421.0,2727.5,1621.0,1856.5,1952.0,3747.0,0.31496754,13.5,-17.951982709198393,-12.419026061660137,0.6917913337392403,5.532956647538256,"{""geodesic"":false,""type"":""Point"",""coordinates"":[7.35230635864043,51.70051496810979]}"
000000000000000008ac_0,3295.0,2403.0,1496.0,1703.0,1609.0,3866.0,0.41223744,56.6,-19.111429170835844,-11.625860207442598,0.6083197705163635,7.485568963393247,"{""geodesic"":false,""type"":""Point"",""coordinates"":[7.975737165819377,52.00064210453412]}"
000000000000000008ca_0,3424.0,2492.0,1468.0,1703.5,1805.0,4000.0,0.3781223,42.2,-20.661259454784688,-12.97394755873003,0.627935948780003,7.687311896054657,"{""geodesic"":false,""type"":""Point"",""coordinates"":[8.361653411877123,50.99973921496815]}"
000000000000000008d7_0,4317.0,2902.0,1643.0,1979.0,2154.0,4451.0,0.34776685,34,-22.853682649041655,-15.930972265844144,0.6970855643045429,6.922710383197511,"{""geodesic"":false,""type"":""Point"",""coordinates"":[7.900188850424926,50.488687649832556]}"
000000000000000008d8_0,3593.0,2388.0,1518.0,1836.0,1742.0,4276.0,0.42107013,24.4,-19.67951202701011,-14.716121305548576,0.747788933249499,4.963390721461533,"{""geodesic"":false,""type"":""Point"",""coordinates"":[7.9330671898237,50.381338973380274]}"
000000000000000008e0_0,3294.0,2399.0,1408.0,1727.0,1668.0,3958.0,0.40703875,29,-20.227395178370994,-13.703382937131472,0.6774665158954525,6.524012241239522,"{""geodesic"":false,""type"":""Point"",""coordinates"":[6.638235539293822,49.9907514878451]}"
000000000000000008e2_0,4205.5,3052.5,1585.5,1843.5,2124.0,4178.0,0.32592827,21.1,-21.325534821913777,-14.225403280645176,0.6670596259104077,7.100131541268601,"{""geodesic"":false,""type"":""Point"",""coordinates"":[6.732828138711607,49.83148018797071]}"
000000000000000008e4_0,3869.5,2498.5,1460.0,1773.5,1793.0,4714.0,0.44890118,52.7,-21.453457611749176,-14.8227973603782,0.6909281304967999,6.630660251370976,"{""geodesic"":false,""type"":""Point"",""coordinates"":[6.730043361330837,50.28135648225777]}"
000000000000000008e6_0,3960.5,2699.0,1607.5,1876.0,2039.0,4508.0,0.3771193,31,-21.013158765352486,-14.34726530439638,0.6827752773682387,6.665893460956106,"{""geodesic"":false,""type"":""Point"",""coordinates"":[6.789781327724786,50.22907453272202]}"
000000000000000008ea_0,3293.75,2360.75,1491.7916666666665,1790.125,1800.5,3689.6666666666665,0.34410006,27.6,-19.324186802414765,-12.982766358291316,0.6718402430610421,6.3414204441234485,"{""geodesic"":false,""type"":""Point"",""coordinates"":[7.63347904256984,49.61992693856057]}"
000000000000000008f6_0,3235.0,2196.75,1458.0,1729.0,1727.5,4241.5,0.42117608,36.7,-18.71160132663081,-12.292567867877324,0.6569490047002146,6.419033458753486,"{""geodesic"":false,""type"":""Point"",""coordinates"":[6.779810028071059,49.54482778080818]}"
000000000000000008f8_0,4048.5,2751.5,1487.0,1754.0,1768.5,4580.5,0.44290438,23.8,-20.930346812167254,-14.433021728975923,0.6895739405801772,6.497325083191331,"{""geodesic"":false,""type"":""Point"",""coordinates"":[7.119732531581885,49.410080488190246]}"
0000000000000000091b_0,4070.0,3297.0,1482.0,1728.0,1732.0,4072.0,0.40317023,52.4,-22.189734966162643,-14.958015198215687,0.6740961629792027,7.231719767946956,"{""geodesic"":false,""type"":""Point"",""coordinates"":[11.401103175695525,52.566940059643066]}"
00000000000000000921_0,5012.0,3580.0,1761.0,2016.0,2344.0,4644.0,0.32913566,17.1,-23.03818956629973,-16.48656800754188,0.7156190793593623,6.5516215587578515,"{""geodesic"":false,""type"":""Point"",""coordinates"":[11.493270323846188,52.67365991539647]}"
00000000000000000922_0,3824.0,2664.0,1516.0,1758.0,1788.0,4144.0,0.3971679,74.6,-21.510550339894383,-15.362468957535393,0.7141829806670964,6.14808138235899,"{""geodesic"":false,""type"":""Point"",""coordinates"":[11.520309613898185,52.60143536655326]}"
00000000000000000925_0,3458.0,2327.0,1395.0,1661.0,1572.0,4062.0,0.44195953,33.7,-21.86687265676914,-14.072106759529529,0.6435354053782971,7.7947658972396106,"{""geodesic"":false,""type"":""Point"",""coordinates"":[11.591725678985688,52.94207652229138]}"
00000000000000000932_0,3618.0,2551.0,1567.0,1810.0,1962.0,4332.0,0.3765491,38.6,-22.44006004918991,-15.520679612753954,0.6916505383110262,6.919380436435956,"{""geodesic"":false,""type"":""Point"",""coordinates"":[11.946111058570839,52.882877545067906]}"
00000000000000000934_0,3892.0,2794.0,1576.0,1794.0,1880.0,3820.0,0.34035087,14.2,-23.36834045008254,-16.16379852338754,0.6916964667608841,7.204541926694997,"{""geodesic"":false,""type"":""Point"",""coordinates"":[11.985187773430038,52.43282158772402]}"
0000000000000000093b_0,3575.5,2517.5,1420.0,1649.0,1647.0,3901.0,0.40627253,8,-19.00829814301322,-12.110498334241544,0.6371163921738536,6.897799808771676,"{""geodesic"":false,""type"":""Point"",""coordinates"":[12.209766594459918,52.80643091438933]}"
00000000000000000978_0,3520.0,2940.0,1749.0,2105.0,2235.0,3288.0,0.19065726,37.8,-19.717789647758522,-11.740956173481672,0.5954499151894725,7.97683347427685,"{""geodesic"":false,""type"":""Point"",""coordinates"":[10.717215749895333,50.39777814307966]}"
0000000000000000097b_0,3422.0,2457.0,1411.0,1675.5,1755.0,4624.0,0.449757,53.6,-19.087277379011066,-13.501836810253078,0.7073736364883604,5.5854405687579884,"{""geodesic"":false,""type"":""Point"",""coordinates"":[10.83902730242194,50.91835185022692]}"
00000000000000000983_0,3491.5,2603.0,1528.5,1813.0,1916.5,3477.0,0.28932974,40.2,-18.121869644813735,-11.772174736366464,0.6496114897137847,6.349694908447271,"{""geodesic"":false,""type"":""Point"",""coordinates"":[11.440629048196783,51.056333077867684]}"
0000000000000000098b_0,3989.0,2852.5,1501.5,1721.5,1770.5,4238.0,0.41066822,25.1,-20.186326085614795,-14.802899624944327,0.7333132122290043,5.383426460670467,"{""geodesic"":false,""type"":""Point"",""coordinates"":[11.91718530642219,50.85160702461684]}"
000000000000000026b7_0,3802.0,2629.0,1439.0,1733.0,1679.0,4416.0,0.4490566,32.6,-18.181073391191408,-11.947492027572569,0.6571389802189038,6.233581363618839,"{""geodesic"":false,""type"":""Point"",""coordinates"":[11.528484282983673,49.38250220896778]}"
000000000000000006dd_0,2768.0,2032.5,1457.0,1692.5,1731.0,3839.0,0.37845603,10.5,-19.052586116286644,-12.209755817838806,0.6408450665603653,6.842830298447838,"{""geodesic"":false,""type"":""Point"",""coordinates"":[12.67096166132688,48.60527982514757]}"
00000000000000000751_0,4314.0,3965.0,1734.0,2008.5,2340.0,3698.5,0.22497308,10.7,-21.826197439871336,-16.012854572647285,0.733652969866183,5.813342867224051,"{""geodesic"":false,""type"":""Point"",""coordinates"":[12.525883742941577,53.14186184147956]}"
000000000000000007b5_0,3117.5,2404.0,1747.0,2183.0,2542.0,4395.5,0.26717117,15.8,-20.184560603845703,-13.081551006155236,0.6480968926151827,7.103009597690468,"{""geodesic"":false,""type"":""Point"",""coordinates"":[9.16259131919809,50.82852032181497]}"
000000000000000007cb_0,3364.0,2402.0,1600.0,1899.0,2242.0,4884.0,0.370755,16.5,-16.290460412473998,-9.909385521320752,0.6082937664384793,6.381074891153245,"{""geodesic"":false,""type"":""Point"",""coordinates"":[9.27586887652556,50.847205279724655]}"
000000000000000007d0_0,4420.5,3099.5,2159.0,2597.0,3140.0,6114.5,0.3214112,16.6,-22.183551633273883,-12.981179921369444,0.5851713979784247,9.202371711904439,"{""geodesic"":false,""type"":""Point"",""coordinates"":[9.386631151057498,51.06360943166905]}"
000000000000000007d3_0,2904.5,2044.5,1530.0,1851.0,1867.0,4542.0,0.4173818,14.9,-20.625762385923736,-14.050034595455543,0.6811886189983519,6.575727790468193,"{""geodesic"":false,""type"":""Point"",""coordinates"":[9.414478924865204,51.11768801177305]}"
00000000000000000960_0,3478.0,2769.0,1426.0,1690.0,1763.0,4124.0,0.40105316,< LOD,-18.964475098434495,-11.998873226302436,0.6327026276246863,6.9656018721320585,"{""geodesic"":false,""type"":""Point"",""coordinates"":[9.861390778714664,54.42627303471365]}"
0000000000000000069e_0,2955.0,2220.0,1452.0,1686.0,1800.0,3547.0,0.32672527,31.5,-18.79527925287496,-13.099659627889409,0.6969654162433188,5.69561962498555,"{""geodesic"":false,""type"":""Point"",""coordinates"":[8.854199682159857,48.32554444567275]}"
000000000000000006d7_0,3414.0,2457.0,1599.0,2075.0,1986.0,4290.0,0.36711282,14,-17.98804520696519,-10.814944436542987,0.6012295561918707,7.173100770422202,"{""geodesic"":false,""type"":""Point"",""coordinates"":[12.270941865308458,48.75817308650471]}"
000000000000000007b7_0,3664.0,2595.0,1428.0,1704.0,1676.0,4051.0,0.4147023,9.2,-20.069256818550713,-14.122176432015648,0.7036721169944883,5.947080386535065,"{""geodesic"":false,""type"":""Point"",""coordinates"":[9.248021102717855,50.81109300530305]}"
000000000000000007c8_0,3983.5,3345.5,1948.5,2350.0,2900.0,3856.5,0.14156738,12.7,-20.32727922430515,-12.431040351684857,0.6115447234483388,7.896238872620295,"{""geodesic"":false,""type"":""Point"",""coordinates"":[9.156752269851312,51.15209348715482]}"
000000000000000007c9_0,3772.5,3052.0,1819.5,2233.0,2633.0,5274.5,0.33404994,12.3,-21.865998031395417,-14.15277020773365,0.6472501363721409,7.713227823661768,"{""geodesic"":false,""type"":""Point"",""coordinates"":[9.183701728374897,51.24219451015201]}"
000000000000000007cf_0,3166.5,2447.0,1517.5,1867.5,1857.5,4259.0,0.3926265,13.2,-19.3836992869121,-12.296174686063523,0.6343564509570119,7.087524600848578,"{""geodesic"":false,""type"":""Point"",""coordinates"":[9.358603714192968,51.027497157247446]}"
000000000000000007d4_0,4012.5,3161.0,1793.0,2111.0,2353.0,4024.0,0.26203543,21.4,-20.1729937041753,-15.02732910160102,0.7449231047194915,5.14566460257428,"{""geodesic"":false,""type"":""Point"",""coordinates"":[9.47277958680456,51.010069840735525]}"
0000000000000000080a_0,3471.0,3009.0,1500.0,1718.0,1814.0,2860.0,0.22379118,15.7,-21.181130307315005,-8.963805124748918,0.42319767617185305,12.217325182566087,"{""geodesic"":false,""type"":""Point"",""coordinates"":[10.426341260897432,52.430575799513726]}"
0000000000000000080e_0,3217.0,2485.0,1528.0,1677.0,1755.0,3004.0,0.2624501,36.2,-18.084899836361096,-11.087624029627928,0.6130873894770155,6.9972758067331675,"{""geodesic"":false,""type"":""Point"",""coordinates"":[10.597739817107437,52.052385064899404]}"
00000000000000000813_0,3184.0,2602.0,1571.0,1785.0,1855.0,3559.0,0.31473956,15.8,-18.829435855414772,-11.922956140347665,0.6332083569523931,6.906479715067107,"{""geodesic"":false,""type"":""Point"",""coordinates"":[10.715419119327095,52.12362146693008]}"
000000000000000008f3_0,4319.0,3960.5,1968.0,2486.0,3039.0,3910.0,0.12534177,9,-20.11293539654541,-9.6897014034124,0.4817646560470084,10.42323399313301,"{""geodesic"":false,""type"":""Point"",""coordinates"":[8.364977178428367,49.27308740736202]}"
0000000000000000097e_0,4180.5,3394.5,1955.0,2302.0,2703.0,4015.5,0.1953561,31.6,-20.03234962985104,-12.661643339776507,0.6320598219246765,7.3707062900745335,"{""geodesic"":false,""type"":""Point"",""coordinates"":[11.094148843111885,50.88026328218025]}"
000000000000000008fd_0,2479.0,1713.0,1236.0,1407.0,1290.0,3322.0,0.44058976,41.4,-15.850517082557495,-9.629024139357053,0.6074895909833247,6.221492943200442,"{""geodesic"":false,""type"":""Point"",""coordinates"":[13.948006669231193,50.99803241592832]}"
00000000000000000929_0,4500.5,3315.5,2664.0,2861.0,2758.0,5157.0,0.3030954,58,-20.034260085958245,-13.965216942059044,0.6970667687321822,6.069043143899201,"{""geodesic"":false,""type"":""Point"",""coordinates"":[11.683802995607937,51.466593668125064]}"
00000000000000000717_0,3167.0,2270.0,1575.5,1826.0,1986.5,4256.0,0.36355627,20.1,-20.782524095654196,-13.031298146172519,0.6270315427613278,7.751225949481677,"{""geodesic"":false,""type"":""Point"",""coordinates"":[9.985987108622043,50.25611382277401]}"
00000000000000000830_0,3791.0,2916.0,1754.0,2214.0,2324.0,4792.0,0.34682405,13.2,-15.638458542125326,-9.992129324259633,0.6389459227930827,5.646329217865693,"{""geodesic"":false,""type"":""Point"",""coordinates"":[9.544824472590946,52.37658705093814]}"
000000000000000008dc_0,3715.0,2450.0,1459.0,1835.0,1740.0,4340.0,0.4276316,41.2,-19.71830738434426,-14.103214140809639,0.7152345211946115,5.615093243534622,"{""geodesic"":false,""type"":""Point"",""coordinates"":[8.035834458326974,50.616967072404826]}"
00000000000000000760_0,4453.0,3873.0,1968.0,2318.0,2740.0,4115.0,0.20058352,8.3,-23.459060714575003,-14.905961758813579,0.6354031791883541,8.553098955761424,"{""geodesic"":false,""type"":""Point"",""coordinates"":[12.78873079507495,52.110955221424]}"
0000000000000000082a_0,3042.0,2407.0,1493.0,1670.0,1684.0,3618.0,0.364768,20.9,-20.363686588721205,-13.321436873947661,0.6541760901646355,7.0422497147735434,"{""geodesic"":false,""type"":""Point"",""coordinates"":[9.282516409628045,52.24947543823523]}"
00000000000000000854_0,2732.0,1868.0,1276.0,1368.0,1335.0,3054.0,0.39166096,7.8,-19.707506976662852,-13.520295988932105,0.6860480123103602,6.187210987730747,"{""geodesic"":false,""type"":""Point"",""coordinates"":[10.816569420318952,52.859970505322856]}"
0000000000000000087b_0,3947.0,2896.0,1558.0,1771.0,1786.0,3590.0,0.33556548,32,-21.713605648441085,-14.303301999170253,0.6587253278313614,7.410303649270832,"{""geodesic"":false,""type"":""Point"",""coordinates"":[8.052273628026361,52.918810156432684]}"
0000000000000000090a_0,4593.0,4181.0,1964.0,2312.0,2698.0,3919.0,0.18452471,8.9,-20.86788210732627,-13.683499073275435,0.6557205471498926,7.1843830340508354,"{""geodesic"":false,""type"":""Point"",""coordinates"":[10.99551382491556,52.89455564376146]}"
00000000000000000763_0,3209.5,2274.0,1305.0,1508.0,1453.0,3513.0,0.4148208,22,-18.45685626974724,-12.998170059547249,0.7042461549019395,5.458686210199993,"{""geodesic"":false,""type"":""Point"",""coordinates"":[12.845414489502891,52.54124824251725]}"
0000000000000000076a_0,2334.5,1620.5,1224.0,1352.5,1232.0,3218.0,0.44629213,22.4,-15.101584311322936,-9.196609759335344,0.60898310864244,5.904974551987593,"{""geodesic"":false,""type"":""Point"",""coordinates"":[13.054093130003857,52.57206045676255]}"
0000000000000000078e_0,2672.0,1809.0,1297.0,1505.0,1336.0,3424.0,0.43865547,13.2,-14.088391934494114,-8.357408200344667,0.5932123580323125,5.730983734149447,"{""geodesic"":false,""type"":""Point"",""coordinates"":[14.482863589395956,52.09487537783826]}"
00000000000000000696_0,1706.0,1291.0,1125.0,1224.0,1147.0,2759.0,0.41269842,120.5,-15.484556500061332,-8.842868521260545,0.571076641505717,6.641687978800787,"{""geodesic"":false,""type"":""Point"",""coordinates"":[8.088924891618436,47.88294450518706]}"
000000000000000007bd_0,3314.5,2310.5,1312.5,1452.5,1515.0,3052.5,0.3366174,26.7,-16.75838340404529,-10.74009650277149,0.6408790301443364,6.0182869012738,"{""geodesic"":false,""type"":""Point"",""coordinates"":[8.672919657824538,51.075646856476254]}"
000000000000000007c0_0,3218.5,2252.5,1401.0,1654.0,1654.0,3797.5,0.39319453,55.6,-17.150727197815275,-11.842859863024625,0.6905164851863083,5.30786733479065,"{""geodesic"":false,""type"":""Point"",""coordinates"":[8.78709553043613,51.07690449787402]}"
000000000000000007c2_0,1891.5,1412.0,1134.0,1256.0,1162.5,2846.5,0.42005488,33.7,-14.732001293683247,-8.222813766585912,0.5581599948753514,6.509187527097335,"{""geodesic"":false,""type"":""Point"",""coordinates"":[8.874411776052547,51.00584775890017]}"
000000000000000007d9_0,3251.0,2248.0,1362.0,1446.0,1443.0,3010.0,0.3518976,259.8,-16.470254403477497,-9.717974759995734,0.5900318551208231,6.752279643481764,"{""geodesic"":false,""type"":""Point"",""coordinates"":[9.611838792786262,51.42410335518621]}"
000000000000000007e4_0,1894.5,1452.0,1209.5,1297.0,1255.5,2735.5,0.37083438,78.5,-15.484448742533566,-8.70611192705751,0.5622487485229659,6.778336815476056,"{""geodesic"":false,""type"":""Point"",""coordinates"":[9.871272246839979,51.190990538957195]}"
000000000000000007ec_0,3454.0,2460.5,1421.0,1664.5,1695.0,4043.0,0.4092018,35.5,-17.76194247654321,-11.124276168915666,0.62629840084251,6.637666307627546,"{""geodesic"":false,""type"":""Point"",""coordinates"":[10.100162981233634,51.22701298185039]}"
00000000000000000807_0,1926.0,1456.0,1218.0,1324.0,1279.0,2568.0,0.3350663,108.1,-16.461185486619307,-9.917727946942376,0.6024917193846174,6.543457539676931,"{""geodesic"":false,""type"":""Point"",""coordinates"":[10.304529708370826,51.81981123784086]}"
0000000000000000084e_0,1956.0,1471.0,1202.0,1328.0,1249.0,2988.0,0.41043192,35.6,-14.477880089004433,-9.630169172600075,0.6651643136562468,4.847710916404358,"{""geodesic"":false,""type"":""Point"",""coordinates"":[10.400379949186378,52.80813771342916]}"
00000000000000000867_0,1981.0,1498.0,1253.0,1389.0,1261.0,3114.0,0.42354286,17.6,-14.457277656266957,-9.09982537233645,0.6294286925029656,5.357452283930506,"{""geodesic"":false,""type"":""Point"",""coordinates"":[7.643989331394038,52.767713525643785]}"
0000000000000000088a_0,2002.0,1479.0,1164.0,1297.0,1206.0,3004.0,0.4270784,168.2,-14.539834720433664,-8.944665910201019,0.6151834654372355,5.595168810232645,"{""geodesic"":false,""type"":""Point"",""coordinates"":[6.2503429996110125,50.66260148883809]}"
0000000000000000088c_0,2901.0,2293.0,1374.0,1599.0,1536.0,2865.0,0.30197683,269.4,-18.45058627989043,-11.806046423828656,0.6398737820432429,6.644539856061774,"{""geodesic"":false,""type"":""Point"",""coordinates"":[8.97116033215222,51.77983620769754]}"
00000000000000000896_0,3782.0,2570.0,1462.0,1720.0,1672.0,4108.0,0.4214533,229.2,-16.593829760810227,-10.794967941217257,0.6505410804389361,5.79886181959297,"{""geodesic"":false,""type"":""Point"",""coordinates"":[7.704895107657341,51.02453271680985]}"
000000000000000008b6_0,1744.0,1356.0,1210.0,1278.0,1216.0,2526.0,0.35008016,271.6,-15.835853738777597,-8.755043108561436,0.5528620845444393,7.0808106302161615,"{""geodesic"":false,""type"":""Point"",""coordinates"":[8.972417973549987,51.72584745912196]}"
000000000000000008cc_0,3093.0,2163.0,1278.0,1440.0,1381.0,3634.0,0.44925225,60.1,-16.025359707437755,-10.07475998652158,0.6286760590993562,5.950599720916175,"{""geodesic"":false,""type"":""Point"",""coordinates"":[8.518768755069628,51.43335600261265]}"
000000000000000008ce_0,3874.0,2641.0,1505.0,1761.0,1759.0,4167.0,0.40634492,34.5,-16.32391620080409,-9.35219265977977,0.5729135426043842,6.971723541024318,"{""geodesic"":false,""type"":""Point"",""coordinates"":[8.721069357053345,51.39975901098657]}"
000000000000000008fc_0,2120.0,1519.0,1226.0,1279.0,1330.0,2227.0,0.2521788,89.4,-16.494510869202973,-10.583892976090029,0.6416615236436806,5.910617893112944,"{""geodesic"":false,""type"":""Point"",""coordinates"":[13.868595598115027,51.07268241603866]}"
00000000000000000908_0,3748.0,2793.5,1547.5,1689.0,1883.0,3318.0,0.27590847,196.8,-17.71389294786993,-11.605415981009902,0.6551589769207359,6.108476966860028,"{""geodesic"":false,""type"":""Point"",""coordinates"":[10.795369179613731,51.691711478325416]}"
00000000000000000988_0,1878.0,1402.5,1169.5,1212.5,1138.5,2656.5,0.4,20.9,-14.171154827300281,-8.13417024158742,0.5739948748507918,6.036984585712862,"{""geodesic"":false,""type"":""Point"",""coordinates"":[11.66044679822083,50.81962700050219]}"
0000000000000000246b_0,3922.5,2771.5,1508.0,1693.0,1878.5,3427.0,0.29186693,103.1,-15.39791906186183,-6.8475164901894985,0.4447040189443323,8.55040257167233,"{""geodesic"":false,""type"":""Point"",""coordinates"":[7.77568235204596,50.73814980423255]}"
0000000000000000073f_0,2050.0,1492.0,1278.0,1412.0,1303.0,3197.0,0.4208889,31,-15.166762191904795,-9.953400790114522,0.6562640505715264,5.213361401790273,"{""geodesic"":false,""type"":""Point"",""coordinates"":[13.722709195974016,52.445128507116465]}"
00000000000000000740_0,2637.0,1910.0,1345.0,1498.0,1502.0,3486.0,0.3977546,3.1,-16.427389621598987,-11.104835882056308,0.6759951603908815,5.322553739542679,"{""geodesic"":false,""type"":""Point"",""coordinates"":[12.359605583851055,52.28208428304877]}"
00000000000000000748_0,2394.5,1708.5,1248.5,1386.5,1338.0,3083.5,0.39477554,21.8,-14.615487070493097,-10.043157244111292,0.6871585733456131,4.5723298263818055,"{""geodesic"":false,""type"":""Point"",""coordinates"":[12.29492688339445,52.73294872414836]}"
00000000000000000750_0,2299.0,1660.0,1333.0,1461.0,1364.0,3320.0,0.4175918,7.8,-15.517696835740646,-10.883139176417405,0.7013372726390142,4.6345576593232405,"{""geodesic"":false,""type"":""Point"",""coordinates"":[12.442520084575285,52.19054595559699]}"
00000000000000000752_0,2402.0,1729.0,1337.0,1474.0,1418.0,3155.0,0.37983817,18.5,-14.885010670808775,-10.171365378756688,0.6833293978555158,4.713645292052087,"{""geodesic"":false,""type"":""Point"",""coordinates"":[12.520314188180036,52.53055829063623]}"
00000000000000000753_0,2016.5,1495.5,1230.0,1373.5,1267.0,3206.0,0.43348983,24.2,-15.337667797268173,-9.809318963247524,0.6395574016145195,5.528348834020649,"{""geodesic"":false,""type"":""Point"",""coordinates"":[12.529566835606468,52.69225504177774]}"
00000000000000000755_0,2316.0,1695.5,1258.5,1427.5,1358.0,3079.0,0.3878747,10,-14.26115511412937,-9.859172253512991,0.6913305531432672,4.4019828606163784,"{""geodesic"":false,""type"":""Point"",""coordinates"":[12.547712804345682,52.493996858572565]}"
00000000000000000756_0,2123.0,1555.0,1301.0,1420.0,1334.0,3116.0,0.40044942,13.1,-15.621614045961218,-10.868590375593007,0.6957405517519459,4.753023670368211,"{""geodesic"":false,""type"":""Point"",""coordinates"":[12.552294212294692,52.06235636455313]}"
00000000000000000765_0,2149.5,1579.0,1310.0,1452.0,1353.0,3233.0,0.4099433,10.3,-14.695897515255027,-10.235612895014526,0.6964945750601134,4.4602846202405,"{""geodesic"":false,""type"":""Point"",""coordinates"":[12.890240422180456,52.32430510140239]}"
00000000000000000766_0,2276.0,1679.0,1287.0,1446.0,1362.0,3344.0,0.42116448,9.3,-14.822494939588893,-9.14686120806303,0.6170932252189874,5.675633731525863,"{""geodesic"":false,""type"":""Point"",""coordinates"":[12.970998966222801,52.21444114215457]}"
00000000000000000767_0,2202.5,1623.0,1272.5,1438.0,1339.0,3223.5,0.41304109,6.2,-15.550658930168346,-10.709423313555014,0.6886797120074883,4.841235616613332,"{""geodesic"":false,""type"":""Point"",""coordinates"":[13.0123214692923,52.824936209242196]}"
00000000000000000768_0,2321.0,1673.0,1342.0,1510.0,1428.0,3330.0,0.3997478,11.4,-15.642083012570668,-10.629516802119905,0.6795461188626577,5.012566210450762,"{""geodesic"":false,""type"":""Point"",""coordinates"":[12.996600951820207,52.1598235728801]}"
0000000000000000076b_0,2372.0,1711.0,1308.0,1458.0,1354.0,3048.0,0.38482508,17.1,-14.99053550715513,-10.532897266860916,0.7026364909934979,4.457638240294214,"{""geodesic"":false,""type"":""Point"",""coordinates"":[13.176892829342995,52.22710738766065]}"
0000000000000000076e_0,2203.5,1591.0,1253.5,1408.5,1287.0,3278.5,0.43620634,34.8,-15.313266434802205,-10.2572091968201,0.6698250331169522,5.056057237982106,"{""geodesic"":false,""type"":""Point"",""coordinates"":[13.307418040125562,52.799154560587965]}"
00000000000000000773_0,2254.0,1638.5,1239.0,1397.0,1319.5,3007.0,0.39003813,17.3,-15.662137332239826,-10.742342872125636,0.6858797521850988,4.91979446011419,"{""geodesic"":false,""type"":""Point"",""coordinates"":[13.535679953820331,52.684709193391136]}"
00000000000000000778_0,2347.0,1708.5,1298.0,1430.5,1393.0,2968.0,0.3611557,8.8,-15.27187176271681,-10.848181119466435,0.7103373632268232,4.423690643250374,"{""geodesic"":false,""type"":""Point"",""coordinates"":[13.784782782106674,52.1372758592487]}"
00000000000000000784_0,2869.5,2089.0,1336.5,1479.0,1437.5,3325.5,0.39638883,6.3,-14.54000646175912,-9.773564806785553,0.6721843509829568,4.766441654973567,"{""geodesic"":false,""type"":""Point"",""coordinates"":[14.08230480420706,52.82924812260597]}"
00000000000000000787_0,2316.0,1646.5,1262.0,1411.5,1300.0,3046.0,0.40174875,10.8,-15.204346217333978,-10.299877329962932,0.6774298074204848,4.904468887371046,"{""geodesic"":false,""type"":""Point"",""coordinates"":[14.032717800523663,51.96704511290805]}"
0000000000000000078a_0,2977.0,2315.5,1581.0,1820.5,1910.0,3588.0,0.3052019,25.4,-16.7251237355754,-11.181007819181206,0.6685157010467128,5.544115916394196,"{""geodesic"":false,""type"":""Point"",""coordinates"":[14.232233625126609,53.14806021693999]}"
0000000000000000078f_0,2272.0,1658.0,1276.0,1400.0,1323.0,3110.0,0.403113,15.3,-15.458606994819986,-10.327238751965002,0.6680575264915881,5.131368242854984,"{""geodesic"":false,""type"":""Point"",""coordinates"":[14.524725081635925,52.219292044688814]}"
00000000000000000815_0,2078.0,1504.0,1253.0,1396.0,1279.0,3268.0,0.43743128,71.5,-15.778977811940713,-10.669151973825073,0.6761624295935832,5.10982583811564,"{""geodesic"":false,""type"":""Point"",""coordinates"":[10.782702934107647,52.62649836298019]}"
00000000000000000817_0,2278.0,1694.0,1291.0,1436.0,1356.0,3332.0,0.4215017,27.5,-14.896922128971736,-10.316917717815702,0.6925536448734749,4.580004411156034,"{""geodesic"":false,""type"":""Point"",""coordinates"":[10.8417222482743,52.62613903686655]}"
0000000000000000082b_0,2116.0,1563.0,1227.0,1352.0,1259.5,3214.0,0.43690622,26.8,-14.071510973137729,-9.780398415274716,0.6950496243044068,4.291112557863013,"{""geodesic"":false,""type"":""Point"",""coordinates"":[9.278473990849507,52.501093549317105]}"
00000000000000000837_0,3445.0,2730.0,1525.0,1784.0,1884.0,3636.0,0.3173913,18,-15.05678451138228,-9.597058291466418,0.6373909571603058,5.459726219915861,"{""geodesic"":false,""type"":""Point"",""coordinates"":[10.014733197713868,52.503249505998994]}"
00000000000000000843_0,3140.0,2215.0,1424.0,1628.0,1777.0,4067.0,0.39185488,26.1,-16.594684911689953,-10.281999670367028,0.6195959564814624,6.312685241322924,"{""geodesic"":false,""type"":""Point"",""coordinates"":[9.330216951214792,52.96875648622973]}"
00000000000000000849_0,2124.0,1576.0,1241.0,1402.0,1304.0,3180.0,0.41837645,22.5,-14.67500002813872,-9.667875069347593,0.6587989813158318,5.0071249587911275,"{""geodesic"":false,""type"":""Point"",""coordinates"":[10.133310815217644,52.77283392276326]}"
00000000000000000850_0,2260.0,1682.0,1276.0,1409.0,1329.0,2946.0,0.37824562,37.7,-14.898781285615154,-9.833339397230347,0.6600096483545593,5.065441888384807,"{""geodesic"":false,""type"":""Point"",""coordinates"":[10.638164004892815,52.84308217798141]}"
00000000000000000853_0,3020.0,2176.0,1364.0,1524.0,1568.0,3116.0,0.33048677,28.8,-16.578418875700216,-10.880248879199934,0.6562899007906983,5.698169996500281,"{""geodesic"":false,""type"":""Point"",""coordinates"":[10.757190780038652,52.8603298314365]}"
000000000000000008fe_0,2525.0,1871.0,1277.0,1479.0,1423.0,3244.0,0.39018643,55.8,-15.918064671935053,-11.307505221582,0.7103567836056179,4.610559450353053,"{""geodesic"":false,""type"":""Point"",""coordinates"":[13.975764611510485,51.3210665920977]}"
000000000000000008ff_0,2142.0,1602.0,1220.0,1354.0,1276.0,2848.0,0.38118333,45.5,-13.789465492168318,-9.167928795585118,0.6648501931269208,4.621536696583201,"{""geodesic"":false,""type"":""Point"",""coordinates"":[14.168902397596183,51.54834035897994]}"
0000000000000000090e_0,2023.0,1537.0,1251.0,1396.0,1311.0,3340.0,0.43625027,33.8,-15.198371514159637,-10.839611711413333,0.7132087606435042,4.358759802746304,"{""geodesic"":false,""type"":""Point"",""coordinates"":[11.138884944261036,52.69557880832898]}"
00000000000000000910_0,2176.0,1617.0,1284.0,1418.0,1318.0,3170.0,0.41265598,93.2,-15.337894048861536,-10.049588588644342,0.6552130661895059,5.2883054602171935,"{""geodesic"":false,""type"":""Point"",""coordinates"":[11.22467405389445,52.58688265895052]}"
0000000000000000091e_0,2170.0,1583.0,1266.0,1396.0,1336.0,3116.0,0.3998203,10,-15.092593582078464,-10.42134761939964,0.690494152825685,4.6712459626788245,"{""geodesic"":false,""type"":""Point"",""coordinates"":[11.454193608986989,52.38655835059187]}"
00000000000000000920_0,2133.0,1557.0,1206.0,1372.0,1272.0,3052.0,0.41165587,8.7,-14.853064397353855,-10.178125636092775,0.685254258906065,4.67493876126108,"{""geodesic"":false,""type"":""Point"",""coordinates"":[11.484736328647053,52.422131635843]}"
0000000000000000092f_0,2266.0,1609.0,1266.0,1407.0,1351.0,3341.0,0.42412618,4.8,-15.09538208279183,-10.3987077814622,0.6888668153233655,4.6966743013296295,"{""geodesic"":false,""type"":""Point"",""coordinates"":[11.890864668597487,52.29052844671949]}"
00000000000000000938_0,3391.0,2507.0,1418.0,1584.0,1642.0,2756.0,0.25329694,21.4,-17.486715871420827,-13.161803590960483,0.7526744122646434,4.324912280460344,"{""geodesic"":false,""type"":""Point"",""coordinates"":[12.105741684558877,51.873350828774385]}"
0000000000000000076f_0,2258.0,1655.0,1282.0,1438.0,1323.0,3424.0,0.44259533,28.5,-14.11059635987721,-9.464057769499842,0.6707057255503691,4.646538590377368,"{""geodesic"":false,""type"":""Point"",""coordinates"":[13.267622673039067,51.86481683357525]}"
00000000000000000771_0,2166.0,1594.0,1211.0,1335.0,1249.5,2930.0,0.40208158,11.8,-15.290449499205383,-9.465000304680721,0.6190138690934234,5.825449194524662,"{""geodesic"":false,""type"":""Point"",""coordinates"":[13.510437294336572,52.73941659419402]}"
0000000000000000076c_0,2162.5,1565.0,1248.5,1409.0,1285.0,3275.0,0.4364035,43.1,-14.923645017209529,-10.205626511875504,0.6838561557921448,4.718018505334024,"{""geodesic"":false,""type"":""Point"",""coordinates"":[13.276426162823437,52.781996738661284]}"
00000000000000000772_0,2373.0,1686.0,1283.5,1437.5,1323.5,3334.0,0.43166935,28,-15.447146489405554,-9.827965905871347,0.6362318058297608,5.619180583534208,"{""geodesic"":false,""type"":""Point"",""coordinates"":[13.536578269104451,53.0624507703634]}"
0000000000000000077a_0,2183.0,1551.0,1267.5,1368.5,1261.5,3218.5,0.43683037,9.8,-15.02588828667593,-9.883301218613036,0.6577515438722491,5.142587068062893,"{""geodesic"":false,""type"":""Point"",""coordinates"":[13.863744695580781,52.71058067357378]}"
00000000000000000788_0,2327.5,1651.5,1270.5,1429.5,1362.0,3159.5,0.39754507,28.4,-14.645498346994534,-9.917315952950872,0.677157971547349,4.728182394043662,"{""geodesic"":false,""type"":""Point"",""coordinates"":[14.047270508126399,52.12856220099274]}"
0000000000000000078d_0,2044.0,1473.0,1212.0,1339.0,1227.5,3202.0,0.44576138,15,-14.529664173247777,-9.46396774090015,0.6513548852922108,5.065696432347627,"{""geodesic"":false,""type"":""Point"",""coordinates"":[14.366980917744536,52.405243308501554]}"
00000000000000000909_0,2212.0,1681.0,1264.0,1425.0,1368.0,3263.0,0.40919888,33.7,-15.395349446023744,-10.747188719891334,0.6980802064656662,4.64816072613241,"{""geodesic"":false,""type"":""Point"",""coordinates"":[10.9890459548699,52.6070049213148]}"
00000000000000000915_0,2608.0,1883.0,1243.0,1381.0,1290.0,3312.0,0.43937418,64.2,-15.199332553229478,-9.157919295515143,0.6025211477835133,6.041413257714336,"{""geodesic"":false,""type"":""Point"",""coordinates"":[11.314236087721167,52.62182712350277]}"
00000000000000000789_0,3075.0,2129.0,1347.0,1506.0,1485.0,3306.0,0.38008767,7.2,-16.150163545488294,-10.645539804766434,0.6591598762936596,5.5046237407218594,"{""geodesic"":false,""type"":""Point"",""coordinates"":[14.133059617759814,52.73753013209737]}"
0000000000000000080c_0,3500.0,2535.0,1604.0,1874.0,1797.0,4128.0,0.39341772,36.1,-17.766026781806747,-10.841900523015081,0.6102602825139102,6.9241262587916665,"{""geodesic"":false,""type"":""Point"",""coordinates"":[10.537013703900957,51.85493536544993]}"
00000000000000000873_0,3261.0,2335.0,1388.0,1656.0,1661.0,3618.0,0.37071416,530.7,-18.644210740434247,-12.755619809446923,0.6841598170623246,5.8885909309873234,"{""geodesic"":false,""type"":""Point"",""coordinates"":[7.85527308621895,53.29304830379688]}"
0000000000000000077d_0,1893.5,1452.0,1257.0,1297.5,1261.5,2498.5,0.32898936,23.7,-19.66065443177475,-13.136874646405651,0.6681809444335877,6.523779785369097,"{""geodesic"":false,""type"":""Point"",""coordinates"":[13.891053480218014,52.349727423942966]}"
0000000000000000070c_0,4058.0,3312.0,1556.0,1814.0,2062.0,3626.0,0.27496484,18.7,-17.736501956947556,-10.446612616904751,0.5889894547561964,7.289889340042805,"{""geodesic"":false,""type"":""Point"",""coordinates"":[10.727456544134295,49.22871063232652]}"
00000000000000000864_0,2658.0,1995.0,1444.0,1622.0,1594.0,3584.0,0.38431826,29.2,-14.430475917704477,-7.538445773322302,0.5223975852434309,6.892030144382176,"{""geodesic"":false,""type"":""Point"",""coordinates"":[7.548408585163721,53.413063225755245]}"
000000000000000008e1_0,3543.0,2677.0,1523.0,1754.5,1841.5,4186.0,0.38896725,24.8,-19.16909846440977,-11.660257454552474,0.6082840816015131,7.5088410098572975,"{""geodesic"":false,""type"":""Point"",""coordinates"":[6.626826935185504,50.15235840745821]}"
00000000000000000905_0,2694.0,1798.0,1240.0,1342.0,1240.0,3092.0,0.42751616,10.5,-16.021995214634234,-9.613156383141689,0.5999974568935825,6.408838831492545,"{""geodesic"":false,""type"":""Point"",""coordinates"":[13.035587835150993,51.43928488348784]}"
00000000000000000825_0,3280.0,2547.0,1390.0,1584.0,1602.5,3831.0,0.41014078,32.1,-19.078622702520942,-12.267547379325245,0.6429996321329988,6.811075323195697,"{""geodesic"":false,""type"":""Point"",""coordinates"":[9.035389874966764,52.840926221299526]}"
00000000000000000777_0,2626.0,1863.0,1280.0,1418.5,1310.0,3396.5,0.44332308,40.2,-15.408173883121831,-9.674354241182625,0.6278715644415168,5.733819641939206,"{""geodesic"":false,""type"":""Point"",""coordinates"":[13.731243191173151,52.89464547528987]}"
00000000000000000785_0,3851.0,2871.0,1576.0,1812.5,1941.0,3816.0,0.32569048,13.2,-19.39757582565554,-13.074536157613556,0.6740293877506573,6.323039668041984,"{""geodesic"":false,""type"":""Point"",""coordinates"":[14.090748967877785,52.91898981948951]}"
0000000000000000095e_0,3254.5,2336.5,1294.5,1434.0,1414.5,3035.0,0.36419824,20.3,-18.31551222488937,-12.659420162337964,0.6911857013277951,5.656092062551407,"{""geodesic"":false,""type"":""Point"",""coordinates"":[9.803449442888956,53.63539625857483]}"
000000000000000007ed_0,3858.0,3448.0,1556.0,1736.0,1903.0,3170.0,0.2497536,16,-22.24793901948899,-12.977529502722193,0.5833137843174596,9.270409516766795,"{""geodesic"":false,""type"":""Point"",""coordinates"":[11.305073271823147,53.30499589707567]}"
000000000000000008f2_0,3391.0,2682.0,1648.0,1997.0,2264.0,3632.0,0.2320217,16.1,-20.374568494901094,-12.433067326788903,0.6102248167808011,7.941501168112191,"{""geodesic"":false,""type"":""Point"",""coordinates"":[8.26849811691393,49.66744781709049]}"
