system:index,B11,B12,B2,B3,B4,B8,NDVI,OC,VH,VV,VV_div_VH,VV_minus_VH,aspect,elev,slope,.geo
00000000000000000690_0,3657.0,2702.0,1936.0,2272.0,2662.0,4044.0,0.2060841,17.1,-20.963134403681526,-12.180919196590615,0.5810638314875,8.78221520709091,285,255,7,"{""geodesic"":false,""type"":""Point"",""coordinates"":[9.049762919512677,49.38888024748503]}"
00000000000000000705_0,4409.5,3535.5,1762.0,2194.0,2410.0,3999.5,0.24799126,12.2,-20.332443775926773,-13.511544833157965,0.6645312773054549,6.8208989427688085,297,387,8,"{""geodesic"":false,""type"":""Point"",""coordinates"":[11.177961659120236,49.69251081351742]}"
0000000000000000071b_0,2965.0,2313.0,1426.0,1704.0,1652.0,4037.0,0.4192301,14.8,-17.222404554948447,-11.363002789194574,0.6597802735930789,5.859401765753873,108,300,3,"{""geodesic"":false,""type"":""Point"",""coordinates"":[10.322585845581628,50.27372080234275]}"
0000000000000000073d_0,3281.0,2412.0,1612.0,1906.0,1874.0,4042.0,0.36646384,14.4,-18.077117242873463,-11.047006801960396,0.6111044506454952,7.030110440913067,0,495,5,"{""geodesic"":false,""type"":""Point"",""coordinates"":[11.147418939460172,48.397499499930724]}"
00000000000000000780_0,3562.0,2740.5,1735.0,2086.0,1983.5,4500.0,0.38813913,12.7,-19.120278870697963,-10.420796658521622,0.545012796570222,8.69948221217634,121,61,2,"{""geodesic"":false,""type"":""Point"",""coordinates"":[14.033346621222547,53.262864910250464]}"
00000000000000000791_0,3536.0,2684.0,1542.0,1856.0,1797.0,4228.0,0.40348548,12.5,-19.507505479032446,-8.127689703746299,0.41664423534225375,11.379815775286147,322,90,2,"{""geodesic"":false,""type"":""Point"",""coordinates"":[8.512839874194439,49.832827660896896]}"
00000000000000000793_0,3500.0,2631.0,1432.0,1794.0,1788.0,4304.0,0.41300064,18.6,-16.790541941723635,-8.375634543358045,0.4988305066285575,8.41490739836559,123,153,2,"{""geodesic"":false,""type"":""Point"",""coordinates"":[8.719811715655577,50.41080371469939]}"
000000000000000007d1_0,3772.0,2856.0,1778.0,2171.0,2285.0,4604.5,0.33667174,12.7,-19.618728882229902,-12.323842646470963,0.6281672334864444,7.2948862357589395,202,221,4,"{""geodesic"":false,""type"":""Point"",""coordinates"":[9.385193846602906,51.171497097291805]}"
000000000000000007fb_0,3387.0,2718.0,1617.0,1912.0,2021.0,3887.0,0.31584293,13.7,-19.239946919217296,-11.484174998507195,0.5968922391899397,7.755771920710101,90,33,2,"{""geodesic"":false,""type"":""Point"",""coordinates"":[14.248133805655524,53.30948747349626]}"
00000000000000000811_0,3306.0,2505.0,1596.0,1963.0,1764.0,4672.0,0.45183343,9.7,-17.93060804908974,-11.147537660676292,0.6217043856046033,6.783070388413449,301,77,2,"{""geodesic"":false,""type"":""Point"",""coordinates"":[10.661071044637863,52.393565209808]}"
00000000000000000838_0,3466.0,3015.0,1741.0,1986.0,2172.0,3805.0,0.27321398,13.8,-19.96433740827591,-11.193486109314055,0.5606740599702531,8.770851298961855,270,102,2,"{""geodesic"":false,""type"":""Point"",""coordinates"":[10.131514184649404,52.16171003497675]}"
000000000000000008a9_0,3309.0,2886.0,1726.0,1974.0,1992.0,3501.0,0.27471328,10.5,-19.90081077998161,-12.891294895743094,0.6477773713978806,7.0095158842385175,58,55,2,"{""geodesic"":false,""type"":""Point"",""coordinates"":[7.920850101959675,51.92778873499203]}"
000000000000000008bb_0,3828.0,3230.5,1872.5,2113.0,2375.0,4486.0,0.30768108,12.8,-21.851161701024356,-12.468821424588114,0.5706251042938184,9.382340276436242,0,95,1,"{""geodesic"":false,""type"":""Point"",""coordinates"":[9.077880187905619,52.23007182809825]}"
000000000000000008bd_0,2843.5,2286.0,1395.5,1586.5,1636.0,4396.5,0.45760465,15.8,-17.729820079524043,-11.701290797168928,0.6599779774800202,6.028529282355114,28,194,3,"{""geodesic"":false,""type"":""Point"",""coordinates"":[9.178581331255417,51.52974523259867]}"
000000000000000008d1_0,2868.0,2122.0,1506.0,1896.0,1730.0,4176.0,0.4141551,8.2,-16.989136442157488,-11.644159285037277,0.685388531941095,5.34497715712021,152,205,3,"{""geodesic"":false,""type"":""Point"",""coordinates"":[7.3460181516515926,50.315312799997486]}"
000000000000000008f0_0,4011.0,3143.0,2138.0,2578.0,3232.0,4808.0,0.1960199,20.8,-20.50627801334245,-11.596041649453218,0.5654873908326139,8.910236363889231,270,255,1,"{""geodesic"":false,""type"":""Point"",""coordinates"":[8.18477513243399,49.68415648137511]}"
00000000000000000917_0,2435.5,1726.5,1322.5,1465.0,1371.5,4518.0,0.53425586,16.6,-19.90211384330169,-12.549490508558675,0.6305606835216835,7.352623334743017,39,164,2,"{""geodesic"":false,""type"":""Point"",""coordinates"":[11.339029589562866,51.489051550228055]}"
0000000000000000092d_0,3501.0,3000.5,1416.5,1609.0,1748.5,2947.0,0.25524437,19.1,-19.14878454381229,-10.843455628122284,0.5662738333763446,8.305328915690007,0,70,0,"{""geodesic"":false,""type"":""Point"",""coordinates"":[11.836336930851433,51.680033379631865]}"
0000000000000000068e_0,3390.0,2415.0,1408.0,1683.0,1634.0,3845.0,0.4035408,18.1,-17.714256945634943,-9.9579071450876,0.5621408324181149,7.756349800547344,37,165,2,"{""geodesic"":false,""type"":""Point"",""coordinates"":[8.832460452284165,49.2609601510264]}"
000000000000000006c4_0,3431.5,2569.0,1808.0,2145.0,2761.0,5118.0,0.29914963,14,-18.258709082102122,-12.21425568944727,0.6689550523273382,6.044453392654852,0,486,0,"{""geodesic"":false,""type"":""Point"",""coordinates"":[11.54303699058641,48.9685585260455]}"
000000000000000006f2_0,4530.0,3401.0,1723.0,1988.0,2152.0,3993.0,0.29959315,20.6,-21.308609624492153,-15.068014811403305,0.7071327072454368,6.240594813088848,38,400,2,"{""geodesic"":false,""type"":""Point"",""coordinates"":[11.782258350747437,49.540695530501225]}"
000000000000000006f6_0,3194.5,2426.5,1767.5,2172.0,2150.0,4997.0,0.39834896,22,-19.23521982918696,-12.048990202527829,0.6264025214957535,7.186229626659131,246,505,5,"{""geodesic"":false,""type"":""Point"",""coordinates"":[12.232763465733377,49.1188466730787]}"
00000000000000000737_0,3022.0,2198.0,1420.0,1701.0,1586.0,4022.0,0.43437946,29.6,-17.344428896690985,-9.698402251083063,0.5591652690814944,7.646026645607922,124,498,2,"{""geodesic"":false,""type"":""Point"",""coordinates"":[10.822049143552082,48.31045274889954]}"
00000000000000000739_0,3370.0,2231.0,1326.0,1624.0,1292.0,6580.0,0.671748,54.7,-17.83087236106962,-10.424095532200399,0.5846093966192851,7.406776828869221,0,425,0,"{""geodesic"":false,""type"":""Point"",""coordinates"":[10.907389095543436,48.56171153386777]}"
0000000000000000074e_0,3915.0,3195.0,1615.0,1903.0,2154.0,3320.0,0.21300694,5.3,-20.405032018619128,-13.369690087127369,0.6552153446722274,7.035341931491759,238,135,2,"{""geodesic"":false,""type"":""Point"",""coordinates"":[12.382153297482454,52.15578115410156]}"
00000000000000000795_0,3172.0,2263.0,1552.0,1942.0,1712.0,5583.0,0.53063744,16.9,-15.943984250409914,-8.561225954784653,0.5369564984714876,7.38275829562526,303,134,3,"{""geodesic"":false,""type"":""Point"",""coordinates"":[8.777483556896051,50.357533618351106]}"
000000000000000007f9_0,2988.5,2211.5,1593.0,2096.0,2113.0,5158.0,0.41878697,6,-17.7132204445955,-10.712555038492448,0.6047773792461871,7.000665406103051,140,86,2,"{""geodesic"":false,""type"":""Point"",""coordinates"":[13.265646379414004,53.42986172156828]}"
00000000000000000840_0,3523.5,2789.0,1543.5,1794.5,1849.5,4153.0,0.38375676,17.9,-19.066523281711262,-12.251495832708851,0.6425658024638697,6.815027449002411,320,20,2,"{""geodesic"":false,""type"":""Point"",""coordinates"":[8.932712437991905,53.39725287675474]}"
00000000000000000916_0,3551.5,2656.0,1583.5,1840.0,2234.0,3954.0,0.27795735,15,-21.812882608381752,-13.563075647687686,0.6217919883030948,8.249806960694066,338,170,4,"{""geodesic"":false,""type"":""Point"",""coordinates"":[11.317020865101938,51.72297285021278]}"
000000000000000007f0_0,4049.0,3553.0,1693.0,1932.0,2102.0,3436.0,0.24088119,17.7,-20.34272079162669,-12.14328195008264,0.5969349957888113,8.19943884154405,0,57,1,"{""geodesic"":false,""type"":""Point"",""coordinates"":[11.96641298399194,53.332035187127666]}"
00000000000000000846_0,2752.5,2106.0,1636.0,1848.0,1735.5,4236.0,0.41873902,22.3,-20.41460988862555,-10.457827775183,0.5122717422589501,9.956782113442548,40,31,2,"{""geodesic"":false,""type"":""Point"",""coordinates"":[9.472510092219323,53.50864397198556]}"
00000000000000000937_0,3246.5,2297.0,1546.0,1818.5,1938.0,3492.0,0.28618786,10.1,-21.686746911810815,-12.124663121819953,0.5590816903579366,9.562083789990862,42,32,11,"{""geodesic"":false,""type"":""Point"",""coordinates"":[12.106190842200938,52.50262068530011]}"
000000000000000006d2_0,3090.0,2258.0,1449.5,1779.0,1659.0,4308.0,0.44394168,22.7,-19.735626537147372,-11.633741657523915,0.5894792159562967,8.101884879623457,0,538,1,"{""geodesic"":false,""type"":""Point"",""coordinates"":[12.393561901590772,47.909534637597]}"
000000000000000008af_0,2760.0,2456.0,1546.0,1726.0,1970.0,3500.0,0.2797075,14.3,-18.631707205855562,-11.245065550359495,0.6035445612211747,7.386641655496067,0,101,1,"{""geodesic"":false,""type"":""Point"",""coordinates"":[8.247567370793945,51.753246075287606]}"
000000000000000006a9_0,3322.0,2673.0,1614.0,2062.0,2282.0,4348.0,0.3116139,14.4,-19.028443417889513,-11.593255506863214,0.6092592679422144,7.435187911026299,154,633,3,"{""geodesic"":false,""type"":""Point"",""coordinates"":[9.397860092108992,47.95193511900744]}"
000000000000000006af_0,3014.0,2295.0,1432.0,1763.0,1778.0,4537.0,0.43689626,13.7,-18.792259914789582,-10.384763447615018,0.5526085470668788,8.407496467174564,159,615,4,"{""geodesic"":false,""type"":""Point"",""coordinates"":[9.664569899964079,48.09701303739274]}"
000000000000000006b1_0,3193.0,2455.0,1622.0,1982.0,2116.0,4143.0,0.32385364,13.2,-18.93676329354731,-11.133147358670346,0.5879118403758028,7.803615934876962,270,582,3,"{""geodesic"":false,""type"":""Point"",""coordinates"":[9.718738311596486,48.00718150898079]}"
000000000000000006bd_0,3411.0,2492.5,1447.5,1791.0,1646.5,4528.0,0.46667746,18.8,-18.417580673832447,-11.137966709558905,0.6047464597445005,7.279613964273542,56,644,2,"{""geodesic"":false,""type"":""Point"",""coordinates"":[10.013385724787687,47.845574589367686]}"
000000000000000006e0_0,3084.0,2239.5,1511.0,1732.5,1571.0,4699.5,0.49892354,17,-18.150604580088316,-11.111009240340659,0.6121564265980277,7.039595339747658,0,413,4,"{""geodesic"":false,""type"":""Point"",""coordinates"":[12.713451974265734,48.38824685250429]}"
000000000000000006e4_0,2375.0,1824.0,1614.0,2156.0,1836.0,4964.0,0.46,14.3,-17.494080297358398,-10.077549804428592,0.5760548501626748,7.416530492929805,333,344,3,"{""geodesic"":false,""type"":""Point"",""coordinates"":[12.999206066144154,48.650914241580836]}"
000000000000000006f0_0,3540.5,2652.0,1798.0,2377.0,2550.0,4594.0,0.28611422,18.1,-19.218109310066442,-10.512862011716166,0.5470289424469831,8.705247298350276,0,565,3,"{""geodesic"":false,""type"":""Point"",""coordinates"":[11.685060637005705,49.128458646618775]}"
000000000000000006fb_0,3892.0,2864.0,1706.0,2072.0,2500.0,4336.0,0.2685781,13,-18.57272448371995,-13.169703820782782,0.709088417928494,5.403020662937166,207,425,3,"{""geodesic"":false,""type"":""Point"",""coordinates"":[12.408473935307157,49.34917471192694]}"
000000000000000006fc_0,2441.0,1719.0,1291.0,1480.0,1347.0,3809.0,0.47750193,16.7,-24.76850745737392,-18.166116705582304,0.7334360674273898,6.602390751791617,256,529,12,"{""geodesic"":false,""type"":""Point"",""coordinates"":[12.503875018480649,49.59899619244058]}"
0000000000000000070e_0,3552.0,2663.0,1457.0,1695.0,1747.0,3364.0,0.31637645,25.1,-19.443658383650142,-10.246858326283224,0.5270025899498235,9.196800057366918,143,450,2,"{""geodesic"":false,""type"":""Point"",""coordinates"":[10.80776593053458,49.102227840322485]}"
00000000000000000721_0,3277.5,2348.0,1484.0,1696.5,1666.5,5039.5,0.5029824,13.1,-18.671430415423444,-10.621313956574946,0.5688537900021448,8.050116458848498,72,495,3,"{""geodesic"":false,""type"":""Point"",""coordinates"":[10.202211597509612,48.33129366349111]}"
0000000000000000072c_0,2679.0,1937.0,1360.0,1601.0,1512.0,4370.0,0.48588917,11.1,-19.444541741577126,-9.408779779317815,0.4838776816837792,10.035761962259311,288,502,3,"{""geodesic"":false,""type"":""Point"",""coordinates"":[10.55228506373099,48.29410341072857]}"
00000000000000000743_0,4874.0,4527.0,2106.0,2472.0,2914.0,4056.0,0.16384505,6.4,-23.362942225530304,-14.327930780264172,0.6132759582227212,9.035011445266132,151,40,6,"{""geodesic"":false,""type"":""Point"",""coordinates"":[12.066664969699678,52.91683386280762]}"
00000000000000000744_0,4088.0,3489.0,1727.0,2056.0,2208.0,3944.0,0.28218466,13.1,-21.054363177151213,-12.859386834417128,0.6107706381911611,8.194976342734085,0,67,0,"{""geodesic"":false,""type"":""Point"",""coordinates"":[12.145626883173785,53.311014609479265]}"
00000000000000000758_0,3284.0,2639.5,1481.5,1679.0,1658.0,3445.0,0.35018617,20.1,-19.25674743986102,-12.590983955809197,0.653847904228424,6.665763484051823,121,29,2,"{""geodesic"":false,""type"":""Point"",""coordinates"":[12.674105764821299,52.635122189707744]}"
00000000000000000781_0,3418.0,2457.5,1488.5,1765.5,1668.0,3903.5,0.40123844,33.4,-19.115898952058043,-12.516167031083098,0.6547516840548894,6.5997319209749445,253,97,3,"{""geodesic"":false,""type"":""Point"",""coordinates"":[13.902012926684273,51.467581814937596]}"
00000000000000000794_0,3867.0,2901.0,1692.0,2124.0,2176.0,4805.0,0.37659362,21.4,-17.13079543896465,-10.552089837400235,0.6159719713539455,6.578705601564415,252,261,3,"{""geodesic"":false,""type"":""Point"",""coordinates"":[8.762930849293314,49.83579210133449]}"
000000000000000007f4_0,2897.5,2122.0,1488.5,1733.5,1662.0,4282.0,0.4407806,11.6,-19.851717188958848,-10.4771842586164,0.5277721901278956,9.374532930342447,29,42,3,"{""geodesic"":false,""type"":""Point"",""coordinates"":[12.52552441682793,53.64536755822856]}"
0000000000000000081c_0,3060.5,2457.0,1668.0,1949.5,2133.0,3975.0,0.3015717,13.1,-19.006537427734102,-12.284043685765692,0.6463062371287559,6.72249374196841,0,44,1,"{""geodesic"":false,""type"":""Point"",""coordinates"":[8.624500464010495,52.69306352553345]}"
00000000000000000826_0,3162.0,2654.5,1438.0,1664.0,1744.0,3757.5,0.3659911,9.4,-21.12789497242747,-13.870250804879639,0.6564899542988418,7.257644167547831,209,20,3,"{""geodesic"":false,""type"":""Point"",""coordinates"":[9.09584649358801,52.787476461894414]}"
0000000000000000085e_0,2381.5,1695.0,1495.0,2014.0,1541.0,6184.0,0.6010356,12,-15.62506778506517,-8.739678360483436,0.5593369885305098,6.885389424581733,180,4,1,"{""geodesic"":false,""type"":""Point"",""coordinates"":[7.308288909718573,52.92249324909758]}"
00000000000000000865_0,3164.0,2328.0,1447.0,1677.0,1462.0,4046.0,0.4691358,21,-19.965508070299848,-12.462966689092013,0.6242248704720711,7.502541381207834,121,13,2,"{""geodesic"":false,""type"":""Point"",""coordinates"":[7.603475312080247,52.96471406745119]}"
00000000000000000878_0,3471.0,2646.0,1542.0,1752.0,1828.0,4044.0,0.3773842,37.9,-18.42405560278975,-10.113907726101626,0.5489512159619291,8.310147876688124,180,3,1,"{""geodesic"":false,""type"":""Point"",""coordinates"":[7.952111473847034,53.15093482584917]}"
0000000000000000089a_0,3351.0,2361.5,1539.5,1783.0,1887.0,3774.5,0.3333922,17.3,-16.466650201985072,-7.432986960229614,0.4513964205867177,9.033663241755459,122,50,5,"{""geodesic"":false,""type"":""Point"",""coordinates"":[6.923630305058594,51.61813945655603]}"
000000000000000008a0_0,3109.5,2525.5,1768.5,1968.5,2201.0,4438.0,0.33694834,12.2,-18.3720410464381,-11.743973307027337,0.6392307352973291,6.628067739410762,0,47,0,"{""geodesic"":false,""type"":""Point"",""coordinates"":[7.321314481338306,51.735818758775686]}"
000000000000000008a7_0,3515.0,2754.0,1634.0,1939.0,2268.0,3735.0,0.2443778,12.2,-18.069832849788483,-9.813444566084724,0.5430844129916562,8.256388283703759,122,52,2,"{""geodesic"":false,""type"":""Point"",""coordinates"":[7.800206359302423,52.015464306722095]}"
000000000000000008ed_0,3385.0,2592.0,1584.0,2122.0,2112.0,4384.0,0.3497537,14.2,-17.720106004554776,-10.181615858166216,0.5745798504562633,7.538490146388559,153,170,3,"{""geodesic"":false,""type"":""Point"",""coordinates"":[8.042481991429458,49.0880344588334]}"
000000000000000008ef_0,3761.0,3226.0,2056.0,2526.0,3186.0,5020.0,0.223495,15,-20.831484519307658,-10.664692747375458,0.5119506839510592,10.1667917719322,123,301,3,"{""geodesic"":false,""type"":""Point"",""coordinates"":[8.045536263395464,49.69978716731879]}"
00000000000000000911_0,3010.0,2340.0,1359.5,1538.5,1502.5,3004.0,0.3331854,23.2,-19.242212958231626,-10.055818224075377,0.522591567087589,9.186394734156249,302,129,2,"{""geodesic"":false,""type"":""Point"",""coordinates"":[11.222428265684153,51.43632044305024]}"
00000000000000000913_0,3736.0,3164.5,1532.0,1790.0,1870.0,3787.0,0.3388722,21.1,-19.115427477928485,-11.274745748775478,0.5898244107694581,7.840681729153006,295,115,7,"{""geodesic"":false,""type"":""Point"",""coordinates"":[11.235543668832298,51.921590359531606]}"
0000000000000000091a_0,3294.0,2603.0,1730.0,2040.0,2226.0,3900.0,0.27326152,11.1,-20.560526217278344,-14.838518093380099,0.7216993347626642,5.722008123898245,321,79,2,"{""geodesic"":false,""type"":""Point"",""coordinates"":[11.393736990365745,52.33337808577199]}"
00000000000000000944_0,3818.0,3108.0,1472.0,1725.0,1840.0,3282.0,0.28153065,9.1,-19.84769150755531,-11.85186461322381,0.5971407107326425,7.9958268943315005,0,73,0,"{""geodesic"":false,""type"":""Point"",""coordinates"":[12.886916655629213,51.82079938465339]}"
00000000000000000949_0,3530.0,2901.0,1604.0,1754.0,1880.0,3532.0,0.3052476,21.7,-19.17645393724651,-11.66586120645668,0.6083429837775183,7.5105927307898295,270,1,2,"{""geodesic"":false,""type"":""Point"",""coordinates"":[9.058027420126576,54.53056743919993]}"
0000000000000000094e_0,3781.0,3255.0,1750.0,2170.0,2278.0,4124.0,0.2883474,11.4,-19.346873298075487,-10.681991685614115,0.552130130850482,8.664881612461372,180,6,2,"{""geodesic"":false,""type"":""Point"",""coordinates"":[9.310184520378927,54.2266673785823]}"
00000000000000000953_0,2890.0,2596.0,1355.0,1662.0,1500.0,3278.0,0.37212223,28.8,-19.680327853715283,-10.464025947609725,0.5316997778385236,9.216301906105558,139,16,2,"{""geodesic"":false,""type"":""Point"",""coordinates"":[9.460203172826887,54.47909397341988]}"
00000000000000000957_0,3179.0,2429.0,1440.0,1842.0,1771.0,3878.0,0.37298638,17.8,-17.114870663192498,-8.58627803541859,0.5016852422895822,8.528592627773907,30,53,3,"{""geodesic"":false,""type"":""Point"",""coordinates"":[9.551202511108194,54.62318374499265]}"
00000000000000000959_0,3080.0,2317.0,1380.0,1630.0,1514.0,3604.0,0.40836263,24.7,-20.088821325905716,-12.124343865670697,0.6035368461381875,7.964477460235019,270,0,2,"{""geodesic"":false,""type"":""Point"",""coordinates"":[9.647412078037394,54.22810468303689]}"
0000000000000000095b_0,2373.0,1783.0,1317.0,1535.0,1385.0,4712.0,0.5456782,17.9,-19.40344959909587,-12.521563359504844,0.6453266619193477,6.881886239591028,270,36,2,"{""geodesic"":false,""type"":""Point"",""coordinates"":[9.67382254739051,54.76736334809384]}"
0000000000000000095d_0,3427.0,2480.0,1550.0,1798.0,1944.0,4082.0,0.35479587,9.9,-20.543287233162857,-11.615198846242865,0.56540118017201,8.928088386919992,0,7,3,"{""geodesic"":false,""type"":""Point"",""coordinates"":[9.73778259561982,54.479992288704004]}"
000000000000000006a7_0,3424.0,2476.0,1542.0,1888.0,1928.0,4700.0,0.4182257,18.7,-17.60583962557552,-11.084459911040502,0.629589962579144,6.521379714535017,153,743,3,"{""geodesic"":false,""type"":""Point"",""coordinates"":[9.339020440999164,48.365519475816065]}"
000000000000000008bf_0,3276.5,2569.0,1461.5,1720.5,1711.0,4295.0,0.43023643,15.6,-14.41401764212173,-8.45291658078397,0.5864372301087116,5.961101061337759,71,169,11,"{""geodesic"":false,""type"":""Point"",""coordinates"":[9.229246313279758,51.94359908399253]}"
000000000000000007f8_0,3449.5,2460.0,1494.5,1758.0,1702.5,4796.0,0.47603294,9.9,-19.330795575373255,-12.582378449093207,0.650898117464069,6.748417126280048,220,86,5,"{""geodesic"":false,""type"":""Point"",""coordinates"":[13.137726282955384,53.73906184236222]}"
00000000000000000971_0,3204.0,2510.5,1563.5,1792.5,2047.5,4146.0,0.33882296,19.2,-18.776411670420796,-11.57566198769292,0.6165002233056333,7.200749682727876,32,268,5,"{""geodesic"":false,""type"":""Point"",""coordinates"":[10.156936507189988,51.065136567652054]}"
0000000000000000074b_0,3623.0,3036.5,1466.0,1813.5,1808.0,4226.0,0.4007292,7.9,-18.81531346905399,-11.13960864490792,0.5920501225360666,7.67570482414607,0,46,0,"{""geodesic"":false,""type"":""Point"",""coordinates"":[12.36867856822066,53.00118566798645]}"
0000000000000000081b_0,2881.0,2095.0,1561.0,1780.0,1922.0,4431.0,0.39493152,39.6,-21.005488338290597,-13.232797774550924,0.6299685854210326,7.772690563739673,180,36,1,"{""geodesic"":false,""type"":""Point"",""coordinates"":[8.423277840367723,52.528761660067985]}"
0000000000000000091f_0,3351.0,2571.0,1603.0,1846.0,1840.0,4120.0,0.38255033,9,-18.057731667556798,-10.380843510032264,0.5748697400727734,7.676888157524534,0,37,0,"{""geodesic"":false,""type"":""Point"",""coordinates"":[11.467848001305605,52.799873212815264]}"
000000000000000006e2_0,3311.0,2077.0,1440.0,1911.0,1494.0,6375.0,0.6202821,9.9,-17.43150571900324,-8.594746315403567,0.4930581703010236,8.836759403599673,180,331,1,"{""geodesic"":false,""type"":""Point"",""coordinates"":[12.78828163743289,48.76437146196513]}"
000000000000000007aa_0,4060.5,3238.5,1948.0,2392.0,2725.0,4551.5,0.25101355,15.9,-19.541727832605996,-12.237756835451107,0.6262371956195203,7.30397099715489,218,219,2,"{""geodesic"":false,""type"":""Point"",""coordinates"":[8.739754314963031,50.7167699004705]}"
000000000000000007ae_0,3305.0,2635.5,1545.0,1932.0,2200.0,4350.5,0.32829556,10.3,-17.360849288383584,-8.331424611477289,0.4798972949469687,9.029424676906295,47,287,8,"{""geodesic"":false,""type"":""Point"",""coordinates"":[8.933520921747611,50.91646538813027]}"
000000000000000007f5_0,3134.0,2312.0,1574.0,1852.0,1764.0,4520.0,0.43857417,15.4,-17.407392260162993,-9.16003943913761,0.5262154895021501,8.247352821025384,180,0,1,"{""geodesic"":false,""type"":""Point"",""coordinates"":[12.689736450764979,54.325212565250204]}"
00000000000000000819_0,3707.0,3179.0,1760.0,1980.0,2036.0,3620.0,0.28005657,16.2,-21.646903641423993,-13.51379249008347,0.6242829327434699,8.133111151340524,239,69,2,"{""geodesic"":false,""type"":""Point"",""coordinates"":[10.869480190553592,52.53603801386936]}"
0000000000000000085c_0,4037.5,3673.0,1644.0,1933.0,2097.0,3300.0,0.22290161,22.1,-18.50459202342204,-9.965431910174795,0.5385383205185572,8.539160113247243,219,20,2,"{""geodesic"":false,""type"":""Point"",""coordinates"":[7.211181027505253,52.57852832680821]}"
0000000000000000087a_0,3266.0,2567.0,1803.0,2018.0,2194.0,4123.0,0.3053665,25,-20.760886996284345,-14.03113159293692,0.6758445145165582,6.729755403347426,0,44,2,"{""geodesic"":false,""type"":""Point"",""coordinates"":[8.073653531788406,52.43380973453655]}"
000000000000000008b8_0,3131.0,2767.0,1725.0,1996.0,2128.0,4028.0,0.30864197,10.4,-19.548110016859688,-10.824438038972799,0.5537332268765128,8.72367197788689,28,174,3,"{""geodesic"":false,""type"":""Point"",""coordinates"":[8.995774170937095,51.97773506478907]}"
000000000000000008c4_0,3356.0,2930.0,1660.0,1939.0,2150.0,3164.0,0.19081672,20.4,-19.292222156265048,-10.070138888860027,0.5219792104451692,9.22208326740502,141,389,5,"{""geodesic"":false,""type"":""Point"",""coordinates"":[7.917436503880021,51.37020443813904]}"
0000000000000000096a_0,3148.0,2688.0,1597.0,1792.0,1888.0,3898.0,0.34739026,20.1,-19.62498563764198,-12.796502028391972,0.6520515359688958,6.828483609250009,0,12,0,"{""geodesic"":false,""type"":""Point"",""coordinates"":[10.779828325198464,54.118330555317485]}"
00000000000000000986_0,2797.5,2111.0,1695.0,2000.0,1997.0,4234.0,0.35901138,29.8,-18.50145153523603,-10.463550231337098,0.5655529357471903,8.03790130389893,122,463,5,"{""geodesic"":false,""type"":""Point"",""coordinates"":[11.596935907633581,50.62271629022319]}"
0000000000000000075a_0,2830.5,1996.5,1261.5,1443.0,1325.0,3455.0,0.4456067,14.7,-20.563118254369055,-14.684779975200756,0.7141319615803248,5.8783382791682985,287,41,3,"{""geodesic"":false,""type"":""Point"",""coordinates"":[12.721446980294397,52.92177459687028]}"
0000000000000000077c_0,3679.5,2993.5,1806.0,2089.0,2266.0,3953.5,0.27132407,18,-19.816870433036033,-12.456296156548346,0.6285702981527738,7.360574276487688,0,70,5,"{""geodesic"":false,""type"":""Point"",""coordinates"":[13.938574358747937,53.21193043364089]}"
000000000000000006c9_0,3054.0,2148.5,1466.5,1740.5,1667.0,4796.0,0.4841405,20.2,-20.016527744433045,-15.084038110889054,0.7535791573583083,4.932489633543991,223,466,10,"{""geodesic"":false,""type"":""Point"",""coordinates"":[11.72162206906937,48.606088308903274]}"
00000000000000000786_0,3158.0,2351.0,1427.0,1655.0,1631.5,3595.5,0.37574133,12.2,-19.11168002687338,-12.624195342635966,0.660548697178102,6.487484684237414,301,34,2,"{""geodesic"":false,""type"":""Point"",""coordinates"":[14.09748633250868,52.99067537916225]}"
0000000000000000080d_0,3659.5,2724.0,1513.0,1749.0,1789.0,3954.5,0.3770349,29.9,-18.320523772122797,-12.233191116641766,0.6677315162384305,6.087332655481031,140,101,2,"{""geodesic"":false,""type"":""Point"",""coordinates"":[10.548871465651334,52.82556502994108]}"
00000000000000000844_0,3376.0,2510.0,1457.0,1731.0,1763.0,4626.5,0.44815713,252.2,-18.801208503159952,-13.442795904245678,0.7149963738759838,5.358412598914274,107,31,3,"{""geodesic"":false,""type"":""Point"",""coordinates"":[9.412682294296964,53.47235203450713]}"
00000000000000000855_0,3800.0,3198.0,1750.0,2138.0,2160.0,3867.0,0.28322548,10.1,-19.612500283964135,-12.062770109192755,0.6150551910536209,7.54973017477138,59,43,2,"{""geodesic"":false,""type"":""Point"",""coordinates"":[10.935686026993201,52.87703849572113]}"
0000000000000000085a_0,3630.0,3076.0,1586.0,1776.5,1883.5,3052.0,0.23675413,20.2,-21.583024440359758,-8.871506772160838,0.41104094547432035,12.711517668198919,0,36,3,"{""geodesic"":false,""type"":""Point"",""coordinates"":[7.142549739798521,52.27121466811092]}"
00000000000000000898_0,2547.0,2064.5,1380.0,1539.0,1500.0,2677.0,0.2817812,18.9,-19.42596051858375,-12.525238579297714,0.6447680446645356,6.900721939286036,258,59,5,"{""geodesic"":false,""type"":""Point"",""coordinates"":[6.854729522766626,51.778219240186125]}"
000000000000000008a3_0,3153.5,2352.5,1461.0,1763.0,1643.0,4102.0,0.42802438,14.9,-17.346914114933544,-10.626532418486573,0.6125892102814093,6.720381696446971,122,60,2,"{""geodesic"":false,""type"":""Point"",""coordinates"":[7.488940113355008,51.847389517063334]}"
000000000000000008ab_0,3273.0,2544.0,1764.0,1968.0,2038.0,3226.0,0.2256839,39.1,-19.957973520484444,-10.9609811514145,0.5492031112359369,8.996992369069943,90,98,1,"{""geodesic"":false,""type"":""Point"",""coordinates"":[7.986966106870871,51.749113824980654]}"
000000000000000006a0_0,3381.5,2442.5,1534.0,1857.0,1771.0,4198.0,0.40660077,49.9,-17.272668991475957,-11.224087972099813,0.649817812038133,6.048581019376144,270,472,1,"{""geodesic"":false,""type"":""Point"",""coordinates"":[9.014189634261545,48.41708277312453]}"
000000000000000008d5_0,3140.0,2408.0,1462.0,1692.0,1734.0,3562.0,0.34516618,12.9,-16.46795321526563,-10.789755345292356,0.6551971094556158,5.678197869973275,270,212,1,"{""geodesic"":false,""type"":""Point"",""coordinates"":[7.814938729961983,49.89346394257496]}"
00000000000000000711_0,3498.0,2317.0,1280.0,1552.0,1422.0,4760.0,0.5399547,32.1,-15.18282814318274,-9.100234406427774,0.5993767643687571,6.082593736754966,323,460,2,"{""geodesic"":false,""type"":""Point"",""coordinates"":[11.054173812968566,49.10016171516901]}"
00000000000000000720_0,3470.5,2319.0,1402.0,1713.5,1529.0,4817.5,0.5181596,42.5,-18.04527190744502,-11.807179174151983,0.6543087427394564,6.238092733293037,56,780,5,"{""geodesic"":false,""type"":""Point"",""coordinates"":[10.20032513541296,47.84539492631087]}"
00000000000000000726_0,3144.0,1994.0,1354.0,1709.0,1358.0,5236.0,0.5881104,49.8,-19.916006724154425,-12.942488696190349,0.6498536014498082,6.973518027964076,37,638,2,"{""geodesic"":false,""type"":""Point"",""coordinates"":[10.388342524379176,47.988855877184754]}"
0000000000000000246c_0,4057.0,2854.5,1456.0,1670.5,1705.0,4359.0,0.4376649,43.9,-19.715512189671664,-12.92510512476981,0.655580489130831,6.790407064901853,138,327,11,"{""geodesic"":false,""type"":""Point"",""coordinates"":[7.927228140476923,51.15460876995036]}"
0000000000000000096c_0,2950.5,2245.5,1542.0,1978.0,1799.5,4978.0,0.46897823,34.4,-16.145724509778397,-10.205470764619886,0.6320850302158387,5.940253745158511,0,11,0,"{""geodesic"":false,""type"":""Point"",""coordinates"":[10.968205040278328,54.3326685821084]}"
000000000000000007ce_0,2694.0,1775.0,1241.0,1434.0,1270.5,5067.5,0.5990849,21.4,-16.59691431218657,-10.388662309661854,0.625939383324634,6.208252002524716,257,353,20,"{""geodesic"":false,""type"":""Point"",""coordinates"":[9.360759670874856,50.86571057457752]}"
00000000000000000828_0,2535.0,1677.0,1200.0,1356.0,1168.0,3820.0,0.531676,49.4,-18.2099658726101,-12.366149711347546,0.6790869240423822,5.843816161262552,301,58,4,"{""geodesic"":false,""type"":""Point"",""coordinates"":[9.19070858759103,52.464621948781854]}"
00000000000000000835_0,3027.0,1951.0,1313.0,1574.0,1270.0,5383.0,0.61821735,47.7,-15.094241647092772,-8.19078748593283,0.542643193174956,6.903454161159942,15,322,6,"{""geodesic"":false,""type"":""Point"",""coordinates"":[9.839741380367384,52.03585606367161]}"
000000000000000008b0_0,3137.0,2310.0,1531.0,1822.0,1788.0,4595.0,0.43976188,82.8,-20.930740720736022,-15.109156857871824,0.7218644127058164,5.821583862864198,258,122,9,"{""geodesic"":false,""type"":""Point"",""coordinates"":[8.350244807768807,52.11436881950365]}"
00000000000000000901_0,2838.5,1910.5,1337.0,1554.5,1397.0,3711.0,0.45301488,33.3,-15.454281067796483,-10.541127897091435,0.682084650256359,4.913153170705048,90,126,1,"{""geodesic"":false,""type"":""Point"",""coordinates"":[12.390777124210002,51.22045528027632]}"
0000000000000000079c_0,2808.5,1944.5,1352.0,1654.0,1442.0,4725.0,0.5323496,24.2,-14.582741734350765,-8.964827076092705,0.614755938176932,5.61791465825806,309,172,7,"{""geodesic"":false,""type"":""Point"",""coordinates"":[9.004936986835114,50.23383560372785]}"
00000000000000000796_0,3096.0,2317.0,1467.0,1835.0,1816.0,3974.0,0.37271157,14.9,-18.134275999967358,-11.39886715847969,0.6285813207265738,6.735408841487667,333,185,3,"{""geodesic"":false,""type"":""Point"",""coordinates"":[8.818985723022372,49.818454616350984]}"
00000000000000000774_0,3859.0,2970.5,1583.5,1812.5,1884.5,3290.0,0.27162045,8.9,-22.70600265485571,-15.215755202006884,0.6701203832878516,7.490247452848825,180,46,1,"{""geodesic"":false,""type"":""Point"",""coordinates"":[13.637369243982661,52.12389096151532]}"
00000000000000000683_0,4965.5,4079.0,2283.0,2795.0,3574.0,4596.0,0.1250918,14.2,-18.224550277421272,-9.349564861252212,0.5130203335023064,8.87498541616906,0,178,3,"{""geodesic"":false,""type"":""Point"",""coordinates"":[9.191067913704678,49.17418289458046]}"
00000000000000000685_0,5179.5,4020.5,2272.0,2736.0,3390.0,4480.0,0.13850063,20.2,-21.119020799605885,-12.098704673288106,0.5728818958080617,9.020316126317779,314,282,4,"{""geodesic"":false,""type"":""Point"",""coordinates"":[9.464245591605424,49.26572122203224]}"
00000000000000000686_0,3685.5,2679.5,1791.5,2120.0,2647.0,4672.0,0.27667713,15.9,-18.986327552368046,-12.540771963184238,0.6605159385665452,6.445555589183808,108,333,3,"{""geodesic"":false,""type"":""Point"",""coordinates"":[9.458855699900708,49.75135046462725]}"
00000000000000000689_0,3416.0,2292.5,1427.5,1645.0,1524.0,4418.0,0.4870414,13.1,-20.17339906241449,-11.074196400254941,0.5489504453856526,9.099202662159549,270,471,1,"{""geodesic"":false,""type"":""Point"",""coordinates"":[9.740657204529,48.96092284613049]}"
0000000000000000068b_0,3652.0,2743.5,1862.0,2218.0,2666.0,3989.0,0.1987979,29.1,-18.672780897997004,-11.396141520917489,0.6103076763536561,7.2766393770795155,180,470,3,"{""geodesic"":false,""type"":""Point"",""coordinates"":[9.931189876290752,49.33893391768798]}"
000000000000000006a3_0,3583.0,2720.5,1809.0,2243.0,2525.0,4753.0,0.30612805,25.7,-17.524815711651968,-11.128285135514504,0.6350015497233154,6.396530576137463,0,613,3,"{""geodesic"":false,""type"":""Point"",""coordinates"":[9.07707170414991,47.93172302511475]}"
000000000000000006a4_0,3120.0,2229.0,1561.0,1896.0,1916.0,4484.0,0.40125,60,-15.89059700901958,-9.292956239666587,0.5848085024364951,6.597640769352992,71,698,20,"{""geodesic"":false,""type"":""Point"",""coordinates"":[9.185767853528374,47.82455401171929]}"
000000000000000006a5_0,3096.0,2268.0,1468.0,1774.0,1596.0,4307.0,0.459258,20.3,-19.757102352453806,-10.864198439079296,0.5498882500717508,8.89290391337451,0,663,2,"{""geodesic"":false,""type"":""Point"",""coordinates"":[9.184061054488545,47.932531508870454]}"
000000000000000006c1_0,4448.0,3444.0,2305.0,2823.0,3208.0,5116.5,0.22926302,13,-20.158457583765745,-11.33653087200026,0.5623709465316401,8.821926711765485,0,408,2,"{""geodesic"":false,""type"":""Point"",""coordinates"":[11.34801274240406,48.82716370032509]}"
000000000000000006ca_0,4564.0,3701.0,1886.5,2229.0,2781.0,4488.0,0.23483285,52.1,-18.97423779124842,-11.35060998617952,0.5982116441807648,7.6236278050688995,0,350,0,"{""geodesic"":false,""type"":""Point"",""coordinates"":[11.728449265228678,48.80389733446639]}"
000000000000000006e8_0,2823.0,2091.0,1668.0,2138.0,2036.0,4533.0,0.38011873,29.8,-19.66505194959967,-11.343333993855406,0.5768270545599209,8.321717955744262,201,306,4,"{""geodesic"":false,""type"":""Point"",""coordinates"":[13.10996834067609,48.68388241250803]}"
000000000000000006fe_0,3839.0,2858.0,1658.0,1927.0,2064.0,3800.0,0.29604366,14.4,-20.641520973290852,-13.093061429426951,0.63430700898295,7.548459543863901,303,477,5,"{""geodesic"":false,""type"":""Point"",""coordinates"":[12.728543671038942,49.161875975188025]}"
00000000000000000703_0,3368.5,2763.5,1705.0,1895.0,2108.0,3023.0,0.17832781,20.3,-18.49834995401895,-11.873944130915511,0.6418920693159327,6.624405823103437,223,408,6,"{""geodesic"":false,""type"":""Point"",""coordinates"":[11.154515630204717,49.87262302798339]}"
00000000000000000712_0,4423.5,3474.5,2169.5,2747.0,3236.0,4439.5,0.1567976,16.3,-20.11425209986915,-13.41104795613311,0.6667435552436152,6.703204143736041,90,476,1,"{""geodesic"":false,""type"":""Point"",""coordinates"":[11.136728987579149,49.117319537095696]}"
00000000000000000723_0,2754.0,1912.5,1369.0,1587.5,1471.5,4512.0,0.5081474,12.6,-14.484460796423638,-6.470031498937626,0.44668777042326235,8.014429297486013,90,551,12,"{""geodesic"":false,""type"":""Point"",""coordinates"":[10.228891561447961,48.25924877770473]}"
00000000000000000754_0,3874.5,3047.0,1649.5,1951.0,2007.0,4314.0,0.3649739,9.5,-21.423192743034335,-13.378216469289812,0.6244735147444205,8.044976273744522,287,40,3,"{""geodesic"":false,""type"":""Point"",""coordinates"":[12.54205341805573,52.90776087843801]}"
0000000000000000075d_0,3154.0,2529.5,1563.0,1844.5,1807.5,4614.0,0.43704742,9.4,-23.199850414096993,-12.343227616732593,0.5320391035466523,10.8566227973644,270,32,2,"{""geodesic"":false,""type"":""Point"",""coordinates"":[12.785407028523707,52.52471924128945]}"
0000000000000000077f_0,3281.5,2552.0,1630.5,1922.0,1959.0,4044.0,0.34732634,11.7,-20.43849246979782,-12.403733418388798,0.6068810327727414,8.03475905140902,325,47,8,"{""geodesic"":false,""type"":""Point"",""coordinates"":[13.971991687317184,52.92294240673964]}"
00000000000000000792_0,2707.0,2076.0,1684.0,2052.0,2064.0,4458.0,0.3670653,24.5,-19.35901517044075,-11.554996558616818,0.596879358628745,7.804018611823931,0,103,2,"{""geodesic"":false,""type"":""Point"",""coordinates"":[8.670134880443767,50.17652308860102]}"
00000000000000000797_0,3750.0,3048.0,1752.0,2096.0,2332.0,3879.0,0.24907422,16.7,-16.78472152676283,-9.975030626627976,0.5942922919944208,6.809690900134854,116,213,6,"{""geodesic"":false,""type"":""Point"",""coordinates"":[8.80371436319234,50.429758167194315]}"
00000000000000000799_0,2896.0,2259.0,1509.0,1844.0,1751.0,4267.0,0.4180791,14.2,-20.114636946614645,-10.26407191546468,0.5102787558485938,9.850565031149966,0,131,0,"{""geodesic"":false,""type"":""Point"",""coordinates"":[8.862194688188522,50.340375796424425]}"
000000000000000007a3_0,3022.0,2402.0,1551.0,1858.0,1982.0,3902.0,0.32630864,22,-19.280445286086,-11.944805199563188,0.6195295296516478,7.335640086522812,270,124,1,"{""geodesic"":false,""type"":""Point"",""coordinates"":[8.044009127412462,50.419247878370115]}"
000000000000000007ab_0,3099.0,2469.5,1601.0,1867.0,1970.0,3917.5,0.33078557,8.5,-20.706687974599117,-12.223074429697323,0.5902959683698021,8.483613544901793,212,226,5,"{""geodesic"":false,""type"":""Point"",""coordinates"":[8.735442401599256,50.87855648314043]}"
000000000000000007be_0,3672.5,3153.0,1682.0,2050.0,2645.0,4279.5,0.23604593,15.8,-19.5008272859937,-12.11423728174831,0.62121658246003,7.386590004245392,169,324,8,"{""geodesic"":false,""type"":""Point"",""coordinates"":[8.731040656707071,51.040343065810355]}"
000000000000000007dc_0,2732.0,1904.5,1678.0,2214.0,2123.0,4889.5,0.3945098,11.3,-16.091245249400068,-9.218231333220965,0.5728724651415433,6.873013916179103,0,240,9,"{""geodesic"":false,""type"":""Point"",""coordinates"":[9.729877421119568,50.90308049039689]}"
000000000000000007de_0,3106.5,2763.5,1624.5,1889.0,1872.5,4256.0,0.3889206,13,-21.57424914433245,-12.019217956853696,0.5571094445254955,9.555031187478752,288,270,6,"{""geodesic"":false,""type"":""Point"",""coordinates"":[9.759611657023923,50.651462379315014]}"
000000000000000007f1_0,2782.0,2037.0,1484.0,1708.0,1750.0,3500.0,0.33333334,14.1,-21.103437039649897,-12.327824560956637,0.5841619323807149,8.77561247869326,0,78,2,"{""geodesic"":false,""type"":""Point"",""coordinates"":[12.105921347615702,53.72522778698678]}"
000000000000000007f7_0,2982.5,2232.5,1503.0,1849.5,1903.5,4745.5,0.4274327,14.4,-19.61712574430444,-10.437034690258058,0.5320368960416286,9.18009105404638,301,40,2,"{""geodesic"":false,""type"":""Point"",""coordinates"":[12.959770025171306,53.79745233582999]}"
00000000000000000802_0,3255.0,2367.0,1543.0,1858.0,1892.0,4528.0,0.4105919,18.9,-19.078209399233856,-11.794676929957417,0.6182276692293286,7.283532469276439,180,78,2,"{""geodesic"":false,""type"":""Point"",""coordinates"":[10.073213522710049,52.25163139491712]}"
00000000000000000823_0,2947.5,2122.5,1540.0,1863.0,1693.5,4646.0,0.46573073,19,-18.91447566274761,-12.229311250969815,0.6465583011140857,6.685164411777794,0,59,0,"{""geodesic"":false,""type"":""Point"",""coordinates"":[9.016974411642314,52.33742050455053]}"
00000000000000000833_0,4456.5,3319.5,1833.0,2265.0,2578.0,4832.5,0.30423048,12.1,-19.40760318653096,-9.484554493910938,0.48870303059850784,9.923048692620021,302,98,2,"{""geodesic"":false,""type"":""Point"",""coordinates"":[9.751436987938435,52.179496677602316]}"
00000000000000000834_0,2970.0,2072.0,1625.0,1838.0,2122.0,4065.0,0.31404558,15.9,-18.498795145578427,-10.602461695705141,0.5731433648660809,7.896333449873286,90,46,2,"{""geodesic"":false,""type"":""Point"",""coordinates"":[9.808390176951614,52.539092285835366]}"
00000000000000000847_0,3256.5,2517.5,1555.0,1849.5,1884.0,3832.5,0.34085542,12.8,-20.667699729422367,-11.589998576875562,0.560778351176456,9.077701152546805,239,35,2,"{""geodesic"":false,""type"":""Point"",""coordinates"":[9.714156903647476,53.4374974014833]}"
0000000000000000084d_0,3187.0,2689.0,1472.0,1828.0,1864.0,3630.0,0.32144156,15.8,-19.944704445561765,-12.732770642038236,0.638403576086665,7.211933803523529,107,62,3,"{""geodesic"":false,""type"":""Point"",""coordinates"":[10.398583318618138,52.61041851939445]}"
00000000000000000892_0,2480.0,2248.0,1498.0,1722.0,1792.0,3055.0,0.26057354,15.6,-20.28732382123687,-11.0145940373304,0.5429298676546125,9.27272978390647,58,120,2,"{""geodesic"":false,""type"":""Point"",""coordinates"":[6.710549919665444,50.96461508735908]}"
000000000000000008a4_0,3032.0,2677.0,1758.0,2030.0,2172.0,3774.0,0.26942483,14.6,-19.14412802187009,-10.298171521623825,0.5379284713233886,8.845956500246267,302,59,2,"{""geodesic"":false,""type"":""Point"",""coordinates"":[7.551822183243376,51.75881563004915]}"
000000000000000008a5_0,3545.5,3119.0,1748.5,1936.5,2081.0,3905.5,0.30476907,19.8,-19.001912258514906,-12.091122787963617,0.6363108419546295,6.91078947055129,141,50,2,"{""geodesic"":false,""type"":""Point"",""coordinates"":[7.650816527553347,52.08454475207088]}"
000000000000000008b2_0,2888.0,1925.0,1478.0,1842.0,1496.0,5206.0,0.5535661,12.4,-18.54254353995944,-12.463345300305736,0.6721486334087368,6.079198239653703,0,162,2,"{""geodesic"":false,""type"":""Point"",""coordinates"":[8.729244026138833,52.13700636466346]}"
000000000000000008b7_0,3374.0,2555.0,1491.5,1718.5,1809.0,4254.0,0.4032657,12,-15.507406450697534,-9.970424229497286,0.6429459536767871,5.5369822212002475,39,42,2,"{""geodesic"":false,""type"":""Point"",""coordinates"":[8.95831442358931,52.33697134690847]}"
000000000000000008b9_0,3464.0,2763.0,1683.0,1940.0,2104.0,3761.0,0.28252345,15.9,-20.290727451573503,-11.729347241861399,0.5780644025629458,8.561380209712103,302,153,4,"{""geodesic"":false,""type"":""Point"",""coordinates"":[9.02407110238686,52.01393717073909]}"
000000000000000008bc_0,3115.0,2327.0,1692.0,2182.0,2366.0,4698.0,0.3301246,11.3,-18.419958174950022,-11.337382427488569,0.6154944718010648,7.082575747461453,90,168,2,"{""geodesic"":false,""type"":""Point"",""coordinates"":[9.115339935253402,51.81693662893168]}"
000000000000000008eb_0,4465.0,3352.0,1613.5,1844.0,2057.0,3851.0,0.30365607,15.9,-18.65379707244704,-12.906389692690885,0.6918907524599655,5.747407379756156,12,333,7,"{""geodesic"":false,""type"":""Point"",""coordinates"":[7.774245047591369,49.568812798894164]}"
000000000000000008ee_0,3787.0,2931.0,1702.0,2048.0,2354.0,4232.0,0.28515032,19.5,-21.652199911037194,-13.62744626801757,0.6293792928205411,8.024753643019624,180,163,1,"{""geodesic"":false,""type"":""Point"",""coordinates"":[8.01265792399669,49.82519198098188]}"
0000000000000000090d_0,4030.0,3548.0,1754.0,1984.0,2300.0,3844.0,0.2513021,12.6,-20.988306027416343,-11.488763687633739,0.5473888017749665,9.499542339782604,287,42,3,"{""geodesic"":false,""type"":""Point"",""coordinates"":[11.078877483281852,52.660185186134676]}"
00000000000000000923_0,4373.0,3974.0,1857.5,2253.0,2778.0,4027.0,0.1835415,16,-18.96515280920633,-11.814475175798183,0.622957025163701,7.150677633408147,0,173,6,"{""geodesic"":false,""type"":""Point"",""coordinates"":[11.50351111808515,51.23527748246429]}"
0000000000000000092a_0,3127.5,2357.0,1559.5,1852.5,2151.0,3975.5,0.29780462,20,-20.585906297062728,-11.652204307163437,0.5660282398558287,8.93370198989929,28,46,3,"{""geodesic"":false,""type"":""Point"",""coordinates"":[11.706081214654102,52.059571587172364]}"
00000000000000000935_0,3144.0,2312.0,1482.0,1750.0,1680.0,3766.0,0.38303342,17.4,-21.668433534399785,-13.482791932013743,0.6222319629431956,8.185641602386042,0,31,0,"{""geodesic"":false,""type"":""Point"",""coordinates"":[12.04232062550004,52.39590082954671]}"
00000000000000000948_0,3320.0,2846.5,1994.0,2455.0,2508.0,4156.0,0.24729893,16.2,-18.559867349351418,-10.190606477732487,0.5490667732648747,8.36926087161893,300,-2,2,"{""geodesic"":false,""type"":""Point"",""coordinates"":[8.870279525745596,54.61887183162888]}"
00000000000000000967_0,2654.0,2595.0,1440.0,1594.0,1614.0,3884.0,0.4128774,14.4,-19.12504720143487,-11.673398215712929,0.610372256484529,7.451648985721942,0,47,1,"{""geodesic"":false,""type"":""Point"",""coordinates"":[10.383940779486991,54.29988007423804]}"
00000000000000000968_0,2775.5,2088.0,1277.0,1612.0,1426.0,4738.0,0.53731346,13.9,-18.915550927653328,-10.92380882066487,0.5775041320469794,7.9917421069884576,221,40,2,"{""geodesic"":false,""type"":""Point"",""coordinates"":[10.444397398108235,54.209868882769264]}"
0000000000000000096b_0,2861.5,2196.0,1450.0,1666.0,1526.5,4202.0,0.4670507,11.8,-15.735314581695993,-9.922054951139408,0.6305596815128931,5.813259630556585,30,75,3,"{""geodesic"":false,""type"":""Point"",""coordinates"":[10.81279649612565,54.24391503203739]}"
00000000000000000975_0,4892.0,4745.5,2160.0,2674.0,3323.0,4119.5,0.10702049,17,-23.514439449549446,-14.571654599404917,0.6196896434919745,8.942784850144529,332,243,3,"{""geodesic"":false,""type"":""Point"",""coordinates"":[10.472604498029588,51.24408097224866]}"
00000000000000000976_0,3331.5,2632.0,1664.5,1990.5,2179.0,3289.5,0.20307215,23.4,-18.38699687259716,-11.408108080022421,0.6204443367815197,6.978888792574738,238,344,3,"{""geodesic"":false,""type"":""Point"",""coordinates"":[10.527581393417702,51.04609228362872]}"
00000000000000000979_0,4513.0,3421.0,1870.0,2160.0,2378.0,4222.0,0.27939394,17.7,-21.717934400765778,-13.098982074307932,0.6031412487297162,8.618952326457846,180,230,4,"{""geodesic"":false,""type"":""Point"",""coordinates"":[10.757819600737536,51.17059878200769]}"
00000000000000000980_0,4364.5,3867.5,1887.0,2178.0,2543.0,3379.0,0.14116852,21.8,-21.345855053235844,-13.069998194129127,0.6122967743167463,8.275856859106717,270,145,1,"{""geodesic"":false,""type"":""Point"",""coordinates"":[11.27246442700961,51.16610720558709]}"
00000000000000000989_0,4347.0,3866.5,1964.0,2326.0,2874.0,3545.5,0.104603164,21,-20.08184456084603,-11.351398325273326,0.565256756712746,8.730446235572703,90,161,3,"{""geodesic"":false,""type"":""Point"",""coordinates"":[11.697277724869732,51.05282964825962]}"
000000000000000023a2_0,3219.0,2424.0,1645.0,2062.0,2186.0,4472.0,0.34334636,21.6,-18.277868798316284,-11.326237791464496,0.6196694984760939,6.9516310068517875,51,398,7,"{""geodesic"":false,""type"":""Point"",""coordinates"":[7.090716947904825,49.8952605731432]}"
000000000000000026b6_0,2900.0,2137.0,1504.0,1722.0,1709.0,4256.0,0.42699078,9.2,-19.294097248680025,-12.4432779676693,0.6449266740645555,6.850819281010725,59,34,2,"{""geodesic"":false,""type"":""Point"",""coordinates"":[11.553008290240136,52.690907568851564]}"
000000000000000008e5_0,3098.0,2282.0,1563.0,1979.0,2146.0,4152.0,0.3185138,17.3,-20.52821522386541,-12.467354494409761,0.607327736895297,8.060860729455648,270,312,6,"{""geodesic"":false,""type"":""Point"",""coordinates"":[6.77756423986076,49.99479390662364]}"
00000000000000000687_0,3410.0,2401.0,1443.0,1752.0,1569.0,4628.0,0.49362594,28.4,-18.69176585304224,-12.522112616104096,0.6699266786538531,6.169653236938146,37,371,2,"{""geodesic"":false,""type"":""Point"",""coordinates"":[9.525420862453965,48.61839522829571]}"
000000000000000006ba_0,2869.5,2037.5,1390.0,1674.0,1487.5,4536.0,0.50610113,15,-20.00470304019248,-11.820648412288548,0.5908934708272886,8.184054627903933,252,532,3,"{""geodesic"":false,""type"":""Point"",""coordinates"":[9.95957663926893,48.29554071518316]}"
000000000000000006c8_0,2976.0,2165.5,1396.5,1641.0,1683.0,4376.5,0.4445086,43.8,-17.301457388477438,-10.430281590286675,0.6028556644732782,6.871175798190762,270,354,1,"{""geodesic"":false,""type"":""Point"",""coordinates"":[11.67284354914168,48.76877320685732]}"
000000000000000006f1_0,3530.0,2723.0,1731.0,2052.0,2330.0,4388.0,0.30634117,20.8,-19.73892933282739,-10.426380471196385,0.5282140837221853,9.312548861631004,237,516,2,"{""geodesic"":false,""type"":""Point"",""coordinates"":[11.738600227939228,49.09162771996988]}"
000000000000000006f3_0,3312.0,2669.0,1539.0,1845.0,1828.0,4100.0,0.38326585,10.5,-20.775580199936975,-10.776530802321869,0.5187114245961978,9.999049397615106,0,421,0,"{""geodesic"":false,""type"":""Point"",""coordinates"":[11.845679409806277,49.755572546462616]}"
000000000000000006fa_0,3874.0,3006.0,1712.0,2164.0,2326.0,3814.0,0.24234527,10.3,-19.618316911193688,-13.852816423806381,0.7061164567028854,5.765500487387307,298,515,8,"{""geodesic"":false,""type"":""Point"",""coordinates"":[12.398772130238665,49.15145551789224]}"
00000000000000000704_0,4399.0,3762.5,2198.0,2597.0,3127.0,3880.0,0.10746396,40.9,-17.866942713059178,-8.24522006778637,0.46147906780715386,9.621722645272808,180,522,3,"{""geodesic"":false,""type"":""Point"",""coordinates"":[11.15972585885261,50.0883983592289]}"
00000000000000000709_0,3249.5,2256.0,1417.0,1684.5,1592.5,5314.0,0.53884023,18.1,-15.199602624550675,-9.636964800541524,0.6340274175968076,5.562637824009151,32,485,5,"{""geodesic"":false,""type"":""Point"",""coordinates"":[11.95078229804826,50.29348373859338]}"
00000000000000000715_0,2792.5,1951.0,1834.5,2393.0,2445.0,5276.5,0.36670336,15.6,-17.363070563393975,-10.939189382384527,0.630026200863762,6.423881181009449,258,460,4,"{""geodesic"":false,""type"":""Point"",""coordinates"":[9.26571791381501,49.67831743202834]}"
00000000000000000738_0,3625.0,2965.0,1996.0,2306.0,2800.0,4273.0,0.20825675,15.9,-19.527264686880716,-10.863225375958198,0.5563106533428922,8.664039310922519,159,450,8,"{""geodesic"":false,""type"":""Point"",""coordinates"":[10.884482055798388,48.79581249690932]}"
000000000000000007e9_0,3362.5,2510.0,1827.0,2290.0,2656.0,4910.0,0.2979117,17.3,-17.359879400393172,-11.541164491635016,0.6648182412703644,5.818714908758157,270,274,1,"{""geodesic"":false,""type"":""Point"",""coordinates"":[9.957061356473394,51.209046676168]}"
00000000000000000822_0,3179.0,2572.0,1686.0,1926.0,1970.0,4124.0,0.35346243,12.7,-19.569675023440738,-12.429713447175507,0.63515175557525,7.139961576265231,0,4,1,"{""geodesic"":false,""type"":""Point"",""coordinates"":[8.91268000715604,53.00163482562851]}"
00000000000000000861_0,2793.5,2050.5,1391.0,1681.5,1488.0,4089.5,0.46642762,30.7,-17.81700093427546,-11.462278699174888,0.6433337878500263,6.354722235100571,180,18,2,"{""geodesic"":false,""type"":""Point"",""coordinates"":[7.410247694466139,52.70896370606236]}"
00000000000000000880_0,4640.5,4340.5,2040.0,2310.0,2673.0,4210.0,0.2233038,18.3,-22.167548861424528,-9.767430525017982,0.44061842768800863,12.400118336406546,0,35,1,"{""geodesic"":false,""type"":""Point"",""coordinates"":[8.177139452518974,52.776966173070214]}"
0000000000000000089c_0,2855.0,1939.0,1367.5,1902.0,1324.5,5865.5,0.63157165,20.5,-20.269633827480966,-11.662724230237236,0.5753791276892857,8.60690959724373,0,41,2,"{""geodesic"":false,""type"":""Point"",""coordinates"":[6.976630906821645,52.12317230928802]}"
000000000000000008d2_0,2964.0,2292.0,1386.0,1660.0,1623.0,3886.0,0.41078237,15.2,-18.775648319829426,-11.81683276366477,0.629370158748911,6.958815556164655,58,263,3,"{""geodesic"":false,""type"":""Point"",""coordinates"":[7.64039607025756,50.60960088707505]}"
000000000000000008de_0,3410.5,2559.5,1528.0,1819.0,1971.5,3534.0,0.2838071,17.3,-18.443058329125602,-10.2956409081954,0.5582393507879516,8.147417420930202,163,370,5,"{""geodesic"":false,""type"":""Point"",""coordinates"":[6.561160087916367,49.89840467663762]}"
00000000000000000914_0,2711.5,2028.5,1600.0,2088.0,1907.0,5332.0,0.47313166,24.6,-17.8662695714833,-8.479518786581583,0.4746104805289576,9.386750784901718,162,337,5,"{""geodesic"":false,""type"":""Point"",""coordinates"":[11.254677784384043,51.56190491977015]}"
00000000000000000933_0,4288.0,3667.0,1766.0,2018.0,2152.0,3544.0,0.24438202,11.7,-20.860351876274414,-13.833015664111368,0.6631247519771893,7.027336212163046,0,50,0,"{""geodesic"":false,""type"":""Point"",""coordinates"":[11.958238314906453,51.82196719452275]}"
0000000000000000095a_0,2591.0,1847.0,1279.0,1498.0,1331.0,4560.0,0.54812425,17.5,-18.643330237499207,-11.528357832719774,0.6183636553050821,7.114972404779433,221,25,2,"{""geodesic"":false,""type"":""Point"",""coordinates"":[9.644627300656625,54.55158801684833]}"
00000000000000000972_0,3054.0,2410.0,1655.5,1960.5,2239.0,4112.5,0.29496968,27.9,-19.56371445913517,-10.92788373223595,0.5585791877642762,8.63583072689922,58,351,5,"{""geodesic"":false,""type"":""Point"",""coordinates"":[10.329413041740935,51.24453012989072]}"
00000000000000000974_0,2935.5,2321.0,1683.0,2016.0,2239.0,4076.0,0.2908947,17.4,-21.07269786636867,-12.075164505876318,0.5730241368452342,8.997533360492353,180,474,9,"{""geodesic"":false,""type"":""Point"",""coordinates"":[10.41610046665847,51.33418199524585]}"
00000000000000000987_0,3982.5,3432.0,1991.5,2344.0,2741.0,3270.5,0.08808118,20.7,-21.77030346339521,-13.3089379871981,0.6113345185828885,8.461365476197109,302,428,5,"{""geodesic"":false,""type"":""Point"",""coordinates"":[11.654697580402466,50.65784041783226]}"
0000000000000000098c_0,3339.0,2262.0,1636.0,1847.0,1720.0,4405.0,0.43836734,16.1,-18.80520555224325,-13.627776668055384,0.7246810799379825,5.177428884187867,58,296,2,"{""geodesic"":false,""type"":""Point"",""coordinates"":[12.004681215095431,50.90406863720942]}"
000000000000000006c7_0,3316.0,2621.0,1866.0,2054.0,2172.0,4316.0,0.33045623,10.4,-23.48664603288027,-12.222244840691125,0.5203912394975647,11.264401192189144,270,381,3,"{""geodesic"":false,""type"":""Point"",""coordinates"":[11.64382796546462,48.71523361592379]}"
00000000000000000714_0,3154.0,2259.5,1669.0,1950.0,1908.5,4367.5,0.39181006,8.8,-15.0043473334681,-7.759785476556479,0.5171691446550167,7.244561856911622,129,329,7,"{""geodesic"":false,""type"":""Point"",""coordinates"":[9.148577600765824,50.03719438803408]}"
0000000000000000075e_0,3938.0,3412.0,1721.5,2049.0,2244.0,4332.0,0.31751823,9.5,-22.85403837391685,-13.689855770373931,0.5990125485217556,9.164182603542919,121,37,2,"{""geodesic"":false,""type"":""Point"",""coordinates"":[12.801397040581035,52.776067857786096]}"
00000000000000000761_0,3137.0,2915.0,1571.5,1876.0,1861.0,3275.5,0.27538207,28.3,-20.878822514780392,-14.623467677357485,0.700397144858401,6.255354837422907,301,29,2,"{""geodesic"":false,""type"":""Point"",""coordinates"":[12.822866775871491,52.649674897310476]}"
00000000000000000779_0,3384.0,2610.0,1433.5,1649.0,1647.0,3749.5,0.38960436,10.7,-21.010661101467672,-13.202555420365677,0.6283741076306937,7.8081056811019955,90,67,2,"{""geodesic"":false,""type"":""Point"",""coordinates"":[13.869134587285497,53.10628855622843]}"
0000000000000000084f_0,3037.0,2518.0,1686.0,1954.0,2150.0,4332.0,0.3366245,9.5,-20.87179677783057,-13.647532863627067,0.653874364957553,7.2242639142035046,59,85,4,"{""geodesic"":false,""type"":""Point"",""coordinates"":[10.401008769885262,52.880002936158725]}"
00000000000000000857_0,3293.0,2686.0,1386.0,1547.0,1676.0,3684.0,0.37462687,9.6,-19.5512527881683,-11.998960763147107,0.6137182559681514,7.552292025021192,0,17,1,"{""geodesic"":false,""type"":""Point"",""coordinates"":[11.32402772431807,52.945310457314214]}"
000000000000000008a2_0,3064.5,2127.5,1572.0,1840.0,1735.0,4632.0,0.45500237,15.2,-19.536254116012508,-12.657949077479028,0.647920988451117,6.87830503853348,302,48,2,"{""geodesic"":false,""type"":""Point"",""coordinates"":[7.323650101077017,52.18551539000592]}"
0000000000000000092c_0,3523.0,2927.0,1600.0,1848.0,1914.0,3644.0,0.31126305,17.1,-19.790298155313874,-12.181666465818104,0.6155372885348479,7.60863168949577,0,29,0,"{""geodesic"":false,""type"":""Point"",""coordinates"":[11.847925198016576,52.66871918133381]}"
0000000000000000093d_0,4230.0,3444.0,1641.5,1857.0,2058.0,3763.5,0.29296574,8.2,-23.42188880166117,-14.5387904990857,0.6207351858853738,8.883098302575469,180,30,1,"{""geodesic"":false,""type"":""Point"",""coordinates"":[12.280014849678064,52.44548783323011]}"
000000000000000006c5_0,3011.0,2347.0,1564.0,1819.0,2050.0,3880.0,0.30860034,14.9,-19.116544091144466,-11.051963264889864,0.5781360486600488,8.064580826254602,159,484,8,"{""geodesic"":false,""type"":""Point"",""coordinates"":[11.608614006327134,48.463795167898745]}"
000000000000000008ad_0,3652.0,3152.0,1614.0,1804.0,1884.0,3338.0,0.27843738,13.2,-19.855861424170158,-11.58144319555908,0.5832757868395079,8.274418228611077,0,56,3,"{""geodesic"":false,""type"":""Point"",""coordinates"":[8.064580547418798,51.966146797623935]}"
00000000000000000956_0,3310.0,2140.0,1326.0,1698.0,1385.0,5752.0,0.61188173,17.8,-20.010833307528358,-13.07402641597475,0.6533474251197783,6.9368068915536085,0,31,1,"{""geodesic"":false,""type"":""Point"",""coordinates"":[9.519581813107187,54.67699283051141]}"
0000000000000000068a_0,3491.5,2642.0,1613.5,1935.0,1888.5,4959.5,0.44845212,16.3,-17.979122296482252,-10.765122910693538,0.598756865500593,7.213999385788714,217,439,2,"{""geodesic"":false,""type"":""Point"",""coordinates"":[9.76679817929688,49.19484414611521]}"
0000000000000000068d_0,2658.0,1963.0,1338.0,1538.0,1530.5,3821.0,0.42801085,19.1,-18.75872351001437,-11.679860631920178,0.6226362164613636,7.078862878094192,0,97,1,"{""geodesic"":false,""type"":""Point"",""coordinates"":[8.632675133095983,49.52856827416561]}"
000000000000000006ab_0,2941.0,2057.0,1466.0,1870.0,1819.0,4312.0,0.40662208,34.5,-18.976261144543543,-13.187924014132959,0.6949695682241931,5.788337130410584,207,782,3,"{""geodesic"":false,""type"":""Point"",""coordinates"":[9.527666650664262,48.38447392831099]}"
000000000000000006b9_0,3206.0,2384.5,1581.0,1793.0,2041.0,4486.0,0.37459782,17.7,-19.723348179767406,-11.076996091351836,0.5616184427913123,8.64635208841557,236,559,2,"{""geodesic"":false,""type"":""Point"",""coordinates"":[9.959666470797341,48.169507080821184]}"
000000000000000006c6_0,3006.0,2193.0,1401.0,1668.0,1642.0,4880.0,0.49647346,15.5,-20.039906928074448,-12.662082422738477,0.6318433747314377,7.377824505335971,288,497,6,"{""geodesic"":false,""type"":""Point"",""coordinates"":[11.633317676640422,48.39139095599871]}"
000000000000000006d1_0,3182.0,2028.0,1318.0,1691.0,1293.0,5552.0,0.622206,34.8,-18.70607943773154,-11.608472882258912,0.6205722006527872,7.097606555472627,0,505,4,"{""geodesic"":false,""type"":""Point"",""coordinates"":[12.189823995152464,48.14776785094549]}"
000000000000000006d5_0,3286.0,2558.0,1664.0,2002.0,2158.0,3630.0,0.25431928,22.5,-17.97136827950545,-10.443063672761976,0.5810945227065012,7.528304606743475,180,440,8,"{""geodesic"":false,""type"":""Point"",""coordinates"":[12.101789097308751,48.61749691301159]}"
000000000000000006d6_0,2705.0,2018.5,1490.0,1765.0,1770.5,4047.5,0.3913716,13.1,-19.305003728014686,-12.201948062781977,0.6320614196554116,7.103055665232709,21,431,4,"{""geodesic"":false,""type"":""Point"",""coordinates"":[12.242195776216633,48.7227794643104]}"
000000000000000006df_0,3513.0,2144.0,1387.5,1762.5,1520.5,4944.0,0.52958465,15.4,-19.794231952606715,-11.943769612173405,0.6033964662417994,7.85046234043331,339,446,8,"{""geodesic"":false,""type"":""Point"",""coordinates"":[12.719560518197747,49.0000893925181]}"
000000000000000006e6_0,3771.5,3046.5,1873.5,2203.0,2626.0,3731.0,0.17382413,23,-17.81556885965809,-8.999596708625983,0.5051534856686412,8.815972151032106,153,509,3,"{""geodesic"":false,""type"":""Point"",""coordinates"":[13.061908472975697,48.34315142524149]}"
000000000000000006e7_0,2884.5,2059.5,1301.5,1510.0,1370.5,5014.5,0.5707126,10.8,-16.944010713380923,-10.341609531005053,0.6103401199361931,6.6024011823758695,31,393,5,"{""geodesic"":false,""type"":""Point"",""coordinates"":[13.073945897782897,48.5408706192762]}"
000000000000000006e9_0,2722.0,1895.0,1298.0,1521.0,1374.0,4723.0,0.54928654,15.6,-15.65439090425819,-8.12473524448343,0.5190067945903536,7.529655659774759,30,422,8,"{""geodesic"":false,""type"":""Point"",""coordinates"":[13.12002947185823,48.84566899517795]}"
000000000000000006f5_0,4084.5,3488.5,1983.0,2427.0,2853.0,3925.0,0.15815875,10.8,-21.508942164206225,-12.744425056871695,0.5925175194380379,8.76451710733453,270,394,3,"{""geodesic"":false,""type"":""Point"",""coordinates"":[12.1592812754924,49.318272666153234]}"
000000000000000006f9_0,3016.0,2183.0,1484.0,1832.0,1870.0,4708.0,0.43143812,46.1,-18.34516207478366,-10.774584746842798,0.5873256776320882,7.57057732794086,0,321,0,"{""geodesic"":false,""type"":""Point"",""coordinates"":[12.390956787266825,48.9895791036939]}"
0000000000000000070a_0,2865.0,1975.0,1448.0,1854.0,1536.5,5666.0,0.57334256,21.1,-17.448913723367276,-8.688777411193099,0.49795520505997126,8.760136312174177,303,353,2,"{""geodesic"":false,""type"":""Point"",""coordinates"":[10.151905941598919,49.51868680604029]}"
0000000000000000070b_0,3044.0,2384.0,1464.0,1668.0,1621.0,4564.0,0.47582862,12.1,-18.961706046975642,-10.524740494126716,0.5550524023551875,8.436965552848926,90,420,3,"{""geodesic"":false,""type"":""Point"",""coordinates"":[10.482036808512843,49.39184468792262]}"
0000000000000000070f_0,3320.0,2483.0,1470.0,1744.0,1968.0,3111.0,0.2250443,17.7,-17.547883902902885,-9.554029425010219,0.5444547888437835,7.993854477892667,57,523,2,"{""geodesic"":false,""type"":""Point"",""coordinates"":[10.887356664707571,48.95768891110765]}"
0000000000000000072b_0,3321.0,2566.0,1465.0,1776.0,1712.0,3716.0,0.36919674,24.6,-16.021291638558807,-9.045073627415368,0.5645658185040702,6.976218011143439,124,572,8,"{""geodesic"":false,""type"":""Point"",""coordinates"":[10.551296916918458,48.2041820507882]}"
0000000000000000072e_0,2794.0,1972.0,1409.0,1634.0,1378.0,4584.0,0.53773904,18,-18.10440776168074,-10.383943388118606,0.573558855103615,7.720464373562134,56,420,2,"{""geodesic"":false,""type"":""Point"",""coordinates"":[10.554890178054936,48.52802471071329]}"
00000000000000000742_0,2915.5,2132.5,1411.5,1741.0,1684.5,3616.0,0.36439958,8.2,-19.82221716781452,-12.605736797355021,0.6359397987942059,7.2164803704595,259,52,5,"{""geodesic"":false,""type"":""Point"",""coordinates"":[11.897691864756796,53.1353939714339]}"
00000000000000000746_0,4219.0,3951.0,1836.0,2132.0,2520.0,3596.0,0.17593198,7,-20.66974216156506,-10.72517149375534,0.5188826938392374,9.944570667809721,0,102,1,"{""geodesic"":false,""type"":""Point"",""coordinates"":[12.266180794302624,52.17608307952266]}"
0000000000000000074d_0,3673.0,2991.0,1667.0,1908.5,1967.0,4247.5,0.36696437,8.7,-20.585152189923885,-11.416632042398474,0.5546051803292831,9.168520147525411,121,55,2,"{""geodesic"":false,""type"":""Point"",""coordinates"":[12.403443369716086,53.09038837569951]}"
0000000000000000074f_0,3685.5,3038.5,1606.0,1873.5,2070.0,4123.5,0.33155727,9.5,-18.580338858740486,-13.463749660488622,0.7246234723084752,5.116589198251864,0,76,1,"{""geodesic"":false,""type"":""Point"",""coordinates"":[12.4403641278934,53.21552369477736]}"
00000000000000000775_0,4310.0,3553.0,1859.0,2185.0,2389.0,4076.0,0.26094353,13.8,-19.984142782093414,-12.812891006012613,0.6411528953592882,7.171251776080801,220,44,5,"{""geodesic"":false,""type"":""Point"",""coordinates"":[13.735465273008513,53.29035335794452]}"
0000000000000000079d_0,3586.0,2700.5,1807.0,2247.0,2846.0,4645.5,0.24020557,17.2,-18.463374643710388,-10.637326224080486,0.5761312018712748,7.8260484196299025,0,252,7,"{""geodesic"":false,""type"":""Point"",""coordinates"":[9.057757925541342,50.396161175568245]}"
000000000000000007fa_0,3535.5,2821.5,1646.5,1884.0,1969.5,4096.0,0.3505894,10.5,-20.215996434960118,-12.80552386680958,0.6334352060264816,7.410472568150539,0,14,1,"{""geodesic"":false,""type"":""Point"",""coordinates"":[14.143839401169247,53.475046980359494]}"
00000000000000000804_0,2856.0,2082.0,1458.0,1670.0,1518.0,5120.0,0.5426333,23.4,-20.19282761225692,-12.029162935582459,0.595714635244092,8.163664676674461,0,151,3,"{""geodesic"":false,""type"":""Point"",""coordinates"":[10.247396856300824,51.98177748356761]}"
0000000000000000082c_0,2895.0,2104.0,1471.0,1756.0,1612.0,3336.0,0.3484236,20.6,-21.128805451348754,-12.977243939576487,0.6141967641974804,8.151561511772266,0,45,1,"{""geodesic"":false,""type"":""Point"",""coordinates"":[9.33515768527745,52.64518332088988]}"
00000000000000000839_0,3395.0,2747.5,1813.5,2128.0,2066.0,4662.0,0.3858502,19.2,-16.936310618977004,-10.294848741447579,0.6078566325957839,6.641461877529425,40,1,2,"{""geodesic"":false,""type"":""Point"",""coordinates"":[8.530896011405241,53.716603960259235]}"
0000000000000000083d_0,2996.0,2558.0,1679.0,1890.5,2047.0,3958.0,0.3182348,12.4,-17.04191321237157,-9.492601418552958,0.5570150076613352,7.54931179381861,209,28,3,"{""geodesic"":false,""type"":""Point"",""coordinates"":[8.785478562924714,53.28801773820581]}"
00000000000000000842_0,3384.0,2787.0,1608.0,1890.0,1993.0,4001.0,0.33500168,10.8,-19.143936193563192,-11.492659555690068,0.6003289730747363,7.651276637873124,59,24,2,"{""geodesic"":false,""type"":""Point"",""coordinates"":[9.267694207440073,53.14806021693999]}"
00000000000000000845_0,3275.0,2359.0,1516.0,1772.0,1714.0,4276.0,0.42771286,25.3,-19.29534068484262,-11.075083100228317,0.5739770694449725,8.220257584614304,140,48,2,"{""geodesic"":false,""type"":""Point"",""coordinates"":[9.478888130736573,52.987441444139414]}"
00000000000000000858_0,3344.0,2818.0,1372.5,1502.5,1476.0,3449.0,0.40060914,15.6,-18.27281026399695,-12.49737262933153,0.6839327092426059,5.775437634665419,270,14,2,"{""geodesic"":false,""type"":""Point"",""coordinates"":[6.856166827221218,52.58769114270623]}"
00000000000000000863_0,3250.0,2135.0,1460.0,1889.0,1599.0,4287.0,0.45667687,15.7,-16.860441899820774,-7.278693685861754,0.4317024268467795,9.58174821395902,121,28,2,"{""geodesic"":false,""type"":""Point"",""coordinates"":[7.5906294035173385,52.658747881680085]}"
00000000000000000868_0,3073.0,2467.0,1692.0,1846.0,2212.0,3856.0,0.27092946,17.7,-18.587954375205562,-9.594017424382326,0.5161416490875278,8.993936950823237,0,-1,0,"{""geodesic"":false,""type"":""Point"",""coordinates"":[7.6523436635363495,53.16342140829843]}"
0000000000000000086c_0,3124.0,2709.0,1618.0,1844.0,1902.0,4116.0,0.36789632,21.2,-21.60791584480851,-11.406704971918153,0.5278947332932488,10.201210872890357,209,75,3,"{""geodesic"":false,""type"":""Point"",""coordinates"":[7.77613150968802,52.50055456014663]}"
0000000000000000086e_0,3699.5,2829.5,1645.0,1967.5,2191.0,4564.0,0.35129532,17.9,-20.101129138533143,-12.347257159548146,0.6142568944487251,7.753871978984996,239,36,2,"{""geodesic"":false,""type"":""Point"",""coordinates"":[7.818082833456401,52.84290251492459]}"
00000000000000000872_0,3105.0,2579.5,1318.0,1467.0,1393.5,3273.0,0.40276438,20.9,-17.528759477545396,-11.987073409978686,0.683851782285809,5.54168606756671,331,4,3,"{""geodesic"":false,""type"":""Point"",""coordinates"":[7.861561293207786,53.167284164020145]}"
00000000000000000876_0,3128.5,2454.5,1476.0,1691.5,1663.0,4302.0,0.44241408,26.9,-17.33069177252053,-9.952628086155542,0.5742776005015787,7.378063686364989,90,4,2,"{""geodesic"":false,""type"":""Point"",""coordinates"":[7.9195924605619075,53.20429475372587]}"
0000000000000000087d_0,3154.0,2708.0,1686.0,1822.0,2048.0,3586.0,0.27298546,12.6,-19.77343944244597,-11.554453091188302,0.5843420981372283,8.218986351257668,0,90,0,"{""geodesic"":false,""type"":""Point"",""coordinates"":[8.175881811121206,52.09379739949732]}"
0000000000000000087e_0,3227.5,2453.0,1567.0,1948.5,1790.0,4390.5,0.42075884,10.9,-18.37339645131369,-11.325188610981192,0.6163905863018292,7.048207840332497,90,122,8,"{""geodesic"":false,""type"":""Point"",""coordinates"":[8.166269837581128,52.327359373368395]}"
0000000000000000087f_0,3095.5,2544.0,1430.5,1637.0,1565.5,4266.0,0.4630884,54.7,-16.90774354533463,-11.174380870292653,0.6609031441913497,5.733362675041976,90,3,2,"{""geodesic"":false,""type"":""Point"",""coordinates"":[8.12359986158545,53.333472491582256]}"
00000000000000000881_0,3182.0,2217.0,1502.0,1858.0,1598.0,4175.0,0.44638836,13.7,-20.152091958753473,-13.02062188236473,0.6461176293267636,7.131470076388743,229,81,10,"{""geodesic"":false,""type"":""Point"",""coordinates"":[8.228523086770611,52.23842616024056]}"
00000000000000000883_0,3093.0,2613.0,1447.0,1686.0,1412.0,4748.0,0.54155844,24.5,-21.468105003900476,-11.623458339840752,0.5414291730792691,9.844646664059724,0,13,2,"{""geodesic"":false,""type"":""Point"",""coordinates"":[8.287183074823616,52.994358471827134]}"
00000000000000000884_0,2788.0,2388.0,1449.0,1598.0,1608.0,3358.0,0.3523963,33.2,-20.074943083208286,-11.711938683179644,0.5834108039377761,8.363004400028641,270,4,2,"{""geodesic"":false,""type"":""Point"",""coordinates"":[8.313503712648318,53.08463915788115]}"
00000000000000000890_0,3467.0,2634.0,1488.0,1758.0,1885.0,4403.0,0.40044528,14.6,-16.241172675563757,-8.596491838989927,0.529302410036197,7.64468083657383,133,173,4,"{""geodesic"":false,""type"":""Point"",""coordinates"":[6.177669293125743,50.85825455771933]}"
00000000000000000897_0,3339.5,2684.0,1462.5,1684.0,1862.0,3351.5,0.2857006,16.9,-17.897344606104223,-9.489007023648293,0.5301907759216912,8.40833758245593,122,27,2,"{""geodesic"":false,""type"":""Point"",""coordinates"":[6.774959125536813,52.08184980621853]}"
0000000000000000089b_0,3660.0,2897.5,1522.0,1746.0,1790.5,3522.0,0.3259294,14.5,-22.65774522838374,-14.999810428302853,0.6620169075567298,7.657934800080886,0,59,3,"{""geodesic"":false,""type"":""Point"",""coordinates"":[6.890392639546172,52.102960215395335]}"
000000000000000008ae_0,2960.0,2092.0,1504.0,1816.0,1780.0,4439.0,0.4275607,11,-16.113453138554263,-9.630532910740305,0.5976703334741804,6.482920227813958,200,142,9,"{""geodesic"":false,""type"":""Point"",""coordinates"":[8.131055878443643,51.769415750401755]}"
000000000000000008c8_0,2873.5,2237.0,1521.0,1781.0,1819.5,4070.0,0.38212073,20.3,-19.607148642873383,-11.724878488361918,0.5979899832413197,7.882270154511465,280,354,10,"{""geodesic"":false,""type"":""Point"",""coordinates"":[8.210197454974573,51.23123506368575]}"
000000000000000008cb_0,3083.0,2357.0,1472.0,1772.0,1805.0,4015.0,0.3797251,22.7,-16.657562177861344,-8.274539368669284,0.4967437179773234,8.38302280919206,122,80,4,"{""geodesic"":false,""type"":""Point"",""coordinates"":[8.423188008839311,51.70177260950756]}"
000000000000000008e3_0,3104.0,2512.0,1483.0,1794.0,1834.0,4040.0,0.37555328,19.3,-18.730492722534933,-9.602767840176185,0.5126810053759532,9.127724882358748,123,295,5,"{""geodesic"":false,""type"":""Point"",""coordinates"":[6.752141917320177,49.95805281150315]}"
000000000000000008f1_0,3418.0,2672.0,1608.0,1916.0,1917.0,4615.0,0.41304347,9.3,-18.824277582705182,-10.688533837713557,0.5678057917895163,8.135743744991625,237,111,2,"{""geodesic"":false,""type"":""Point"",""coordinates"":[8.287542400937264,49.128009488976716]}"
000000000000000008f4_0,3158.0,2298.5,1505.0,1757.0,1707.0,4268.5,0.42866707,13.3,-15.82878299475071,-8.512692366014452,0.5377982861245562,7.316090628736259,123,94,3,"{""geodesic"":false,""type"":""Point"",""coordinates"":[8.444478081072944,49.36417657717174]}"
00000000000000000903_0,3286.0,2441.0,1693.0,2126.0,1826.0,4928.0,0.45928338,10.6,-16.80756366269908,-9.173619503200097,0.5458030495852919,7.633944159498984,0,106,1,"{""geodesic"":false,""type"":""Point"",""coordinates"":[12.549778929499157,51.50486189922856]}"
00000000000000000919_0,3392.5,2442.5,1729.0,2104.0,2414.0,4586.0,0.31028572,19.7,-17.104119974267732,-8.974408817046065,0.5246928126409076,8.129711157221667,238,109,2,"{""geodesic"":false,""type"":""Point"",""coordinates"":[11.38475383752455,52.04582736332534]}"
00000000000000000927_0,2823.5,2181.5,1443.5,1584.5,1610.5,3279.5,0.3413088,20.4,-19.272932476812134,-11.773636522512803,0.6108897302825106,7.499295954299331,58,205,2,"{""geodesic"":false,""type"":""Point"",""coordinates"":[11.622448061702574,51.359604317786435]}"
0000000000000000092e_0,2302.0,1653.0,1273.0,1428.0,1376.0,4660.0,0.54406893,29.5,-20.422335573897897,-12.36494164427313,0.605461681869382,8.057393929624766,73,23,6,"{""geodesic"":false,""type"":""Point"",""coordinates"":[11.883678146324531,52.812000469150874]}"
00000000000000000939_0,4592.0,4378.0,1860.0,2182.0,2608.0,3678.0,0.17021954,9.4,-19.338784120334736,-12.118367052502666,0.6266354170508682,7.22041706783207,302,81,2,"{""geodesic"":false,""type"":""Point"",""coordinates"":[12.169791564316599,51.998036990210174]}"
0000000000000000093a_0,3731.0,3480.0,1881.0,2106.0,2496.0,3540.0,0.17296223,11.3,-20.584820113583657,-12.709898488810737,0.6174403477261207,7.87492162477292,302,84,2,"{""geodesic"":false,""type"":""Point"",""coordinates"":[12.171588194884839,52.03396960157496]}"
0000000000000000094b_0,3552.0,3107.0,1728.0,1844.0,2020.0,3842.0,0.31081542,18.8,-17.592461747262615,-10.886438181058356,0.6188126674626583,6.706023566204259,286,15,3,"{""geodesic"":false,""type"":""Point"",""coordinates"":[9.18334240226125,54.4416342260721]}"
0000000000000000094c_0,3327.0,2885.0,1486.0,1608.0,1836.0,3154.0,0.26412827,29.7,-18.751182443351148,-11.381631042058675,0.6069820437427619,7.3695514012924725,180,22,2,"{""geodesic"":false,""type"":""Point"",""coordinates"":[9.24128373808696,54.639712746220454]}"
00000000000000000961_0,3437.0,2340.0,1512.0,1794.0,1772.0,4200.0,0.40656397,6.9,-17.532164895819818,-10.989962197535156,0.6268457011920693,6.542202698284662,164,26,6,"{""geodesic"":false,""type"":""Point"",""coordinates"":[9.923374533318912,54.22864367220736]}"
00000000000000000964_0,2226.0,1598.0,1434.0,2004.0,1717.0,5832.0,0.54510534,13.3,-17.150896613338215,-9.380302498377638,0.5469278201515481,7.770594114960577,90,37,2,"{""geodesic"":false,""type"":""Point"",""coordinates"":[10.168524774355129,54.210587534996556]}"
00000000000000000965_0,3300.0,2768.0,1548.0,1831.0,2056.0,3474.0,0.25641954,11.7,-16.366397941032105,-8.661546296680791,0.529227404092716,7.704851644351313,69,39,5,"{""geodesic"":false,""type"":""Point"",""coordinates"":[10.199336988600429,54.228464009150535]}"
0000000000000000068f_0,4106.0,3245.0,1987.0,2554.0,2620.0,5609.0,0.3632276,9.1,-17.51378326714176,-7.819806646660806,0.44649442826735364,9.693976620480957,57,301,2,"{""geodesic"":false,""type"":""Point"",""coordinates"":[8.96981285922604,49.26230762395259]}"
000000000000000006ac_0,3387.0,2676.0,1564.0,1850.0,1866.0,3766.0,0.33735797,46.6,-19.692079108554143,-11.767083817441971,0.597554161374987,7.924995291112172,180,767,3,"{""geodesic"":false,""type"":""Point"",""coordinates"":[9.607976037064548,48.474754614365]}"
00000000000000000745_0,3287.0,2670.0,1404.0,1639.0,1623.0,3772.0,0.3983318,10.8,-21.143364402532896,-13.235081149809833,0.6259685496516496,7.908283252723063,287,73,3,"{""geodesic"":false,""type"":""Point"",""coordinates"":[12.166557629293768,53.1309023950133]}"
0000000000000000076d_0,3959.0,3457.5,1725.5,1920.0,2156.0,3838.5,0.28067395,10.4,-20.736624412646123,-11.854582527842354,0.5716736867073167,8.882041884803769,0,45,1,"{""geodesic"":false,""type"":""Point"",""coordinates"":[13.288643250687464,52.943603658274384]}"
000000000000000007a9_0,3130.0,2561.0,1335.0,1684.0,1644.0,4528.0,0.46727154,17.2,-18.604682042971277,-11.042571627133228,0.5935372397995394,7.562110415838049,0,220,2,"{""geodesic"":false,""type"":""Point"",""coordinates"":[8.746042521951868,50.4830282635426]}"
000000000000000008e7_0,3059.0,2270.5,1639.0,2021.0,1957.0,3915.0,0.33344686,13.6,-21.231579423103586,-13.450443163052682,0.6335111908074207,7.7811362600509035,261,433,6,"{""geodesic"":false,""type"":""Point"",""coordinates"":[6.907640293001267,50.14229727627607]}"
00000000000000000963_0,3079.0,2329.0,1454.0,1610.0,1498.0,3888.0,0.44374305,12.6,-18.215078902434588,-10.415870143509574,0.5718267924778196,7.799208758925014,319,30,2,"{""geodesic"":false,""type"":""Point"",""coordinates"":[10.076627120789702,54.19262122931416]}"
0000000000000000079b_0,3063.0,2371.0,1410.0,1696.0,1744.0,4248.0,0.41789052,15.7,-19.92039755648257,-11.435807406927596,0.5740752600194022,8.484590149554974,322,172,2,"{""geodesic"":false,""type"":""Point"",""coordinates"":[8.918339393445992,50.3409147855949]}"
000000000000000006d8_0,3518.0,3124.0,1824.0,2084.0,2430.0,4376.0,0.2859242,8.1,-19.68472266274228,-10.297158267721187,0.5231040560815647,9.387564395021094,0,339,1,"{""geodesic"":false,""type"":""Point"",""coordinates"":[12.440184464836575,48.8806134597302]}"
000000000000000006dc_0,3306.0,2100.0,1301.0,1694.0,1404.0,6007.0,0.62110376,22.8,-19.282368651522688,-10.49449214829588,0.5442532677367493,8.787876503226808,0,347,2,"{""geodesic"":false,""type"":""Point"",""coordinates"":[12.651468219661487,48.74972892283399]}"
00000000000000000719_0,2978.0,2247.0,1502.5,1747.5,1839.0,3569.0,0.31989646,30.9,-18.357486784577382,-9.893658330686238,0.53894405300611,8.463828453891145,180,323,1,"{""geodesic"":false,""type"":""Point"",""coordinates"":[10.183077481957866,50.47179932249111]}"
0000000000000000079a_0,4014.0,3078.0,2020.0,2472.0,3150.0,4604.0,0.18751612,7.6,-17.49874934611731,-9.964007120537083,0.5694125290587086,7.534742225580228,322,153,2,"{""geodesic"":false,""type"":""Point"",""coordinates"":[8.893635723132704,50.196825014022124]}"
00000000000000000803_0,3315.0,2629.0,1698.0,2054.0,2124.0,4408.0,0.3496632,7,-20.972337516308393,-13.541612635918021,0.6456892382829461,7.430724880390372,90,63,2,"{""geodesic"":false,""type"":""Point"",""coordinates"":[10.220267734720414,52.37721587163703]}"
0000000000000000085b_0,3508.0,3312.5,1445.0,1635.0,1743.0,3246.5,0.3013328,16.6,-20.795215468475373,-12.19948443673168,0.5866486190165021,8.595731031743693,121,22,2,"{""geodesic"":false,""type"":""Point"",""coordinates"":[7.187465504004497,52.488067977697376]}"
000000000000000006e3_0,2937.0,1900.0,1481.0,1971.0,1441.0,6536.0,0.6387113,29.3,-17.904144226848523,-9.129250701311499,0.5098959540116721,8.774893525537024,288,367,3,"{""geodesic"":false,""type"":""Point"",""coordinates"":[12.811458171763174,48.69178758700828]}"
00000000000000000700_0,4678.5,4313.0,2224.0,2612.0,3247.0,4069.0,0.11235648,9.6,-16.912437919547237,-10.148378633209338,0.6000541543144373,6.764059286337899,123,301,2,"{""geodesic"":false,""type"":""Point"",""coordinates"":[10.875049745315133,49.803183256520946]}"
000000000000000008b5_0,2850.0,2052.0,1562.0,1868.0,1673.0,4340.0,0.443539,28.6,-18.384866078671102,-11.430074177408434,0.6217110382255568,6.954791901262668,58,141,2,"{""geodesic"":false,""type"":""Point"",""coordinates"":[8.933700584804436,52.138982658288526]}"
00000000000000000907_0,2790.0,2048.0,1695.0,2066.0,2132.0,4212.0,0.32786885,19.6,-18.981443405160427,-12.724273383453466,0.6703533083260759,6.25717002170696,0,35,0,"{""geodesic"":false,""type"":""Point"",""coordinates"":[11.951770444860792,52.34343921695413]}"
00000000000000000904_0,3488.0,3138.0,1858.0,2235.0,2426.0,4236.0,0.2716902,12.9,-17.55669709005695,-9.984126348255005,0.5686790799568678,7.572570741801945,58,193,2,"{""geodesic"":false,""type"":""Point"",""coordinates"":[12.552563706879928,51.03710913078752]}"
000000000000000006e5_0,3257.0,2495.0,1684.0,1964.0,1941.0,4143.0,0.36193293,41.1,-19.35529254812694,-11.098468130333607,0.5734074079602395,8.256824417793332,37,308,2,"{""geodesic"":false,""type"":""Point"",""coordinates"":[13.032892889298635,48.757993423447886]}"
0000000000000000069c_0,3018.0,2412.0,1480.0,1896.0,1921.0,4252.0,0.37761217,23.9,-21.871319912622848,-13.67943975608534,0.6254510386540671,8.191880156537508,281,786,10,"{""geodesic"":false,""type"":""Point"",""coordinates"":[8.624769958595731,47.83695076264014]}"
0000000000000000071a_0,3149.5,2342.5,1622.5,2016.5,2035.0,4174.0,0.34449992,18,-19.075838515519667,-9.99246653757886,0.523828429845913,9.083371977940807,212,242,5,"{""geodesic"":false,""type"":""Point"",""coordinates"":[10.320699383484977,49.98599041683927]}"
0000000000000000073a_0,3697.0,2813.0,1655.0,2062.0,2272.0,3964.0,0.27132776,14.3,-17.967786659576536,-11.396880616545083,0.6342951879646641,6.570906043031453,180,477,1,"{""geodesic"":false,""type"":""Point"",""coordinates"":[10.987249324301661,48.489037827382504]}"
000000000000000007ad_0,3623.0,3159.0,1725.0,2292.0,2463.0,4764.5,0.31843653,11.4,-16.64259840135564,-10.093286036625404,0.6064729673344305,6.549312364730238,158,200,4,"{""geodesic"":false,""type"":""Point"",""coordinates"":[8.878364363302673,50.84406117623024]}"
00000000000000000805_0,2871.0,2046.0,1695.0,2210.0,2018.0,5456.0,0.45999464,16.9,-17.88068367865978,-10.880164345145538,0.6084870433746773,7.000519333514241,68,175,5,"{""geodesic"":false,""type"":""Point"",""coordinates"":[10.247756182414472,52.03567640061478]}"
00000000000000000824_0,3173.5,2360.5,1611.0,1847.5,1948.0,4232.0,0.3695793,31.1,-17.520504050550613,-10.418077826218438,0.5946220380509561,7.102426224332175,0,34,2,"{""geodesic"":false,""type"":""Point"",""coordinates"":[9.01257266675013,52.53513969858524]}"
000000000000000008da_0,3427.0,2953.0,1566.0,2142.0,2038.0,4458.0,0.37253696,18,-17.618217194585476,-11.00533374565409,0.6246564918632237,6.612883448931386,142,185,2,"{""geodesic"":false,""type"":""Point"",""coordinates"":[7.9893017266095825,50.382327120192805]}"
000000000000000008e9_0,3398.0,2702.0,1623.0,1908.5,2183.0,4123.0,0.3076435,21.5,-21.61131997820729,-12.973417076786578,0.6003065564652638,8.637902901420713,293,207,9,"{""geodesic"":false,""type"":""Point"",""coordinates"":[7.577244505783958,49.6367254343736]}"
00000000000000000912_0,3775.0,3133.0,1695.0,2033.0,2218.0,4231.0,0.31214142,24.5,-21.18686874952636,-13.934882081044455,0.6577131451459043,7.251986668481907,302,138,2,"{""geodesic"":false,""type"":""Point"",""coordinates"":[11.232130070752643,51.79582621975487]}"
00000000000000000924_0,3144.5,2613.0,1468.0,1613.0,1635.0,3696.0,0.38660663,19.9,-20.999542180050828,-12.460185670026416,0.5933551104682349,8.539356510024412,0,55,1,"{""geodesic"":false,""type"":""Point"",""coordinates"":[11.564686388933689,52.18740185210257]}"
0000000000000000092b_0,3357.5,2960.0,1503.0,1725.5,1758.0,3562.5,0.33915985,16.3,-20.10595187333859,-10.566111370446153,0.5255215687876633,9.539840502892437,180,56,1,"{""geodesic"":false,""type"":""Point"",""coordinates"":[11.797799205162706,52.166111779868935]}"
0000000000000000096d_0,2900.5,2459.0,1720.0,2181.0,2103.0,5070.0,0.41363445,13.7,-17.162513679616538,-9.224295949685423,0.537467653158574,7.9382177299311145,0,9,0,"{""geodesic"":false,""type"":""Point"",""coordinates"":[10.995962982557622,54.20663494774643]}"
00000000000000000984_0,4599.0,4321.0,1937.5,2269.0,2763.0,3522.0,0.12076373,18.1,-19.20135870812144,-10.337967343770199,0.5383976988773005,8.86339136435124,122,229,2,"{""geodesic"":false,""type"":""Point"",""coordinates"":[11.466859854493073,50.98401869749606]}"
00000000000000000985_0,3730.0,3061.0,1681.0,2001.5,2253.0,3827.5,0.2589425,15.3,-19.460282649404764,-12.061561237934157,0.6198040108273086,7.398721411470607,0,294,1,"{""geodesic"":false,""type"":""Point"",""coordinates"":[11.543306485171644,50.71335630239085]}"
000000000000000006d9_0,2644.0,1951.0,1374.0,1532.0,1558.0,4658.0,0.498713,15.5,-16.70128572146685,-10.093594058509305,0.6043603005686918,6.607691662957544,180,435,2,"{""geodesic"":false,""type"":""Point"",""coordinates"":[12.45329986798472,48.59234408505625]}"
000000000000000007cc_0,3201.0,2429.0,1655.5,1931.0,2191.0,4294.0,0.32428682,13.3,-17.805790543494815,-11.038403342022448,0.6199333478094422,6.767387201472367,180,277,5,"{""geodesic"":false,""type"":""Point"",""coordinates"":[9.303716650333266,50.88331755414626]}"
0000000000000000081e_0,3415.0,2765.0,1498.0,1748.0,1804.0,3452.0,0.31354642,21.7,-19.941206968817028,-12.069293646254927,0.6052438884531027,7.871913322562101,0,44,3,"{""geodesic"":false,""type"":""Point"",""coordinates"":[8.80874492878341,52.443421708076635]}"
000000000000000006ee_0,3994.5,3273.5,1979.5,2330.0,2639.0,3723.0,0.17038667,57.3,-20.37028352461623,-10.40874602923546,0.51097698353865,9.961537495380771,57,414,2,"{""geodesic"":false,""type"":""Point"",""coordinates"":[11.386280973507553,49.22251225686609]}"
0000000000000000075f_0,3072.5,2436.0,1702.5,2001.0,1982.5,4651.5,0.40232137,12.6,-19.80745711460169,-13.35510771063219,0.6742464534120866,6.4523494039694995,239,40,2,"{""geodesic"":false,""type"":""Point"",""coordinates"":[12.805978448530045,52.84793308051565]}"
0000000000000000088e_0,3385.0,3209.0,1713.0,2110.0,2300.0,3707.0,0.23422673,10.5,-18.74942385815077,-11.602472120792903,0.6188175278649463,7.146951737357867,90,59,1,"{""geodesic"":false,""type"":""Point"",""coordinates"":[6.6108369231281765,51.15963933554143]}"
00000000000000000891_0,3536.0,2979.0,1540.0,1908.0,2262.0,3941.0,0.27067548,28.3,-18.29545849416715,-11.489529690089725,0.6279990027991236,6.805928804077425,28,292,3,"{""geodesic"":false,""type"":""Point"",""coordinates"":[6.562507560842546,50.654336988224195]}"
00000000000000000926_0,4432.0,4411.0,1896.0,2219.0,2715.0,3518.0,0.12883042,8.6,-21.535119289494755,-10.647255879005904,0.49441360114498367,10.887863410488851,270,51,2,"{""geodesic"":false,""type"":""Point"",""coordinates"":[11.594510456366457,52.205008831671314]}"
00000000000000000928_0,4137.5,3912.5,1831.0,2084.0,2484.0,3438.0,0.16109422,18.6,-21.730362450399078,-12.850983065910809,0.591383742229058,8.879379384488269,0,105,1,"{""geodesic"":false,""type"":""Point"",""coordinates"":[11.66359090171525,51.7006047996382]}"
00000000000000000713_0,3423.0,2409.0,1372.0,1626.0,1520.0,4492.0,0.49434465,10.6,-17.698639313015256,-11.132805665609249,0.629020427430395,6.5658336474060075,193,315,7,"{""geodesic"":false,""type"":""Point"",""coordinates"":[9.120370500844471,50.054981030659654]}"
0000000000000000091d_0,3363.0,2720.0,1682.0,1957.0,2180.0,3486.0,0.2304977,13.1,-21.129242283053255,-12.968322808619675,0.6137618488582026,8.16091947443358,209,74,3,"{""geodesic"":false,""type"":""Point"",""coordinates"":[11.451768157719865,52.314693127862306]}"
00000000000000000724_0,3565.0,2335.0,1414.0,1789.0,1575.5,5643.5,0.563513,15.9,-18.78154768238742,-12.250694730482271,0.652272908370085,6.530852951905148,56,568,3,"{""geodesic"":false,""type"":""Point"",""coordinates"":[10.335791080258184,48.151001785968326]}"
0000000000000000069a_0,4092.5,3260.5,1750.0,2118.0,2439.0,4162.0,0.26102105,36.1,-19.477923511581373,-12.492694018342563,0.6413770960192207,6.98522949323881,270,829,1,"{""geodesic"":false,""type"":""Point"",""coordinates"":[8.329403893177233,47.88689709243719]}"
000000000000000006bb_0,3415.5,2629.5,1685.0,2005.0,2117.0,4069.0,0.31555125,15,-18.744839279154338,-13.061702304017766,0.6968159134094767,5.683136975136572,0,598,0,"{""geodesic"":false,""type"":""Point"",""coordinates"":[9.959396976212105,48.49343957227469]}"
000000000000000006de_0,2881.0,2182.0,1479.0,1709.0,1728.0,3757.0,0.36991796,13.9,-18.047114635375884,-10.027202769097256,0.5556125159997584,8.019911866278628,33,408,8,"{""geodesic"":false,""type"":""Point"",""coordinates"":[12.69898909819141,48.622617310131076]}"
0000000000000000096f_0,2761.5,1996.0,1496.0,1677.5,1687.0,4752.0,0.47600558,17.3,-20.5647909839628,-10.498336284527701,0.5105005099597024,10.0664546994351,0,205,0,"{""geodesic"":false,""type"":""Point"",""coordinates"":[10.071147397556572,50.95733873355771]}"
00000000000000000747_0,3876.5,2884.5,1420.0,1605.0,1670.5,3415.0,0.34303412,7.2,-23.763003817025584,-15.520962737821087,0.6531565982706578,8.242041079204498,331,29,3,"{""geodesic"":false,""type"":""Point"",""coordinates"":[12.291153959201147,52.661083501418794]}"
000000000000000007ca_0,4002.5,3079.5,1563.5,1755.0,1960.0,3499.0,0.28191978,11.7,-21.024577220986917,-14.198826428601851,0.6753442068946081,6.825750792385065,190,248,8,"{""geodesic"":false,""type"":""Point"",""coordinates"":[9.245415988393908,50.972879587972976]}"
00000000000000000869_0,3430.0,3105.0,1586.0,1785.0,1886.0,3172.0,0.2542507,43,-17.62732800159008,-10.275629569902318,0.582937446275204,7.351698431687762,0,6,2,"{""geodesic"":false,""type"":""Point"",""coordinates"":[7.643540173751979,53.325118159439945]}"
0000000000000000089d_0,3030.5,2222.5,1561.5,1820.5,1780.5,4702.0,0.4506749,9.5,-20.61690389694265,-11.926542759807134,0.5784836956811814,8.690361137135515,270,67,2,"{""geodesic"":false,""type"":""Point"",""coordinates"":[7.105000160922326,51.94647369290171]}"
0000000000000000094d_0,3120.0,2235.0,1448.0,1727.0,1536.0,4892.0,0.52209085,32.9,-19.300132431082574,-12.485942822689527,0.6469356035392329,6.814189608393047,60,23,2,"{""geodesic"":false,""type"":""Point"",""coordinates"":[9.238319297649365,54.801409497361966]}"
0000000000000000097d_0,3348.0,2444.0,1394.5,1664.5,1561.0,4688.0,0.50040007,29.3,-17.38650711877084,-12.041105084948596,0.6925545771035727,5.3454020338222445,322,242,5,"{""geodesic"":false,""type"":""Point"",""coordinates"":[10.981230611898061,50.91727387188598]}"
00000000000000000982_0,4262.0,3150.5,1580.5,1842.0,2092.0,3449.5,0.24496977,18.7,-21.594996941836428,-13.906893900058904,0.6439868427634178,7.688103041777524,180,235,3,"{""geodesic"":false,""type"":""Point"",""coordinates"":[11.408289697968481,50.93083843267618]}"
0000000000000000098a_0,2965.0,2353.0,1480.0,1685.0,1829.5,3067.0,0.25273153,36.5,-19.637669071334095,-9.70707676424741,0.4943090103507867,9.930592307086686,47,291,4,"{""geodesic"":false,""type"":""Point"",""coordinates"":[11.807860336344843,50.961201489279425]}"
0000000000000000261e_0,3188.5,2656.5,1644.0,1869.5,2284.0,3594.0,0.22286493,14.7,-18.717676099426523,-8.609851652986197,0.45998507545763057,10.107824446440326,90,304,1,"{""geodesic"":false,""type"":""Point"",""coordinates"":[10.71479029862821,50.23590172888132]}"
0000000000000000069d_0,3384.0,2284.0,1392.0,1759.0,1464.0,5204.0,0.5608878,26.1,-15.928110450529951,-9.138042816204706,0.5737053898882695,6.790067634325245,40,475,26,"{""geodesic"":false,""type"":""Point"",""coordinates"":[8.945558346554813,47.82257771809423]}"
000000000000000008be_0,3016.0,2038.0,1570.5,2040.0,1902.0,5109.5,0.45746273,31.3,-18.614121435199657,-12.183262284266334,0.6545171807694106,6.430859150933323,219,176,5,"{""geodesic"":false,""type"":""Point"",""coordinates"":[9.172023629681345,51.8892510093033]}"
000000000000000008d6_0,3656.0,2534.0,1498.0,1888.0,1702.0,4504.0,0.45149854,40.1,-19.523473848046763,-13.594564720695836,0.6963189454143127,5.928909127350927,297,325,8,"{""geodesic"":false,""type"":""Point"",""coordinates"":[7.8785394520776455,50.34441821520296]}"
000000000000000008ec_0,3776.0,3028.0,1626.0,1910.0,2004.0,3686.0,0.29560632,19,-19.35978803360713,-12.5156586094439,0.6464770475646562,6.844129424163231,0,131,6,"{""geodesic"":false,""type"":""Point"",""coordinates"":[7.953997935943685,49.89606905689891]}"
00000000000000000930_0,3509.0,3059.0,1798.0,2060.0,2358.0,3508.0,0.19604501,14.2,-19.89823196353747,-12.052727492359704,0.6057185138079471,7.845504471177765,0,35,1,"{""geodesic"":false,""type"":""Point"",""coordinates"":[11.92320401882579,52.361944511806996]}"
00000000000000000918_0,3171.0,2137.0,1373.0,1570.0,1412.0,4924.0,0.5542929,212,-14.430648930337423,-8.351111617619441,0.5787065888674607,6.0795373127179815,29,42,3,"{""geodesic"":false,""type"":""Point"",""coordinates"":[11.378375799007301,52.7828950539454]}"
00000000000000000969_0,3071.0,2212.0,1452.0,1758.0,1615.0,5189.0,0.5252792,28.1,-18.858833282800056,-11.535097497695148,0.611654884727974,7.323735785104908,253,29,3,"{""geodesic"":false,""type"":""Point"",""coordinates"":[10.739044811299438,53.54340877348099]}"
00000000000000000848_0,2713.5,1990.5,1258.5,1479.5,1409.0,3622.0,0.4398728,21,-16.21806827448179,-11.410510981293633,0.7035678225160406,4.807557293188157,90,71,2,"{""geodesic"":false,""type"":""Point"",""coordinates"":[9.805695231099255,53.150126342093465]}"
000000000000000006cd_0,3491.5,2278.0,1372.0,1709.0,1513.5,4718.0,0.5142422,98.3,-19.934558411792445,-11.30585668323652,0.5671485893837734,8.628701728555924,149,1077,21,"{""geodesic"":false,""type"":""Point"",""coordinates"":[12.036751070738498,47.68262019682841]}"
00000000000000000821_0,3088.0,2217.0,1396.0,1677.0,1512.0,4508.0,0.4976744,18.1,-14.941444543002383,-8.993428039417495,0.6019115496854313,5.948016503584888,270,45,2,"{""geodesic"":false,""type"":""Point"",""coordinates"":[8.925975073361007,52.462465992099965]}"
000000000000000008f7_0,3390.5,2302.5,1513.0,1820.5,1823.0,3998.0,0.37364715,45.4,-20.63660342709565,-14.241858933020723,0.690126114180268,6.394744494074928,180,278,6,"{""geodesic"":false,""type"":""Point"",""coordinates"":[7.07760154475668,49.19295768401856]}"
00000000000000000684_0,3431.0,2098.0,1446.0,1745.0,1540.0,5216.0,0.5441089,55.2,-21.16670785521375,-14.203812638684557,0.6710449605976819,6.962895216529194,180,440,3,"{""geodesic"":false,""type"":""Point"",""coordinates"":[9.417443365302798,48.58183379623205]}"
00000000000000000688_0,3863.0,2714.0,1631.0,1952.0,2205.0,4310.0,0.32310054,48.2,-19.17901763527062,-11.343999985539504,0.5914797202479052,7.835017649731114,108,394,3,"{""geodesic"":false,""type"":""Point"",""coordinates"":[9.633488191133543,48.67274330298494]}"
0000000000000000068c_0,4022.5,2660.0,1422.0,1739.0,1678.5,4518.5,0.45828626,16.4,-21.721994221537287,-15.244229826209022,0.7017877673079582,6.477764395328265,14,583,6,"{""geodesic"":false,""type"":""Point"",""coordinates"":[10.06782363100533,48.61938337510824]}"
00000000000000000691_0,4774.5,3470.0,1766.0,1976.5,2291.0,3709.0,0.23633334,40.6,-20.89627013546125,-15.081034904072697,0.7217094154272048,5.815235231388554,270,321,3,"{""geodesic"":false,""type"":""Point"",""coordinates"":[9.214424111091786,49.42616033177598]}"
00000000000000000693_0,3869.0,2626.0,1522.0,1742.0,1705.0,4344.0,0.43627045,41.9,-19.936637461313865,-12.952844164475852,0.6497005420101687,6.983793296838012,270,779,8,"{""geodesic"":false,""type"":""Point"",""coordinates"":[7.966035360750887,47.61066514257043]}"
00000000000000000695_0,3206.0,2218.0,1534.0,1852.0,1797.0,4124.0,0.39300793,25.5,-19.81383241473923,-13.49100614757114,0.6808882736655918,6.322826267168091,143,669,2,"{""geodesic"":false,""type"":""Point"",""coordinates"":[7.99334414538812,47.59323782605851]}"
00000000000000000697_0,3561.0,2286.0,1363.0,1630.0,1538.0,5177.0,0.5419211,66.6,-19.205341836267454,-12.476444030083407,0.6496340516325949,6.728897806184047,180,971,5,"{""geodesic"":false,""type"":""Point"",""coordinates"":[8.082816347686425,48.04491075091381]}"
00000000000000000699_0,3410.5,2228.0,1413.0,1796.0,1561.5,5031.5,0.5263158,36.9,-21.25509014534766,-14.027733913022615,0.6599705678544499,7.227356232325043,304,881,5,"{""geodesic"":false,""type"":""Point"",""coordinates"":[8.254125072368018,47.74172934252347]}"
0000000000000000069b_0,3530.0,2417.5,1456.0,1778.0,1738.5,4490.0,0.44175965,58.1,-19.368435443796308,-13.185607689039738,0.6807781520248233,6.18282775475657,206,610,3,"{""geodesic"":false,""type"":""Point"",""coordinates"":[8.365336504542014,47.59943620151894]}"
000000000000000006a1_0,3090.5,2343.0,1474.5,1819.5,1732.5,4702.0,0.46149662,46.1,-18.715211099327853,-10.513887875283036,0.5617830234178143,8.201323224044817,304,692,3,"{""geodesic"":false,""type"":""Point"",""coordinates"":[9.04895443575697,48.0034984163159]}"
000000000000000006a2_0,3227.5,2280.5,1460.5,1727.0,1577.0,4437.5,0.47560063,35.6,-19.50754876279781,-11.640569143746298,0.5967212634088418,7.866979619051513,315,343,4,"{""geodesic"":false,""type"":""Point"",""coordinates"":[9.039791619858951,48.489307321967736]}"
000000000000000006a8_0,3242.0,2186.0,1314.0,1646.0,1437.0,4980.0,0.5521272,32.3,-17.03974681517829,-9.918436281592342,0.5820765055474543,7.121310533585948,77,634,13,"{""geodesic"":false,""type"":""Point"",""coordinates"":[9.400195711847703,47.753946430387494]}"
000000000000000006ad_0,3596.0,2440.0,1456.0,1818.0,1701.0,4716.0,0.4698457,43.1,-20.736990140291653,-14.996941304289749,0.723197590529347,5.740048836001904,252,770,3,"{""geodesic"":false,""type"":""Point"",""coordinates"":[9.635464484758606,48.40288939163544]}"
000000000000000006ae_0,3107.0,2005.0,1397.0,1682.0,1469.0,5336.0,0.56825864,46.8,-20.10096436278929,-13.574559139245505,0.6753188003444549,6.526405223543787,206,555,3,"{""geodesic"":false,""type"":""Point"",""coordinates"":[9.665288552191374,47.989035540241574]}"
000000000000000006b3_0,3700.0,2470.5,1389.5,1763.5,1592.0,4820.0,0.5034311,25.1,-21.460178539192427,-14.357235961056313,0.6690175449768925,7.102942578136114,304,585,2,"{""geodesic"":false,""type"":""Point"",""coordinates"":[9.74559793859166,47.98930503482681]}"
000000000000000006b4_0,3312.0,2285.0,1400.0,1750.0,1544.0,5425.0,0.55689484,21.2,-18.92196978841521,-12.511017847508155,0.6611900339872597,6.410951940907056,56,563,2,"{""geodesic"":false,""type"":""Point"",""coordinates"":[9.744789454835951,48.15127128055356]}"
000000000000000006b5_0,3152.0,2028.0,1345.0,1710.0,1490.0,5197.0,0.5543592,32.8,-19.48145389218005,-13.239852883632402,0.6796131827176894,6.241601008547647,124,570,2,"{""geodesic"":false,""type"":""Point"",""coordinates"":[9.7737152069846,47.6833388490557]}"
000000000000000006b6_0,3445.0,2207.5,1341.0,1684.0,1453.5,5414.0,0.5767019,44.2,-22.169673396816197,-14.19231752319886,0.6401680922027939,7.977355873617338,0,653,2,"{""geodesic"":false,""type"":""Point"",""coordinates"":[9.906576037505877,47.827608283685294]}"
000000000000000006b7_0,3200.0,1988.0,1253.0,1612.0,1300.0,5544.0,0.6201052,33.2,-19.515855327379228,-12.099991894795167,0.620008280027564,7.415863432584061,56,681,7,"{""geodesic"":false,""type"":""Point"",""coordinates"":[9.960025796910989,47.68360834364094]}"
000000000000000006b8_0,3478.5,2277.0,1338.5,1696.0,1391.5,5858.0,0.61611146,62.1,-20.091819529026623,-13.22221511485516,0.6580894824260712,6.869604414171462,298,690,8,"{""geodesic"":false,""type"":""Point"",""coordinates"":[9.959935965382577,47.80964197800291]}"
000000000000000006bc_0,3284.5,2101.5,1305.0,1619.5,1350.0,5258.0,0.5914044,38.4,-20.659722131677917,-12.850473985657393,0.6220061385023923,7.809248146020524,26,658,3,"{""geodesic"":false,""type"":""Point"",""coordinates"":[9.986615929320926,47.827608283685294]}"
000000000000000006be_0,3458.5,2225.5,1413.0,1769.5,1528.0,4876.5,0.5228355,56.4,-19.256163118795094,-13.117427349412615,0.68120670086188,6.138735769382478,252,534,3,"{""geodesic"":false,""type"":""Point"",""coordinates"":[10.120824232768383,48.11551833224561]}"
000000000000000006c0_0,3121.0,1927.0,1298.0,1643.0,1271.0,6360.0,0.6668851,51,-20.705223730207695,-13.608860061049302,0.6572669891605557,7.096363669158393,180,750,4,"{""geodesic"":false,""type"":""Point"",""coordinates"":[10.893016050997524,47.75197013676243]}"
000000000000000006c2_0,3199.0,2163.0,1382.0,1698.0,1476.0,4972.0,0.54218364,47.2,-19.384330003107134,-11.746288790416717,0.6059682634650716,7.638041212690418,90,483,1,"{""geodesic"":false,""type"":""Point"",""coordinates"":[11.441796858066139,48.30407471038229]}"
000000000000000006c3_0,3591.0,2520.0,1434.0,1789.0,1634.0,4552.0,0.47171032,36,-20.559305439643047,-12.683760295943697,0.6169352526611382,7.87554514369935,252,406,3,"{""geodesic"":false,""type"":""Point"",""coordinates"":[11.53297585940427,48.64480569764883]}"
000000000000000006cb_0,3199.0,2391.0,1556.0,1898.0,1836.0,4468.0,0.41751269,37.5,-19.43060479085341,-12.505001432769623,0.6435724243980361,6.9256033580837855,180,519,5,"{""geodesic"":false,""type"":""Point"",""coordinates"":[11.870203417062738,48.22565178607866]}"
000000000000000006cc_0,3201.0,1986.0,1262.0,1628.0,1260.0,5533.0,0.62902987,68.6,-19.507380813373665,-11.913800920558478,0.6107329853524334,7.593579892815187,180,489,2,"{""geodesic"":false,""type"":""Point"",""coordinates"":[11.987703056225572,47.7915858407921]}"
000000000000000006ce_0,3207.0,2082.0,1334.0,1664.0,1433.0,4712.0,0.53360456,87.3,-21.967743705995197,-14.158294344522751,0.64450380221155,7.809449361472446,71,495,3,"{""geodesic"":false,""type"":""Point"",""coordinates"":[12.07501930184199,47.96999125621824]}"
000000000000000006cf_0,3051.0,2120.0,1378.0,1682.0,1453.0,5216.0,0.5642525,33.2,-20.621042018594803,-12.298237126177167,0.5963926127053795,8.322804892417636,48,512,6,"{""geodesic"":false,""type"":""Point"",""coordinates"":[12.134577605179114,48.11291321792166]}"
000000000000000006d0_0,3236.0,2091.0,1343.0,1693.0,1390.0,5372.0,0.58887905,72.6,-19.41499751586502,-12.971645736188282,0.6681250268298239,6.443351779676739,270,459,1,"{""geodesic"":false,""type"":""Point"",""coordinates"":[12.146255703872669,47.752598957461316]}"
000000000000000006d3_0,3549.5,2556.0,1371.0,1680.0,1640.5,4769.0,0.4881036,43.4,-21.082615389967536,-13.161170370506818,0.6242664928929904,7.921445019460718,180,481,1,"{""geodesic"":false,""type"":""Point"",""coordinates"":[12.485190060570963,48.14156947548507]}"
000000000000000006d4_0,3477.0,2175.5,1316.0,1635.0,1358.5,5107.5,0.57980204,38.4,-18.030485784534577,-11.84010083213808,0.6566712052924153,6.190384952396496,119,546,9,"{""geodesic"":false,""type"":""Point"",""coordinates"":[12.554001011334519,47.90594137646052]}"
000000000000000006da_0,3368.0,2163.0,1360.0,1628.0,1439.0,4460.0,0.5121207,60.3,-21.564812295570484,-14.028350751376411,0.6505204199833403,7.536461544194072,0,317,2,"{""geodesic"":false,""type"":""Point"",""coordinates"":[12.523817617788103,48.91474944052674]}"
000000000000000006db_0,3360.5,2555.0,1466.0,1827.5,1690.0,4796.0,0.47887757,31.6,-19.96643469849771,-13.612539429988392,0.6817711642335729,6.353895268509319,33,485,8,"{""geodesic"":false,""type"":""Point"",""coordinates"":[12.636286691359867,48.462088368858915]}"
000000000000000006ea_0,3227.0,2156.0,1415.0,1834.0,1496.0,4568.0,0.5065963,23.9,-20.288102593630832,-13.174890023902798,0.649389954684026,7.113212569728034,64,374,6,"{""geodesic"":false,""type"":""Point"",""coordinates"":[13.194769303496974,48.735535541344895]}"
000000000000000006eb_0,2618.5,1721.5,1196.5,1513.0,1207.0,4260.5,0.55848193,33.6,-14.28539277148418,-8.9071494650391,0.6235144953675427,5.37824330644508,31,619,16,"{""geodesic"":false,""type"":""Point"",""coordinates"":[13.339038738126568,48.85725726234309]}"
000000000000000006ec_0,3040.5,1943.0,1299.5,1641.5,1361.5,5061.5,0.5760548,52.2,-20.9723136014947,-14.432423701787853,0.6881655489244282,6.539889899706848,303,736,2,"{""geodesic"":false,""type"":""Point"",""coordinates"":[13.504867739575031,48.88824913964522]}"
000000000000000006ed_0,3432.5,2348.5,1440.0,1693.0,1580.0,4581.5,0.48713788,37.6,-18.016042226322703,-11.900280974665788,0.6605380263418034,6.115761251656915,188,710,10,"{""geodesic"":false,""type"":""Point"",""coordinates"":[13.686147763910352,48.756286624408055]}"
000000000000000006ef_0,3989.0,2806.0,1505.0,1818.0,1862.0,4263.0,0.392,43.4,-20.897094070617165,-13.521373348862564,0.6470456276442091,7.3757207217546,27,514,3,"{""geodesic"":false,""type"":""Point"",""coordinates"":[11.651463645379636,49.75862681842862]}"
000000000000000006f4_0,4440.0,3338.0,1602.0,1864.0,2096.0,3566.0,0.25962558,36.5,-21.75906811225463,-15.460589529913362,0.7105354627391424,6.29847858234127,237,481,5,"{""geodesic"":false,""type"":""Point"",""coordinates"":[11.878288254619815,49.8809773601257]}"
000000000000000006f8_0,3779.5,2631.0,1508.5,1825.5,1859.0,4239.5,0.39034188,50.6,-19.566292354353116,-13.703043442900736,0.7003392975395298,5.863248911452381,169,603,8,"{""geodesic"":false,""type"":""Point"",""coordinates"":[12.405778989454797,49.853039754789584]}"
000000000000000006fd_0,3909.0,2729.0,1716.0,1968.0,1972.0,4256.0,0.3667309,44.1,-23.605918466580555,-14.915876594551516,0.6318702072816301,8.690041872029038,217,362,2,"{""geodesic"":false,""type"":""Point"",""coordinates"":[12.594335367591485,49.219098658786436]}"
000000000000000006ff_0,3462.0,2124.0,1462.0,1762.0,1511.0,5383.0,0.56164783,81.5,-21.083023842069338,-14.414808560916734,0.6837163714700754,6.668215281152603,258,505,4,"{""geodesic"":false,""type"":""Point"",""coordinates"":[12.84119240766753,49.213079946382834]}"
00000000000000000701_0,3949.0,2739.0,1465.5,1759.0,1756.5,3941.5,0.38346788,50.5,-21.397669572003096,-14.627900382006482,0.6836211921482216,6.769769189996614,180,252,1,"{""geodesic"":false,""type"":""Point"",""coordinates"":[10.964521947613438,50.10825112700794]}"
00000000000000000702_0,4729.0,3317.5,1851.5,2164.0,2434.0,4106.5,0.2557144,57.6,-23.93263215620466,-16.182772609256432,0.6761802255445172,7.74985954694823,282,406,9,"{""geodesic"":false,""type"":""Point"",""coordinates"":[11.019678506058376,50.07177952647269]}"
00000000000000000707_0,4140.0,2749.0,1532.0,1754.0,1828.0,3874.0,0.35882145,38.3,-20.49226610425079,-13.633263773467876,0.6652882460197936,6.859002330782912,72,428,6,"{""geodesic"":false,""type"":""Point"",""coordinates"":[11.462637772657713,49.9410746526333]}"
00000000000000000708_0,3945.0,2725.0,1428.0,1694.0,1791.0,3702.0,0.34789732,36,-22.03822615879541,-14.234179105589131,0.645885880425467,7.804047053206279,108,566,3,"{""geodesic"":false,""type"":""Point"",""coordinates"":[11.777048122099545,50.15244823898662]}"
0000000000000000070d_0,3739.0,2538.0,1416.0,1768.0,1587.0,4900.0,0.51071376,57.2,-20.003112807409536,-12.514688928944238,0.6256370720615322,7.488423878465298,303,437,2,"{""geodesic"":false,""type"":""Point"",""coordinates"":[10.756022970169296,49.30048602352766]}"
00000000000000000710_0,4313.0,3026.0,1572.0,1844.0,1951.0,3852.0,0.32758918,47.2,-20.80019017909492,-15.145317848633718,0.7281336236942396,5.654872330461201,246,452,5,"{""geodesic"":false,""type"":""Point"",""coordinates"":[10.915653596157336,49.011408165098004]}"
00000000000000000716_0,4229.0,3184.0,1770.5,2079.0,2329.0,3989.0,0.2627414,19.9,-22.394952899430905,-15.170951437337054,0.6774272536077794,7.224001462093851,180,297,7,"{""geodesic"":false,""type"":""Point"",""coordinates"":[9.930471224063457,49.86049577164778]}"
00000000000000000718_0,3986.5,2751.0,1527.0,1788.5,1867.0,4723.5,0.43342692,28.1,-18.06128101601327,-11.09175115794834,0.6141176336337554,6.9695298580649325,172,615,10,"{""geodesic"":false,""type"":""Point"",""coordinates"":[9.985897277093631,50.41799023697235]}"
0000000000000000071c_0,3452.0,2271.0,1344.0,1650.0,1418.0,4831.0,0.5461674,49.7,-18.743669691377946,-12.82126247682217,0.6840316057596729,5.922407214555776,100,529,6,"{""geodesic"":false,""type"":""Point"",""coordinates"":[9.74748440068831,47.61129396326932]}"
0000000000000000071d_0,3186.0,1995.0,1268.0,1626.0,1258.0,5756.0,0.6412889,35.5,-17.644960572359363,-10.786900230330232,0.6113303674493777,6.85806034202913,124,746,2,"{""geodesic"":false,""type"":""Point"",""coordinates"":[9.986705760849338,47.611653289382964]}"
0000000000000000071e_0,3159.0,1948.0,1277.0,1620.0,1241.0,6084.0,0.6611604,23,-20.467735923248423,-13.534213923357026,0.6612462645653002,6.933521999891397,236,701,2,"{""geodesic"":false,""type"":""Point"",""coordinates"":[10.013295893259276,47.68360834364094]}"
0000000000000000071f_0,3061.5,1967.5,1299.5,1599.0,1303.5,5642.5,0.62467605,45.3,-19.913108216577143,-13.31749344512227,0.6687802476780498,6.595614771454873,334,637,3,"{""geodesic"":false,""type"":""Point"",""coordinates"":[10.173824834531434,47.91743981209725]}"
00000000000000000722_0,3237.5,2028.5,1334.0,1616.5,1320.5,5528.0,0.6143681,39.1,-18.91750780408278,-11.57027232473437,0.6116171561582372,7.347235479348411,22,708,11,"{""geodesic"":false,""type"":""Point"",""coordinates"":[10.226915267822898,47.82733878910006]}"
00000000000000000725_0,3307.0,2203.0,1455.0,1795.0,1565.0,4719.0,0.5019096,42.1,-18.269364766418256,-12.144887455836493,0.6647679112609629,6.124477310581764,0,830,2,"{""geodesic"":false,""type"":""Point"",""coordinates"":[10.387084882981409,47.826889631458]}"
00000000000000000728_0,3240.0,2006.0,1326.0,1722.0,1330.0,6094.0,0.6417026,50.9,-22.037897267834147,-14.444412465409911,0.6554351483656539,7.593484802424236,299,826,9,"{""geodesic"":false,""type"":""Point"",""coordinates"":[10.440624473914932,47.84467627408357]}"
00000000000000000729_0,3272.0,2154.0,1342.0,1678.0,1339.0,5495.0,0.6081358,135.2,-19.351333607886808,-12.885042324464198,0.6658477697481678,6.46629128342261,108,573,3,"{""geodesic"":false,""type"":""Point"",""coordinates"":[10.469640057591993,48.09656387975068]}"
0000000000000000072a_0,3640.0,2384.0,1361.0,1680.5,1488.5,4778.0,0.5249342,44.5,-20.32939762019118,-12.1716628529561,0.5987222582958971,8.15773476723508,0,891,2,"{""geodesic"":false,""type"":""Point"",""coordinates"":[10.492187771223392,47.646507922406805]}"
0000000000000000072d_0,3285.0,2117.0,1322.0,1568.0,1396.0,4544.0,0.52996635,30,-19.17961036554673,-11.244837719106823,0.5862912491333231,7.934772646439907,180,481,10,"{""geodesic"":false,""type"":""Point"",""coordinates"":[10.554081694299228,48.45606965645531]}"
0000000000000000072f_0,4056.0,3027.0,1571.0,1849.0,1850.0,4312.0,0.3995456,40.8,-20.507552930692434,-12.220784019509122,0.5959162490430051,8.286768911183312,45,432,4,"{""geodesic"":false,""type"":""Point"",""coordinates"":[10.556327482509527,48.65396851354684]}"
00000000000000000730_0,3244.0,2214.0,1319.0,1638.0,1404.0,4707.0,0.54050076,52.5,-18.367075961540785,-12.586714294152614,0.6852867773023973,5.780361667388171,0,468,2,"{""geodesic"":false,""type"":""Point"",""coordinates"":[10.579504016839811,48.31197988488254]}"
00000000000000000731_0,3104.0,1979.0,1295.0,1607.0,1320.0,5076.0,0.587242,69.3,-20.753776482108968,-13.605854089166282,0.6555844957131232,7.147922392942686,323,658,5,"{""geodesic"":false,""type"":""Point"",""coordinates"":[10.601692404357562,47.915912676114246]}"
00000000000000000732_0,3104.0,2020.0,1304.0,1641.0,1315.0,5669.0,0.62342495,35.6,-20.29646912792611,-13.444043492396943,0.6623833637102502,6.8524256355291655,180,671,2,"{""geodesic"":false,""type"":""Point"",""coordinates"":[10.602141561999622,47.95193511900744]}"
00000000000000000733_0,3180.0,1972.0,1322.0,1670.0,1314.0,5924.0,0.6369163,56.3,-19.282177040863722,-12.10881141328072,0.6279794749119428,7.173365627583003,333,586,6,"{""geodesic"":false,""type"":""Point"",""coordinates"":[10.630707988034624,48.09575539599498]}"
00000000000000000734_0,4291.0,3008.0,1576.0,1904.0,2042.0,4236.0,0.34947434,47.5,-21.89935510313571,-14.949496050915535,0.6826454925503699,6.949859052220177,37,425,2,"{""geodesic"":false,""type"":""Point"",""coordinates"":[10.639511477818994,48.79742946442073]}"
00000000000000000735_0,3568.0,2369.0,1384.0,1705.0,1485.0,4849.0,0.531102,57.2,-21.37798905591451,-13.820221441084215,0.6464696658295211,7.557767614830297,0,560,1,"{""geodesic"":false,""type"":""Point"",""coordinates"":[10.711915689719028,48.149294986928496]}"
00000000000000000736_0,3116.0,1952.0,1348.0,1724.0,1366.0,5464.0,0.6,98,-20.29113020788691,-13.262522613019218,0.6536118233504924,7.02860759486769,323,622,2,"{""geodesic"":false,""type"":""Point"",""coordinates"":[10.79024878249425,48.004756057713664]}"
0000000000000000073b_0,3289.0,2142.0,1406.0,1717.0,1509.0,4603.0,0.5062173,60.1,-20.929064117611084,-14.584340510707019,0.6968462817424693,6.344723606904065,304,506,2,"{""geodesic"":false,""type"":""Point"",""coordinates"":[11.118403355783112,48.307847634575594]}"
0000000000000000073c_0,3201.0,2062.0,1393.0,1713.0,1474.0,4948.0,0.540953,61.4,-21.12060437608067,-15.061158491581113,0.7131026282864352,6.059445884499558,180,402,5,"{""geodesic"":false,""type"":""Point"",""coordinates"":[11.124422068186712,48.577701545925095]}"
00000000000000000749_0,3904.0,2692.5,1582.0,1857.5,1948.0,3999.5,0.34493485,17.6,-23.16844166698845,-15.491833692912865,0.668661013786974,7.676607974075585,0,23,0,"{""geodesic"":false,""type"":""Point"",""coordinates"":[12.325469603054513,52.750286209131865]}"
00000000000000000759_0,3095.5,2108.0,1347.5,1669.0,1374.0,4622.0,0.54169446,128.5,-20.318146316517335,-15.21681508901932,0.7489273308682218,5.101331227498015,0,27,2,"{""geodesic"":false,""type"":""Point"",""coordinates"":[12.683987232946613,52.79672910932084]}"
00000000000000000762_0,3545.5,2301.0,1394.5,1721.0,1505.5,5177.0,0.5494201,241.3,-19.921546428109117,-14.260597568752436,0.7158378803681056,5.660948859356681,180,32,2,"{""geodesic"":false,""type"":""Point"",""coordinates"":[12.833287233167278,52.811281816923575]}"
00000000000000000798_0,3659.0,2660.0,1872.0,2170.0,2520.0,4165.0,0.2460733,23.4,-20.56252726821393,-13.553467870974103,0.6591343415225711,7.009059397239827,38,97,2,"{""geodesic"":false,""type"":""Point"",""coordinates"":[8.867315085308002,50.12469029670733]}"
0000000000000000079e_0,4684.0,3362.0,1728.0,2002.0,2320.0,3905.0,0.25461847,13.8,-18.609623824166277,-11.393748000323459,0.6122503124177958,7.2158758238428184,163,271,10,"{""geodesic"":false,""type"":""Point"",""coordinates"":[9.097822787213072,49.766981150570935]}"
000000000000000007a0_0,4047.5,2836.0,1761.0,2115.0,2336.0,4607.5,0.32714048,25.7,-20.341825002882793,-13.169997149556355,0.647434394293036,7.1718278533264375,218,174,2,"{""geodesic"":false,""type"":""Point"",""coordinates"":[9.146331812555525,50.16304835933923]}"
000000000000000007a1_0,4497.5,3123.5,1704.5,1962.0,2180.0,4081.0,0.3036256,88,-21.729653801680293,-15.204998904598526,0.6997349816692784,6.524654897081767,237,284,3,"{""geodesic"":false,""type"":""Point"",""coordinates"":[9.53629047739181,50.36310317311265]}"
000000000000000007a2_0,3249.5,2160.5,1393.0,1679.5,1505.5,4755.5,0.5190864,28.4,-19.96463253197151,-13.779662029283983,0.6902036392213646,6.184970502687527,150,484,9,"{""geodesic"":false,""type"":""Point"",""coordinates"":[9.620462619513809,50.38142880490869]}"
000000000000000007a5_0,4822.0,3457.0,1703.5,1977.0,2309.0,3892.0,0.25528142,24.9,-21.586651986653358,-14.375107054263129,0.6659257333258998,7.211544932390229,72,205,6,"{""geodesic"":false,""type"":""Point"",""coordinates"":[8.601413761208624,50.60726526733633]}"
000000000000000007a6_0,3328.0,2344.5,1361.5,1608.0,1565.0,4720.5,0.50202847,19.9,-18.044014751102488,-11.619330385643451,0.643943742338911,6.424684365459036,0,257,10,"{""geodesic"":false,""type"":""Point"",""coordinates"":[8.598718815356266,50.69718662727669]}"
000000000000000007af_0,4271.5,2804.0,1490.5,1812.5,1903.0,4469.5,0.40274617,33.1,-22.83892496633345,-15.955226656072485,0.6985979716467333,6.883698310260966,339,305,4,"{""geodesic"":false,""type"":""Point"",""coordinates"":[9.053805338291216,50.59388036960295]}"
000000000000000007b2_0,3960.5,2748.5,1572.0,1867.0,1901.5,4286.0,0.38537374,19.5,-21.13302594538591,-14.3753794257081,0.6802328953202632,6.7576465196778095,0,263,6,"{""geodesic"":false,""type"":""Point"",""coordinates"":[9.113004315514692,50.450509250257475]}"
000000000000000007b3_0,3840.5,2627.5,1526.0,1792.5,1704.0,4424.5,0.44390962,37.7,-21.740235675851082,-14.254403757648916,0.6556692379136726,7.485831918202166,342,309,5,"{""geodesic"":false,""type"":""Point"",""coordinates"":[9.108961896736155,50.666284581502985]}"
000000000000000007b6_0,3357.5,2235.0,1412.5,1709.0,1509.0,4718.0,0.51533645,45.9,-19.041172136481837,-13.314372574752998,0.6992412273424803,5.726799561728839,204,561,7,"{""geodesic"":false,""type"":""Point"",""coordinates"":[9.253231331365749,50.4875198399632]}"
000000000000000007ba_0,3649.5,2556.5,1510.5,1818.0,1875.0,4351.0,0.3976871,39.3,-20.74378618060316,-13.232437303598456,0.6378988477991389,7.511348877004703,108,377,3,"{""geodesic"":false,""type"":""Point"",""coordinates"":[9.363544448255626,50.66799138054281]}"
000000000000000007bb_0,3815.0,2656.0,1487.0,1830.5,1768.5,4560.0,0.4410998,21.8,-21.413543986573046,-14.768526576503024,0.6896815672250864,6.645017410070022,270,344,7,"{""geodesic"":false,""type"":""Point"",""coordinates"":[9.362017312272624,50.77578921463716]}"
000000000000000007bc_0,3916.5,2749.0,1518.0,1792.5,1888.5,4197.0,0.37934434,35,-20.348321234217313,-14.11539580919224,0.693688469270678,6.232925425025073,122,309,7,"{""geodesic"":false,""type"":""Point"",""coordinates"":[8.647048177641896,50.98545600195065]}"
000000000000000007cd_0,3823.0,2672.0,1523.0,1765.5,1756.5,3838.0,0.37206185,35.4,-20.661225846163653,-13.166708927269104,0.6372665893739252,7.494516918894549,136,327,6,"{""geodesic"":false,""type"":""Point"",""coordinates"":[9.29832675862855,51.2429131623793]}"
000000000000000007da_0,3573.5,2426.0,1585.0,1827.5,1807.5,4260.0,0.40420273,41.8,-20.481328742308122,-14.2237858126582,0.6944757340511915,6.257542929649922,90,205,1,"{""geodesic"":false,""type"":""Point"",""coordinates"":[9.645256121355509,50.8129794673997]}"
000000000000000007e0_0,3772.5,2618.0,1550.0,1868.0,1775.0,4588.5,0.4421309,26.1,-20.248529211965597,-12.528809931477106,0.6187516041448272,7.719719280488491,335,452,10,"{""geodesic"":false,""type"":""Point"",""coordinates"":[9.81701400367916,50.43577687959792]}"
000000000000000007e2_0,3987.0,2873.5,1446.0,1689.5,1665.0,3870.0,0.398374,51,-14.194265638314299,-8.487331291425894,0.5979408521506184,5.706934346888405,107,406,9,"{""geodesic"":false,""type"":""Point"",""coordinates"":[9.813869900184743,51.244889456004366]}"
000000000000000007e3_0,2620.0,1782.5,1295.5,1560.5,1330.0,4850.5,0.5696141,25.8,-15.749829154519443,-9.952331771189176,0.631900935149721,5.797497383330267,341,265,9,"{""geodesic"":false,""type"":""Point"",""coordinates"":[9.871990899067276,50.93928259634691]}"
000000000000000007e5_0,3228.0,2120.0,1401.0,1646.0,1524.5,4250.0,0.47198892,12,-17.304369398224658,-10.876860824796754,0.6285615253863377,6.427508573427904,180,339,5,"{""geodesic"":false,""type"":""Point"",""coordinates"":[9.871092583783156,51.26294559321517]}"
000000000000000007ef_0,4099.0,2941.0,1672.0,1942.0,2070.0,4176.0,0.3371758,16.8,-22.34427403578711,-15.472733041703007,0.6924697135794843,6.871540994084102,59,45,2,"{""geodesic"":false,""type"":""Point"",""coordinates"":[11.940451672280885,53.422315873181674]}"
000000000000000007f2_0,3154.0,1972.5,1331.5,1676.0,1365.5,5696.0,0.61325496,370.6,-20.131210285792786,-13.64450873573345,0.677778858897659,6.486701550059337,180,7,1,"{""geodesic"":false,""type"":""Point"",""coordinates"":[12.361132719834057,53.954298184437256]}"
000000000000000007f3_0,3676.0,2716.0,1554.0,1868.0,1862.0,4292.0,0.39486513,18.8,-18.624200434527168,-12.68667763240347,0.6811931431367008,5.9375228021236985,240,27,2,"{""geodesic"":false,""type"":""Point"",""coordinates"":[12.403892527358147,54.16926503192706]}"
000000000000000007f6_0,3227.0,2106.0,1397.0,1670.5,1510.0,5346.5,0.55954206,115.1,-20.786618086285706,-14.312099818189791,0.6885246921254796,6.474518268095915,180,15,1,"{""geodesic"":false,""type"":""Point"",""coordinates"":[12.816578568882655,53.92671990521479]}"
00000000000000000806_0,4166.0,2898.0,1624.0,1898.0,2010.0,4459.0,0.37857473,40.5,-21.25967150702921,-15.363433692190146,0.7226562125906058,5.896237814839065,248,193,5,"{""geodesic"":false,""type"":""Point"",""coordinates"":[10.27434631482441,51.62218187533457]}"
0000000000000000081f_0,3711.0,2706.0,1420.0,1732.0,1720.0,4519.0,0.4486296,33.3,-19.56495841418385,-13.411455897353079,0.6854834860078356,6.15350251683077,180,36,1,"{""geodesic"":false,""type"":""Point"",""coordinates"":[8.855906481199685,52.89320817083528]}"
0000000000000000083a_0,3494.0,2362.0,1374.5,1670.5,1478.0,5094.0,0.55021304,407.9,-19.017774647870535,-13.469267350474176,0.7082462380519564,5.548507297396359,270,-2,2,"{""geodesic"":false,""type"":""Point"",""coordinates"":[8.605007022345102,53.30400775026314]}"
0000000000000000083b_0,3224.5,2340.0,1392.0,1691.0,1577.0,4372.0,0.46982685,29.3,-17.81024437784911,-12.074404413624015,0.6779471498235672,5.735839964225095,0,6,0,"{""geodesic"":false,""type"":""Point"",""coordinates"":[8.720171041769225,53.46705197433083]}"
0000000000000000083c_0,3335.5,2243.5,1394.5,1656.5,1488.5,4432.0,0.49717084,101.3,-19.60983733926934,-13.907111819303658,0.7091905750515437,5.702725519965682,0,0,0,"{""geodesic"":false,""type"":""Point"",""coordinates"":[8.78799384572025,53.19809637826545]}"
0000000000000000083e_0,3136.0,2090.0,1439.5,1773.0,1632.5,5158.0,0.5191812,38.8,-21.018492248401806,-14.322946015134093,0.6814449793002243,6.695546233267713,180,7,2,"{""geodesic"":false,""type"":""Point"",""coordinates"":[8.87495076522302,53.30679252764391]}"
0000000000000000083f_0,3328.0,2490.0,1455.0,1686.0,1615.0,4370.0,0.46031746,292.1,-19.866340202460094,-12.505006501700022,0.6294569797083963,7.361333700760072,239,6,2,"{""geodesic"":false,""type"":""Point"",""coordinates"":[8.93801249816821,53.181567377037645]}"
00000000000000000841_0,3035.0,2201.5,1473.5,1773.0,1633.0,4725.5,0.48635685,31.4,-18.570652328679564,-12.427883589933064,0.6692217036845861,6.142768738746501,90,4,2,"{""geodesic"":false,""type"":""Point"",""coordinates"":[9.112734820929456,53.416656486891725]}"
0000000000000000084a_0,2713.0,1804.0,1299.0,1680.0,1360.0,5480.0,0.6023392,75.7,-20.227456890378928,-13.926262379808174,0.6884831076531484,6.301194510570754,309,9,6,"{""geodesic"":false,""type"":""Point"",""coordinates"":[10.225028805726247,53.31182309323498]}"
0000000000000000085f_0,3265.0,2067.0,1320.0,1682.0,1356.0,6373.0,0.6491137,30.5,-20.93392409118843,-14.328595789672418,0.684467743709057,6.605328301516012,320,-3,2,"{""geodesic"":false,""type"":""Point"",""coordinates"":[7.3258060577589035,53.12066160077434]}"
00000000000000000860_0,3265.0,2306.5,1377.5,1664.5,1519.0,4600.0,0.50351363,75.2,-20.231725272773538,-13.90062199225362,0.6870705194361313,6.331103280519917,0,-2,0,"{""geodesic"":false,""type"":""Point"",""coordinates"":[7.315834758105177,53.28226852038744]}"
00000000000000000862_0,3459.0,2575.0,1469.0,1730.0,1751.0,3447.0,0.32627934,510.7,-19.476709920323792,-11.30076594755045,0.5802194515285249,8.175943972773341,0,5,0,"{""geodesic"":false,""type"":""Point"",""coordinates"":[7.477172183133043,53.08796292443239]}"
00000000000000000866_0,3219.0,2080.0,1355.0,1628.0,1475.0,5117.0,0.55248785,152.3,-19.701032104911036,-14.17912133322348,0.7197146452895193,5.521910771687557,180,-1,1,"{""geodesic"":false,""type"":""Point"",""coordinates"":[7.59251586561399,53.162253598429075]}"
0000000000000000086d_0,3629.0,2514.5,1559.5,1899.0,1932.0,4982.0,0.44113392,62.8,-19.336113865691058,-13.8526734289852,0.7164145559550426,5.483440436705857,239,25,2,"{""geodesic"":false,""type"":""Point"",""coordinates"":[7.81987946402464,52.8069699035598]}"
0000000000000000086f_0,3340.0,2079.0,1456.0,1738.0,1449.0,5760.0,0.5980025,18.7,-19.34490487336646,-13.6107489245559,0.7035831405557754,5.73415594881056,212,87,9,"{""geodesic"":false,""type"":""Point"",""coordinates"":[7.864435902116969,52.502081696129636]}"
00000000000000000870_0,3354.0,2268.0,1369.0,1719.0,1443.0,5156.0,0.562661,30.9,-19.38469436505336,-13.876323212970398,0.715839153904153,5.508371152082962,59,3,2,"{""geodesic"":false,""type"":""Point"",""coordinates"":[7.8352406553830845,53.09496978364852]}"
00000000000000000874_0,3264.0,2210.0,1360.0,1758.0,1433.0,5500.0,0.5866147,55.8,-19.02971924196562,-11.583545503527827,0.6087081662236514,7.446173738437793,0,-2,1,"{""geodesic"":false,""type"":""Point"",""coordinates"":[7.8390135795763864,53.616441806079905]}"
00000000000000000877_0,3555.5,2251.0,1355.0,1661.0,1530.5,4986.0,0.5302693,84.8,-21.38572898338444,-14.496950297790129,0.6778796415615983,6.8887786855943105,0,-2,0,"{""geodesic"":false,""type"":""Point"",""coordinates"":[7.905668573658055,53.4916658131157]}"
00000000000000000879_0,3098.0,2074.0,1414.0,1686.0,1490.0,4884.0,0.5324757,68.6,-19.298358348424387,-12.070970055027814,0.6254920671018294,7.227388293396572,79,8,5,"{""geodesic"":false,""type"":""Point"",""coordinates"":[7.944385962403606,53.31263157699068]}"
0000000000000000087c_0,3355.5,2182.5,1426.5,1715.5,1448.0,5266.0,0.5686625,30.1,-17.88755699594862,-11.522800130640649,0.644179645842664,6.364756865307973,112,11,5,"{""geodesic"":false,""type"":""Point"",""coordinates"":[8.037631088895212,53.24220365871571]}"
00000000000000000885_0,3572.5,2543.5,1472.5,1757.5,1610.5,4466.0,0.46992514,169.7,-21.3069980277235,-14.854490564581756,0.6971648725575469,6.4525074631417425,301,-2,2,"{""geodesic"":false,""type"":""Point"",""coordinates"":[8.307215505659482,53.24633590902266]}"
00000000000000000887_0,3399.5,2186.5,1392.0,1730.0,1428.5,5080.0,0.5610356,52.9,-19.355171931487043,-14.437572790660408,0.7459284186038837,4.917599140826635,0,-2,1,"{""geodesic"":false,""type"":""Point"",""coordinates"":[8.391657142366716,53.39123416435114]}"
00000000000000000888_0,2897.5,1918.5,1251.5,1447.0,1265.0,4069.0,0.5256843,76.1,-15.997989451588953,-9.400914445042787,0.5876309941002661,6.5970750065461665,90,25,2,"{""geodesic"":false,""type"":""Point"",""coordinates"":[8.44384926037406,52.78073909726351]}"
00000000000000000889_0,3349.0,2160.0,1334.0,1653.0,1390.0,5538.0,0.5987298,40.8,-20.88472734604902,-13.996741525793404,0.6701902923545379,6.887985820255615,270,-1,2,"{""geodesic"":false,""type"":""Point"",""coordinates"":[8.459569777846152,53.17644697991816]}"
00000000000000000899_0,3584.5,2761.0,1439.0,1755.5,1591.0,4743.5,0.49767148,21.5,-20.181308305838318,-10.128635007286128,0.5018819817720134,10.05267329855219,270,49,2,"{""geodesic"":false,""type"":""Point"",""coordinates"":[6.870000882596658,51.97647742339131]}"
000000000000000008a1_0,3421.0,2727.5,1621.0,1856.5,1952.0,3747.0,0.31496754,13.5,-18.44595323847162,-11.939525395147275,0.6472707179071516,6.506427843324346,208,48,3,"{""geodesic"":false,""type"":""Point"",""coordinates"":[7.35230635864043,51.70051496810979]}"
000000000000000008a6_0,3276.0,2214.0,1528.0,1778.0,1483.0,4457.0,0.5006734,26.2,-21.25706431069969,-13.798101556391702,0.6491066383727532,7.458962754307988,238,52,2,"{""geodesic"":false,""type"":""Point"",""coordinates"":[7.7338208598059905,52.17608307952266]}"
000000000000000008ac_0,3295.0,2403.0,1496.0,1703.0,1609.0,3866.0,0.41223744,56.6,-18.356031138741464,-12.527455794259101,0.6824708293188271,5.828575344482363,270,55,2,"{""geodesic"":false,""type"":""Point"",""coordinates"":[7.975737165819377,52.00064210453412]}"
000000000000000008b1_0,3444.0,2433.0,1399.0,1684.0,1518.0,4169.0,0.46615088,27.4,-17.77013681674285,-11.694086071694226,0.6580751849178884,6.076050745048622,0,126,0,"{""geodesic"":false,""type"":""Point"",""coordinates"":[8.649204134323783,51.88440010676906]}"
000000000000000008c6_0,3721.5,2396.0,1432.0,1800.0,1594.0,4550.0,0.48111978,38.2,-20.083363564499724,-14.006350294639262,0.6974105831255044,6.077013269860462,338,333,4,"{""geodesic"":false,""type"":""Point"",""coordinates"":[8.079762075720419,50.9234722473464]}"
000000000000000008c9_0,3377.0,2249.0,1409.0,1760.0,1519.0,4760.0,0.516165,45.5,-20.266762127926842,-13.882139117383774,0.6849707432177686,6.384623010543068,270,358,1,"{""geodesic"":false,""type"":""Point"",""coordinates"":[8.259964121714795,51.42976274147617]}"
000000000000000008ca_0,3424.0,2492.0,1468.0,1703.5,1805.0,4000.0,0.3781223,42.2,-20.43397701196168,-11.946483160123877,0.5846381814529116,8.487493851837803,129,534,13,"{""geodesic"":false,""type"":""Point"",""coordinates"":[8.361653411877123,50.99973921496815]}"
000000000000000008d3_0,3130.0,2081.0,1499.0,1817.0,1610.0,4508.0,0.47368422,26.5,-19.80876812965001,-13.548032039038148,0.6839411694036281,6.260736090611861,338,176,12,"{""geodesic"":false,""type"":""Point"",""coordinates"":[7.632221401172073,50.77129763821656]}"
000000000000000008d7_0,4317.0,2902.0,1643.0,1979.0,2154.0,4451.0,0.34776685,34,-22.616664257592888,-15.548637415919757,0.687485883807987,7.068026841673131,122,334,2,"{""geodesic"":false,""type"":""Point"",""coordinates"":[7.900188850424926,50.488687649832556]}"
000000000000000008d8_0,3593.0,2388.0,1518.0,1836.0,1742.0,4276.0,0.42107013,24.4,-19.16361524216056,-12.818248137739651,0.6688846533267429,6.345367104420909,165,292,6,"{""geodesic"":false,""type"":""Point"",""coordinates"":[7.9330671898237,50.381338973380274]}"
000000000000000008db_0,3437.0,2374.5,1426.0,1707.0,1594.5,4591.5,0.4844811,60.4,-19.866253786858323,-13.255854143648131,0.6672548476359936,6.610399643210192,345,508,6,"{""geodesic"":false,""type"":""Point"",""coordinates"":[7.975467671234141,50.70590028553266]}"
000000000000000008dd_0,3362.0,2264.5,1428.0,1751.5,1634.0,4548.0,0.4713685,84.6,-19.499844775046917,-13.7307833974725,0.7041483435315943,5.769061377574417,90,594,1,"{""geodesic"":false,""type"":""Point"",""coordinates"":[8.118389632937557,50.67230329390659]}"
000000000000000008df_0,3592.5,2405.0,1420.0,1710.5,1622.0,4536.0,0.4732056,30.5,-21.718163284168458,-13.91080496033176,0.6405147976059328,7.807358323836699,10,426,8,"{""geodesic"":false,""type"":""Point"",""coordinates"":[6.592511291332138,50.24138145211445]}"
000000000000000008e0_0,3294.0,2399.0,1408.0,1727.0,1668.0,3958.0,0.40703875,29,-21.029641115435243,-13.580896882224831,0.6457978435141617,7.448744233210412,180,332,4,"{""geodesic"":false,""type"":""Point"",""coordinates"":[6.638235539293822,49.9907514878451]}"
000000000000000008e2_0,4205.5,3052.5,1585.5,1843.5,2124.0,4178.0,0.32592827,21.1,-20.987065084794104,-13.767506384156924,0.6559996039718763,7.2195587006371795,102,161,4,"{""geodesic"":false,""type"":""Point"",""coordinates"":[6.732828138711607,49.83148018797071]}"
000000000000000008e4_0,3869.5,2498.5,1460.0,1773.5,1793.0,4714.0,0.44890118,52.7,-21.555656947835892,-13.581240440947774,0.6300545826004751,7.974416506888119,322,516,2,"{""geodesic"":false,""type"":""Point"",""coordinates"":[6.730043361330837,50.28135648225777]}"
000000000000000008e6_0,3960.5,2699.0,1607.5,1876.0,2039.0,4508.0,0.3771193,31,-19.44920605186853,-13.216181695795552,0.6795229409647724,6.233024356072978,142,536,14,"{""geodesic"":false,""type"":""Point"",""coordinates"":[6.789781327724786,50.22907453272202]}"
000000000000000008e8_0,3348.5,2214.5,1458.5,1779.5,1698.5,4710.5,0.46996412,34.3,-20.440643841117225,-15.26540103151546,0.7468160567823434,5.175242809601766,207,393,3,"{""geodesic"":false,""type"":""Point"",""coordinates"":[7.580837766920435,49.56486021164404]}"
000000000000000008ea_0,3293.75,2360.75,1491.7916666666665,1790.125,1800.5,3689.6666666666665,0.34410006,27.6,-19.092619145136602,-12.950477662715665,0.6782975957499522,6.1421414824209375,13,300,12,"{""geodesic"":false,""type"":""Point"",""coordinates"":[7.63347904256984,49.61992693856057]}"
000000000000000008f5_0,3310.0,2219.5,1323.0,1533.5,1411.0,4488.5,0.52165437,83,-17.999172987041927,-11.061749782347333,0.6145698910894947,6.9374232046945945,229,209,6,"{""geodesic"":false,""type"":""Point"",""coordinates"":[6.700668451540128,49.48859324402229]}"
000000000000000008f6_0,3235.0,2196.75,1458.0,1729.0,1727.5,4241.5,0.42117608,36.7,-17.46450185456444,-11.517581882488946,0.6594852792482464,5.946919972075493,78,379,4,"{""geodesic"":false,""type"":""Point"",""coordinates"":[6.779810028071059,49.54482778080818]}"
000000000000000008f8_0,4048.5,2751.5,1487.0,1754.0,1768.5,4580.5,0.44290438,23.8,-21.134151996548965,-15.58839467692934,0.7375926263554269,5.545757319619625,327,339,8,"{""geodesic"":false,""type"":""Point"",""coordinates"":[7.119732531581885,49.410080488190246]}"
00000000000000000900_0,3701.5,2569.5,1395.0,1717.0,1569.0,4675.5,0.49747777,47.9,-20.07067684118808,-13.571185003435868,0.6761697729887082,6.499491837752213,326,469,8,"{""geodesic"":false,""type"":""Point"",""coordinates"":[12.411438375744751,50.518511717265326]}"
0000000000000000091b_0,4070.0,3297.0,1482.0,1728.0,1732.0,4072.0,0.40317023,52.4,-22.744179445465996,-14.933137441818952,0.6565696281822047,7.811042003647044,0,36,1,"{""geodesic"":false,""type"":""Point"",""coordinates"":[11.401103175695525,52.566940059643066]}"
00000000000000000921_0,5012.0,3580.0,1761.0,2016.0,2344.0,4644.0,0.32913566,17.1,-23.144422796967298,-16.088334246864417,0.6951279099936133,7.056088550102881,59,28,2,"{""geodesic"":false,""type"":""Point"",""coordinates"":[11.493270323846188,52.67365991539647]}"
00000000000000000922_0,3824.0,2664.0,1516.0,1758.0,1788.0,4144.0,0.3971679,74.6,-21.40583317258209,-14.571808447298286,0.6807400735030841,6.834024725283802,90,32,5,"{""geodesic"":false,""type"":""Point"",""coordinates"":[11.520309613898185,52.60143536655326]}"
00000000000000000925_0,3458.0,2327.0,1395.0,1661.0,1572.0,4062.0,0.44195953,33.7,-21.981091864922714,-14.380008640481467,0.6541990147190546,7.601083224441247,180,18,1,"{""geodesic"":false,""type"":""Point"",""coordinates"":[11.591725678985688,52.94207652229138]}"
00000000000000000932_0,3618.0,2551.0,1567.0,1810.0,1962.0,4332.0,0.3765491,38.6,-22.847676022436488,-15.261621262249705,0.6679725871140131,7.586054760186784,59,23,2,"{""geodesic"":false,""type"":""Point"",""coordinates"":[11.946111058570839,52.882877545067906]}"
00000000000000000934_0,3892.0,2794.0,1576.0,1794.0,1880.0,3820.0,0.34035087,14.2,-23.716745264195296,-15.815320257950752,0.6668419330635064,7.901425006244544,151,33,3,"{""geodesic"":false,""type"":""Point"",""coordinates"":[11.985187773430038,52.43282158772402]}"
00000000000000000936_0,3295.0,2240.0,1406.0,1662.0,1430.0,4464.0,0.5147608,88.5,-20.200905011890796,-13.940305011144613,0.6900831919628836,6.260600000746184,180,29,3,"{""geodesic"":false,""type"":""Point"",""coordinates"":[12.077534584637524,52.52112598015297]}"
0000000000000000093b_0,3575.5,2517.5,1420.0,1649.0,1647.0,3901.0,0.40627253,8,-19.903800842899066,-12.722442661437459,0.6391966419808883,7.181358181461608,180,23,1,"{""geodesic"":false,""type"":""Point"",""coordinates"":[12.209766594459918,52.80643091438933]}"
0000000000000000093f_0,3361.0,2339.0,1426.0,1742.0,1588.0,4268.0,0.45765027,15.9,-19.244147587541743,-13.312405448260915,0.6917638408094047,5.9317421392808285,0,80,1,"{""geodesic"":false,""type"":""Point"",""coordinates"":[12.418265571904058,51.74147814506564]}"
00000000000000000943_0,3415.0,2330.0,1418.0,1638.0,1452.0,4240.0,0.48981026,46.3,-23.638026704914097,-16.17147602236887,0.6841296959448393,7.4665506825452255,0,68,1,"{""geodesic"":false,""type"":""Point"",""coordinates"":[12.828975319803504,51.82223668910799]}"
00000000000000000945_0,3153.5,2146.0,1376.0,1650.0,1422.0,5756.0,0.6037893,23.5,-15.866769872934558,-10.386337265383666,0.6545968302660404,5.480432607550892,240,-2,2,"{""geodesic"":false,""type"":""Point"",""coordinates"":[8.7387661681505,54.869322132841404]}"
0000000000000000094a_0,3060.0,1964.0,1290.0,1594.0,1284.0,5120.0,0.59900063,176.3,-20.258012718646572,-13.820698249349434,0.6822336643430041,6.437314469297139,0,-2,0,"{""geodesic"":false,""type"":""Point"",""coordinates"":[9.18792381021026,54.20798242067261]}"
0000000000000000094f_0,3482.0,2306.0,1366.0,1730.0,1500.0,5740.0,0.58563536,29.1,-18.492374735862278,-12.836625991881093,0.6941577907237091,5.655748743981185,300,15,2,"{""geodesic"":false,""type"":""Point"",""coordinates"":[9.309555699680043,54.26259998994708]}"
00000000000000000951_0,3128.0,1975.0,1256.0,1608.0,1277.0,5136.0,0.60174644,210.5,-20.216907780508436,-14.40083845087939,0.7123165722091067,5.816069329629046,0,15,0,"{""geodesic"":false,""type"":""Point"",""coordinates"":[9.30290816657756,54.65803837801649]}"
00000000000000000952_0,3008.0,1952.0,1278.0,1601.0,1268.0,5636.0,0.6326767,30.5,-17.164059701444437,-11.302359807376334,0.6584898913177974,5.861699894068103,180,9,1,"{""geodesic"":false,""type"":""Point"",""coordinates"":[9.43181640984871,54.299251253539154]}"
00000000000000000954_0,3111.0,2044.0,1310.0,1583.0,1314.0,4672.0,0.5609756,146,-20.89746946516122,-14.000480864736517,0.6699605848486644,6.896988600424702,90,-3,2,"{""geodesic"":false,""type"":""Point"",""coordinates"":[9.525600525510788,54.15579030266527]}"
00000000000000000955_0,3293.0,2187.0,1343.0,1650.0,1384.0,5460.0,0.59555817,99.7,-18.924199415363095,-12.78567800534216,0.6756258336065967,6.138521410020935,0,15,1,"{""geodesic"":false,""type"":""Point"",""coordinates"":[9.522276758959546,54.44334102511193]}"
00000000000000000958_0,3221.0,2062.0,1343.0,1686.0,1387.0,5732.0,0.6103385,258.4,-20.43610214202604,-13.569620103916865,0.6640023625646044,6.866482038109176,270,-2,2,"{""geodesic"":false,""type"":""Point"",""coordinates"":[9.586057144132031,54.22792501998006]}"
0000000000000000095c_0,3150.0,2101.0,1320.0,1614.0,1402.0,4988.0,0.56118935,39.3,-19.433525193413374,-12.49680942835254,0.6430541707681577,6.936715765060834,311,6,4,"{""geodesic"":false,""type"":""Point"",""coordinates"":[9.707060212902931,54.4619361514932]}"
0000000000000000095f_0,2981.0,1948.0,1225.0,1479.0,1284.0,4864.0,0.58230317,23.2,-19.073836165137987,-12.845669800403455,0.6734707003451146,6.228166364734532,0,0,2,"{""geodesic"":false,""type"":""Point"",""coordinates"":[9.798059551184238,54.76763284267907]}"
00000000000000000962_0,3082.0,2169.0,1278.0,1624.0,1363.0,5536.0,0.60487026,24.6,-19.840578652498536,-13.498080440242367,0.6803269539995269,6.342498212256169,240,12,2,"{""geodesic"":false,""type"":""Point"",""coordinates"":[9.984549804167452,54.623992228748364]}"
00000000000000000966_0,2902.0,1907.0,1312.0,1661.0,1404.0,5852.0,0.6130099,28.8,-20.60161314570527,-14.892666848790633,0.7228883846843442,5.708946296914636,0,33,2,"{""geodesic"":false,""type"":""Point"",""coordinates"":[10.353038733713278,54.28200360008406]}"
00000000000000000970_0,3474.0,2421.5,1413.5,1692.0,1558.0,4411.0,0.4779695,61.7,-19.702970182679664,-12.07368599328204,0.6127850715571648,7.629284189397623,90,698,9,"{""geodesic"":false,""type"":""Point"",""coordinates"":[10.098815508307455,50.57977681964228]}"
00000000000000000978_0,3520.0,2940.0,1749.0,2105.0,2235.0,3288.0,0.19065726,37.8,-19.26144275544182,-10.931898877082995,0.5675534805924375,8.329543878358825,197,422,5,"{""geodesic"":false,""type"":""Point"",""coordinates"":[10.717215749895333,50.39777814307966]}"
0000000000000000097b_0,3422.0,2457.0,1411.0,1675.5,1755.0,4624.0,0.449757,53.6,-19.04266050205398,-12.727852988745333,0.6683862786595645,6.314807513308647,142,274,2,"{""geodesic"":false,""type"":""Point"",""coordinates"":[10.83902730242194,50.91835185022692]}"
00000000000000000983_0,3491.5,2603.0,1528.5,1813.0,1916.5,3477.0,0.28932974,40.2,-18.602248618114697,-12.959339044844215,0.6966544373686379,5.642909573270481,326,232,8,"{""geodesic"":false,""type"":""Point"",""coordinates"":[11.440629048196783,51.056333077867684]}"
0000000000000000098b_0,3989.0,2852.5,1501.5,1721.5,1770.5,4238.0,0.41066822,25.1,-20.175202424576067,-13.71457185339236,0.6797736927132982,6.460630571183707,199,300,13,"{""geodesic"":false,""type"":""Point"",""coordinates"":[11.91718530642219,50.85160702461684]}"
0000000000000000098d_0,3238.0,2267.0,1342.0,1579.0,1434.0,3828.0,0.45496008,38.6,-20.116755547710284,-12.585961039306385,0.6256456718110758,7.530794508403899,0,254,4,"{""geodesic"":false,""type"":""Point"",""coordinates"":[12.054447881835653,50.74129390772696]}"
0000000000000000246a_0,3468.5,2177.5,1355.5,1737.0,1411.5,6050.0,0.62165785,42.5,-19.664692495950785,-13.99814033959031,0.7118413035175968,5.666552156360474,90,-4,2,"{""geodesic"":false,""type"":""Point"",""coordinates"":[7.274422423507267,53.46121292498405]}"
0000000000000000246d_0,2994.0,2026.5,1371.0,1647.0,1481.0,5188.0,0.55585545,26.3,-18.822491671882883,-11.12829857713044,0.5912234560185217,7.694193094752443,338,360,4,"{""geodesic"":false,""type"":""Point"",""coordinates"":[9.105817793241735,50.82807116417291]}"
000000000000000026b7_0,3802.0,2629.0,1439.0,1733.0,1679.0,4416.0,0.4490566,32.6,-20.42679450821359,-13.374778143740599,0.6547663725878584,7.0520163644729905,263,583,14,"{""geodesic"":false,""type"":""Point"",""coordinates"":[11.528484282983673,49.38250220896778]}"
000000000000000006dd_0,2768.0,2032.5,1457.0,1692.5,1731.0,3839.0,0.37845603,10.5,-18.863782166784382,-9.236597992784661,0.4896471932891907,9.627184173999721,168,388,7,"{""geodesic"":false,""type"":""Point"",""coordinates"":[12.67096166132688,48.60527982514757]}"
000000000000000006e1_0,3109.0,2153.0,1598.0,2088.0,1703.0,6063.0,0.5614216,17.4,-16.36315679446121,-8.26764600366796,0.5052598412102539,8.095510790793252,0,316,3,"{""geodesic"":false,""type"":""Point"",""coordinates"":[12.739862443618847,48.873606600514066]}"
00000000000000000751_0,4314.0,3965.0,1734.0,2008.5,2340.0,3698.5,0.22497308,10.7,-24.003037624103577,-15.370817552183308,0.6403696812418487,8.632220071920269,121,61,2,"{""geodesic"":false,""type"":""Point"",""coordinates"":[12.525883742941577,53.14186184147956]}"
000000000000000007b5_0,3117.5,2404.0,1747.0,2183.0,2542.0,4395.5,0.26717117,15.8,-19.302175163848965,-11.828470878825307,0.6128050739576152,7.473704285023658,0,283,6,"{""geodesic"":false,""type"":""Point"",""coordinates"":[9.16259131919809,50.82852032181497]}"
000000000000000007cb_0,3364.0,2402.0,1600.0,1899.0,2242.0,4884.0,0.370755,16.5,-15.651577292666936,-8.986145040029665,0.5741367066078283,6.66543225263727,345,262,6,"{""geodesic"":false,""type"":""Point"",""coordinates"":[9.27586887652556,50.847205279724655]}"
000000000000000007d0_0,4420.5,3099.5,2159.0,2597.0,3140.0,6114.5,0.3214112,16.6,-21.86516123581208,-13.074523331749553,0.5979614415253115,8.790637904062528,227,198,8,"{""geodesic"":false,""type"":""Point"",""coordinates"":[9.386631151057498,51.06360943166905]}"
000000000000000007d2_0,2998.0,2324.5,1491.0,1762.0,1748.0,4650.0,0.45357925,15.5,-18.03248586878349,-9.818192349388829,0.5444724826533961,8.21429351939466,332,292,3,"{""geodesic"":false,""type"":""Point"",""coordinates"":[9.416006060848206,50.9918340404679]}"
000000000000000007d3_0,2904.5,2044.5,1530.0,1851.0,1867.0,4542.0,0.4173818,14.9,-19.42441953258493,-11.74855664124826,0.6048343746663716,7.675862891336671,0,170,3,"{""geodesic"":false,""type"":""Point"",""coordinates"":[9.414478924865204,51.11768801177305]}"
00000000000000000810_0,2475.0,1779.5,1365.5,1550.0,1432.5,4122.0,0.484202,44.2,-19.85745840612094,-12.765418199774418,0.6428525714972444,7.092040206346523,180,82,1,"{""geodesic"":false,""type"":""Point"",""coordinates"":[10.657567615029796,52.15991340440851]}"
00000000000000000960_0,3478.0,2769.0,1426.0,1690.0,1763.0,4124.0,0.40105316,< LOD,-18.327709834101483,-9.797051102245387,0.5345485710394917,8.530658731856096,60,6,2,"{""geodesic"":false,""type"":""Point"",""coordinates"":[9.861390778714664,54.42627303471365]}"
0000000000000000069e_0,2955.0,2220.0,1452.0,1686.0,1800.0,3547.0,0.32672527,31.5,-18.52415470810559,-11.956061219074993,0.6454308662107747,6.568093489030598,217,461,2,"{""geodesic"":false,""type"":""Point"",""coordinates"":[8.854199682159857,48.32554444567275]}"
000000000000000006d7_0,3414.0,2457.0,1599.0,2075.0,1986.0,4290.0,0.36711282,14,-18.318921904896943,-10.96166922575309,0.5983796034865381,7.357252679143853,207,430,3,"{""geodesic"":false,""type"":""Point"",""coordinates"":[12.270941865308458,48.75817308650471]}"
000000000000000007b7_0,3664.0,2595.0,1428.0,1704.0,1676.0,4051.0,0.4147023,9.2,-19.695252007953275,-13.55447402382432,0.688210235560875,6.140777984128956,195,270,6,"{""geodesic"":false,""type"":""Point"",""coordinates"":[9.248021102717855,50.81109300530305]}"
000000000000000007c8_0,3983.5,3345.5,1948.5,2350.0,2900.0,3856.5,0.14156738,12.7,-18.719572667543495,-11.85588615340729,0.6333417094484933,6.863686514136205,180,188,1,"{""geodesic"":false,""type"":""Point"",""coordinates"":[9.156752269851312,51.15209348715482]}"
000000000000000007c9_0,3772.5,3052.0,1819.5,2233.0,2633.0,5274.5,0.33404994,12.3,-20.00605296727225,-12.045051530980437,0.602070360939504,7.961001436291813,180,276,2,"{""geodesic"":false,""type"":""Point"",""coordinates"":[9.183701728374897,51.24219451015201]}"
000000000000000007cf_0,3166.5,2447.0,1517.5,1867.5,1857.5,4259.0,0.3926265,13.2,-19.00086303393814,-10.414129179036141,0.5480871663794998,8.586733854901997,238,234,2,"{""geodesic"":false,""type"":""Point"",""coordinates"":[9.358603714192968,51.027497157247446]}"
000000000000000007d4_0,4012.5,3161.0,1793.0,2111.0,2353.0,4024.0,0.26203543,21.4,-19.744746918724573,-13.459357063311929,0.6816677427527821,6.285389855412644,133,270,4,"{""geodesic"":false,""type"":""Point"",""coordinates"":[9.47277958680456,51.010069840735525]}"
0000000000000000080a_0,3471.0,3009.0,1500.0,1718.0,1814.0,2860.0,0.22379118,15.7,-21.38060503146056,-9.237088987466358,0.43203122520968945,12.143516043994204,0,58,0,"{""geodesic"":false,""type"":""Point"",""coordinates"":[10.426341260897432,52.430575799513726]}"
0000000000000000080e_0,3217.0,2485.0,1528.0,1677.0,1755.0,3004.0,0.2624501,36.2,-19.65170665656865,-11.353779081025664,0.5777502829369084,8.297927575542985,270,85,3,"{""geodesic"":false,""type"":""Point"",""coordinates"":[10.597739817107437,52.052385064899404]}"
00000000000000000813_0,3184.0,2602.0,1571.0,1785.0,1855.0,3559.0,0.31473956,15.8,-19.480940028552027,-11.617052396746013,0.5963291494003681,7.863887631806014,0,157,1,"{""geodesic"":false,""type"":""Point"",""coordinates"":[10.715419119327095,52.12362146693008]}"
000000000000000008f3_0,4319.0,3960.5,1968.0,2486.0,3039.0,3910.0,0.12534177,9,-18.31258377356228,-9.624601593411745,0.525573109312226,8.687982180150536,0,112,4,"{""geodesic"":false,""type"":""Point"",""coordinates"":[8.364977178428367,49.27308740736202]}"
0000000000000000097e_0,4180.5,3394.5,1955.0,2302.0,2703.0,4015.5,0.1953561,31.6,-19.42710499213522,-11.961764991663127,0.6157255543996737,7.465340000472093,90,370,1,"{""geodesic"":false,""type"":""Point"",""coordinates"":[11.094148843111885,50.88026328218025]}"
00000000000000000706_0,2507.5,1889.0,1279.0,1488.5,1451.5,4124.5,0.4793759,38.3,-18.60464559463489,-11.993890389715741,0.6446718013899968,6.610755204919148,293,372,5,"{""geodesic"":false,""type"":""Point"",""coordinates"":[11.322410756806654,49.90675900877993]}"
00000000000000000769_0,2682.5,1792.0,1204.5,1356.0,1256.0,4310.0,0.5486885,33.2,-13.684574505402482,-7.794071880527504,0.5695516420660731,5.890502624874978,97,64,8,"{""geodesic"":false,""type"":""Point"",""coordinates"":[13.042954020480774,52.41045353714945]}"
000000000000000008c7_0,2513.0,1661.0,1238.0,1369.0,1240.0,3722.0,0.5002015,31.6,-15.390545032335453,-9.310136418977578,0.6049257124693785,6.080408613357875,270,231,6,"{""geodesic"":false,""type"":""Point"",""coordinates"":[8.085241798953547,51.48105654419939]}"
000000000000000008fd_0,2479.0,1713.0,1236.0,1407.0,1290.0,3322.0,0.44058976,41.4,-16.809173952523903,-9.909106260924498,0.5895058429945418,6.900067691599405,270,153,7,"{""geodesic"":false,""type"":""Point"",""coordinates"":[13.948006669231193,50.99803241592832]}"
00000000000000000973_0,2844.0,1844.0,1254.0,1467.0,1272.0,4991.5,0.5938373,118.6,-13.833637108620398,-6.6105928586866725,0.4778636888318617,7.223044249933725,101,346,15,"{""geodesic"":false,""type"":""Point"",""coordinates"":[10.413675015391346,51.06450774695317]}"
00000000000000000929_0,4500.5,3315.5,2664.0,2861.0,2758.0,5157.0,0.3030954,58,-19.825393979446503,-13.407493224336806,0.6762787785320534,6.417900755109697,39,85,2,"{""geodesic"":false,""type"":""Point"",""coordinates"":[11.683802995607937,51.466593668125064]}"
000000000000000007ee_0,3351.0,2336.0,1434.0,1732.0,1546.0,4620.0,0.49854037,12.9,-17.794064776368284,-10.826013771709587,0.6084058874556454,6.968051004658697,106,40,3,"{""geodesic"":false,""type"":""Point"",""coordinates"":[11.438293428458072,53.69899698069049]}"
00000000000000000717_0,3167.0,2270.0,1575.5,1826.0,1986.5,4256.0,0.36355627,20.1,-19.816701757418883,-10.764390713850178,0.5431978966843085,9.052311043568706,142,379,5,"{""geodesic"":false,""type"":""Point"",""coordinates"":[9.985987108622043,50.25611382277401]}"
00000000000000000830_0,3791.0,2916.0,1754.0,2214.0,2324.0,4792.0,0.34682405,13.2,-16.50566529077649,-9.931783193628338,0.6017196531410524,6.573882097148154,0,54,1,"{""geodesic"":false,""type"":""Point"",""coordinates"":[9.544824472590946,52.37658705093814]}"
000000000000000008dc_0,3715.0,2450.0,1459.0,1835.0,1740.0,4340.0,0.4276316,41.2,-19.5636909646259,-13.696903158680197,0.7001185606257153,5.866787805945702,202,512,4,"{""geodesic"":false,""type"":""Point"",""coordinates"":[8.035834458326974,50.616967072404826]}"
00000000000000000760_0,4453.0,3873.0,1968.0,2318.0,2740.0,4115.0,0.20058352,8.3,-22.14864560552007,-14.42443904403746,0.6512560316754755,7.72420656148261,141,62,2,"{""geodesic"":false,""type"":""Point"",""coordinates"":[12.78873079507495,52.110955221424]}"
0000000000000000082a_0,3042.0,2407.0,1493.0,1670.0,1684.0,3618.0,0.364768,20.9,-20.413098824950268,-12.187326062973188,0.5970345887943782,8.22577276197708,321,155,5,"{""geodesic"":false,""type"":""Point"",""coordinates"":[9.282516409628045,52.24947543823523]}"
00000000000000000854_0,2732.0,1868.0,1276.0,1368.0,1335.0,3054.0,0.39166096,7.8,-19.413561314635288,-12.31366745231655,0.6342817401067806,7.099893862318739,29,79,3,"{""geodesic"":false,""type"":""Point"",""coordinates"":[10.816569420318952,52.859970505322856]}"
00000000000000000856_0,3202.0,2317.0,1507.0,1737.0,1604.0,4696.0,0.49079365,12.8,-19.929054444608227,-13.500098565307443,0.6774078821867975,6.4289558793007835,0,11,0,"{""geodesic"":false,""type"":""Point"",""coordinates"":[11.210031514763303,53.12623115553588]}"
0000000000000000087b_0,3947.0,2896.0,1558.0,1771.0,1786.0,3590.0,0.33556548,32,-21.761744354006368,-14.6829242844945,0.674712653803938,7.078820069511867,90,29,2,"{""geodesic"":false,""type"":""Point"",""coordinates"":[8.052273628026361,52.918810156432684]}"
0000000000000000090a_0,4593.0,4181.0,1964.0,2312.0,2698.0,3919.0,0.18452471,8.9,-21.44971391972226,-14.112552787198698,0.6579366438180185,7.337161132523562,320,30,2,"{""geodesic"":false,""type"":""Point"",""coordinates"":[10.99551382491556,52.89455564376146]}"
00000000000000000931_0,3419.0,2424.0,1331.0,1672.0,1488.0,4804.0,0.5270184,40.8,-20.747408624763317,-13.049295632946452,0.6289602653013403,7.698112991816865,180,30,1,"{""geodesic"":false,""type"":""Point"",""coordinates"":[11.930300709570336,52.52364126294851]}"
00000000000000000694_0,2791.0,1788.5,1334.5,1514.5,1310.5,5002.0,0.5847921,81.1,-16.25228510848072,-10.645587439726016,0.6550209628165437,5.606697668754704,287,1074,18,"{""geodesic"":false,""type"":""Point"",""coordinates"":[7.956782713324456,47.844586442555155]}"
000000000000000006a6_0,2609.0,1755.0,1280.0,1476.0,1269.0,4556.0,0.56429183,49.1,-18.39100783229656,-12.21074729200425,0.6639520467475896,6.180260540292309,254,794,10,"{""geodesic"":false,""type"":""Point"",""coordinates"":[9.287097817577054,48.22125004118647]}"
000000000000000006b0_0,2962.0,1855.0,1290.0,1490.0,1279.0,4852.0,0.58277607,57,-16.285135533569132,-10.22580089766674,0.6279223698561139,6.059334635902392,23,776,7,"{""geodesic"":false,""type"":""Point"",""coordinates"":[9.688734581106893,48.52901285752582]}"
0000000000000000074c_0,3015.0,1922.5,1204.5,1417.5,1270.5,4834.0,0.5837497,32.7,-13.360400973624582,-7.776468173752175,0.5820535019198959,5.583932799872407,141,31,2,"{""geodesic"":false,""type"":""Point"",""coordinates"":[12.376853237306149,52.60547778533179]}"
0000000000000000075c_0,2774.5,1985.0,1304.0,1527.0,1342.5,4230.0,0.5181696,29.2,-17.919220630271454,-12.084818292238326,0.6744053517496791,5.834402338033128,0,43,0,"{""geodesic"":false,""type"":""Point"",""coordinates"":[12.747767618119099,52.86724685912422]}"
00000000000000000763_0,3209.5,2274.0,1305.0,1508.0,1453.0,3513.0,0.4148208,22,-17.91768984840614,-13.096067276669913,0.7309015496679594,4.821622571736228,59,44,4,"{""geodesic"":false,""type"":""Point"",""coordinates"":[12.845414489502891,52.54124824251725]}"
0000000000000000076a_0,2334.5,1620.5,1224.0,1352.5,1232.0,3218.0,0.44629213,22.4,-14.541673931071681,-9.157845164799095,0.6297655420007198,5.383828766272586,90,43,3,"{""geodesic"":false,""type"":""Point"",""coordinates"":[13.054093130003857,52.57206045676255]}"
00000000000000000770_0,2452.5,1632.0,1197.0,1336.5,1196.5,3398.0,0.47915986,55.7,-16.43084358896141,-10.81450842273375,0.6581833954039443,5.616335166227659,325,48,8,"{""geodesic"":false,""type"":""Point"",""coordinates"":[13.440099207590015,52.975314187803804]}"
00000000000000000776_0,2735.5,1738.5,1286.0,1488.5,1249.5,5004.0,0.60038376,32.1,-16.63790728082336,-10.772538922370572,0.6474695849992422,5.865368358452788,0,76,4,"{""geodesic"":false,""type"":""Point"",""coordinates"":[13.722080375275132,52.78702730425235]}"
0000000000000000077e_0,2582.5,1651.5,1268.0,1415.0,1258.5,4463.5,0.56011885,25.8,-15.802194842231543,-9.597091025903202,0.607326458236983,6.205103816328341,129,133,6,"{""geodesic"":false,""type"":""Point"",""coordinates"":[13.919619906253015,52.672761600112345]}"
00000000000000000782_0,2503.0,1632.0,1221.0,1342.0,1218.5,3505.0,0.48406902,10.6,-15.377445781905088,-9.42827855903538,0.613123836868266,5.949167222869708,202,64,4,"{""geodesic"":false,""type"":""Point"",""coordinates"":[13.975764611510485,52.310920203669006]}"
0000000000000000078c_0,2748.0,1756.0,1258.0,1500.0,1302.0,4978.0,0.58535033,17.8,-14.808268630316235,-9.022120463586745,0.6092623444928738,5.78614816672949,73,54,3,"{""geodesic"":false,""type"":""Point"",""coordinates"":[14.239330315871152,52.3018472192994]}"
0000000000000000078e_0,2672.0,1809.0,1297.0,1505.0,1336.0,3424.0,0.43865547,13.2,-14.248289381189334,-7.977573143673197,0.5598969062353009,6.270716237516137,122,108,4,"{""geodesic"":false,""type"":""Point"",""coordinates"":[14.482863589395956,52.09487537783826]}"
0000000000000000079f_0,2952.5,1854.0,1246.0,1475.0,1230.5,6423.0,0.6784478,25.9,-15.297533038737807,-9.843584801989579,0.6434753091928455,5.453948236748229,270,282,4,"{""geodesic"":false,""type"":""Point"",""coordinates"":[9.085515867820634,50.41430714430746]}"
000000000000000007a4_0,2975.0,1879.5,1195.5,1425.5,1221.0,5517.5,0.63760483,56.1,-14.378603345036026,-8.368693479791737,0.5820240866913468,6.009909865244289,180,529,4,"{""geodesic"":false,""type"":""Point"",""coordinates"":[8.397586023241905,50.7844130413647]}"
000000000000000007a7_0,3025.5,1930.0,1295.5,1574.0,1372.0,4990.0,0.5686891,42.1,-17.32145089650491,-11.331725851430214,0.6542018863856669,5.989725045074696,200,282,13,"{""geodesic"":false,""type"":""Point"",""coordinates"":[8.652797395460261,50.78773680791594]}"
000000000000000007b4_0,2738.5,1767.0,1219.5,1463.0,1250.5,5458.5,0.6272172,36.9,-15.706063660560218,-9.383374107665903,0.5974363984802038,6.322689552894316,252,342,3,"{""geodesic"":false,""type"":""Point"",""coordinates"":[9.13591135525974,50.73841929881778]}"
000000000000000007b8_0,2672.0,1732.0,1213.5,1437.0,1201.0,4822.0,0.6011954,46,-15.394683802274198,-9.906299556235334,0.643488342045188,5.488384246038864,180,426,5,"{""geodesic"":false,""type"":""Point"",""coordinates"":[9.307489574526569,50.631699443064385]}"
000000000000000007b9_0,2988.5,1893.0,1250.5,1491.0,1257.5,5354.0,0.6196022,21.3,-11.945027699360885,-6.111025360069277,0.5115957462699099,5.834002339291608,95,375,12,"{""geodesic"":false,""type"":""Point"",""coordinates"":[9.334169538464918,50.73967694021555]}"
000000000000000007c1_0,2706.0,1679.5,1195.5,1404.5,1214.0,4971.0,0.6074374,40.6,-14.435060288232563,-8.320642203843974,0.5764189437176752,6.114418084388589,161,362,17,"{""geodesic"":false,""type"":""Point"",""coordinates"":[8.843689393335659,51.09540979272688]}"
000000000000000007c5_0,2752.0,1753.0,1225.0,1390.0,1204.0,5316.0,0.63067484,27,-14.797373716961076,-8.723387862343916,0.5895227105297055,6.07398585461716,41,340,18,"{""geodesic"":false,""type"":""Point"",""coordinates"":[8.948882113106055,51.491926159137236]}"
000000000000000007c6_0,2765.0,1772.0,1238.0,1464.0,1240.0,4971.0,0.6007084,21.8,-11.4785403663187,-4.672370456116385,0.4070526658447312,6.806169910202316,104,267,15,"{""geodesic"":false,""type"":""Point"",""coordinates"":[9.0379051577623,51.3668806715878]}"
000000000000000007db_0,2785.5,1817.0,1225.0,1354.5,1193.5,4973.0,0.6129085,25.5,-14.76514602287532,-8.141544876653303,0.5514029366211335,6.623601146222018,51,423,13,"{""geodesic"":false,""type"":""Point"",""coordinates"":[9.64211201786109,51.22647399267992]}"
000000000000000007e1_0,2799.0,1802.0,1281.0,1471.5,1269.5,5339.5,0.6158269,81.4,-13.90591367460071,-7.954950215416495,0.5720551990730599,5.950963459184215,35,330,10,"{""geodesic"":false,""type"":""Point"",""coordinates"":[9.814588552412038,51.04708043044125]}"
000000000000000007e7_0,3249.0,2219.0,1408.5,1761.0,1569.5,4498.0,0.48265347,34,-18.717740827658954,-12.689777720383024,0.6779545585774706,6.02796310727593,259,724,15,"{""geodesic"":false,""type"":""Point"",""coordinates"":[9.929483077250925,50.5078217653843]}"
000000000000000007e8_0,2567.0,1690.5,1243.0,1449.5,1220.5,4745.0,0.5908139,45.2,-15.421273498370377,-8.55705682490214,0.5548865225564151,6.864216673468237,0,404,0,"{""geodesic"":false,""type"":""Point"",""coordinates"":[9.92876442502363,50.99327134492249]}"
000000000000000007ea_0,2932.0,1898.0,1218.0,1402.5,1238.5,4481.5,0.56695807,70.6,-13.566620997072881,-7.2086921222928915,0.5313550163926766,6.35792887477999,152,414,15,"{""geodesic"":false,""type"":""Point"",""coordinates"":[10.014284040071807,51.08319270486285]}"
000000000000000007eb_0,3308.5,2195.5,1361.5,1616.0,1412.0,5451.5,0.5885481,57.7,-15.875519099078119,-10.25338649786758,0.6458614949140774,5.622132601210538,213,514,5,"{""geodesic"":false,""type"":""Point"",""coordinates"":[10.071596555198633,51.24497928753278]}"
000000000000000007ff_0,2880.5,1815.5,1225.0,1444.5,1229.0,6206.0,0.66940147,62.7,-14.95169080559538,-8.771353384839749,0.5866462528476873,6.180337420755631,232,311,8,"{""geodesic"":false,""type"":""Point"",""coordinates"":[9.493800164452956,51.69332844583683]}"
00000000000000000800_0,3149.0,1982.0,1266.0,1428.0,1252.0,5243.0,0.6144727,62.7,-13.563268379209614,-7.777508598386874,0.5734243680017855,5.7857597808227395,11,306,8,"{""geodesic"":false,""type"":""Point"",""coordinates"":[9.724128203301202,51.87388981794486]}"
00000000000000000801_0,2643.0,1788.0,1257.0,1356.0,1225.0,4256.0,0.5530013,53.8,-14.44178688958914,-8.889212357134198,0.6155202555677022,5.552574532454942,58,230,2,"{""geodesic"":false,""type"":""Point"",""coordinates"":[9.811713943502856,51.76618181537893]}"
00000000000000000808_0,2892.0,1916.0,1338.0,1476.0,1314.0,4876.0,0.5754443,94.5,-15.553350097851382,-10.001328885076603,0.643033740136682,5.552021212774779,350,260,16,"{""geodesic"":false,""type"":""Point"",""coordinates"":[10.334353775803594,51.92760907193521]}"
00000000000000000809_0,2631.0,1785.0,1228.0,1384.0,1280.0,4131.0,0.5268897,15.2,-17.33065665273678,-11.053037162632023,0.6377737084120569,6.277619490104758,225,74,6,"{""geodesic"":false,""type"":""Point"",""coordinates"":[10.397146014163548,52.44872176825294]}"
0000000000000000080b_0,2688.0,1703.0,1192.0,1429.0,1221.0,4632.0,0.58277804,28.5,-15.035696202007625,-10.05641355043922,0.6688359099126018,4.979282651568404,90,81,2,"{""geodesic"":false,""type"":""Point"",""coordinates"":[10.455536507631317,52.41251966230292]}"
00000000000000000812_0,2670.0,1775.0,1233.0,1357.0,1220.0,3420.0,0.47413793,471,-17.796335844747247,-12.632013131642488,0.709809774430108,5.1643227131047595,0,58,5,"{""geodesic"":false,""type"":""Point"",""coordinates"":[10.662418517564042,52.483486569748365]}"
00000000000000000814_0,2564.0,1681.0,1247.0,1433.0,1230.0,4212.0,0.5479603,40.6,-15.39418784078097,-9.31173081257668,0.6048861368255386,6.08245702820429,141,106,5,"{""geodesic"":false,""type"":""Point"",""coordinates"":[10.776953716289281,52.303015029168755]}"
00000000000000000818_0,2674.0,1730.0,1241.5,1326.5,1240.0,4063.0,0.53234017,26.7,-15.951672436441026,-10.352462410882609,0.648989154719149,5.599210025558417,33,229,6,"{""geodesic"":false,""type"":""Point"",""coordinates"":[10.86247333133746,52.176622068693135]}"
0000000000000000081a_0,2554.0,1753.0,1188.0,1337.0,1234.0,4296.0,0.55370706,58.8,-15.731284551589043,-9.955373187434697,0.6328391781858074,5.7759113641543465,18,74,5,"{""geodesic"":false,""type"":""Point"",""coordinates"":[10.929936809174835,52.607454078956856]}"
0000000000000000081d_0,2466.0,1731.0,1187.0,1405.0,1216.0,3824.0,0.51746035,52.2,-15.739382921830863,-10.9689709521327,0.6969123889170078,4.770411969698163,309,52,6,"{""geodesic"":false,""type"":""Point"",""coordinates"":[8.768320740998032,52.83841093850399]}"
00000000000000000827_0,2736.0,1729.0,1262.0,1366.0,1246.0,4240.0,0.5457528,132,-16.530712084084612,-9.834695630916443,0.5949347844721741,6.69601645316817,248,303,5,"{""geodesic"":false,""type"":""Point"",""coordinates"":[9.168071042431219,52.1049365090204]}"
00000000000000000829_0,2798.0,1770.5,1276.5,1448.5,1267.5,5594.5,0.63057417,41.5,-15.969324146091754,-9.535413749338181,0.5971081595004023,6.433910396753573,321,224,9,"{""geodesic"":false,""type"":""Point"",""coordinates"":[9.22798867188199,52.015464306722095]}"
0000000000000000082d_0,2940.0,1935.5,1295.0,1545.0,1371.0,4938.0,0.5653828,23.6,-14.129593104931338,-8.342674685850566,0.5904398395548212,5.786918419080772,263,161,8,"{""geodesic"":false,""type"":""Point"",""coordinates"":[9.46038283588371,52.07071069669544]}"
0000000000000000082e_0,2884.0,1836.0,1243.0,1437.0,1283.0,5389.5,0.6154365,96.5,-14.067240096239985,-8.040976747208838,0.571610116284153,6.026263349031147,332,381,3,"{""geodesic"":false,""type"":""Point"",""coordinates"":[9.492812017640425,51.783249805777196]}"
0000000000000000082f_0,2901.5,1870.5,1291.5,1593.0,1314.5,5308.5,0.60305,24,-14.819569116111971,-9.495171670691482,0.6407184713871501,5.324397445420489,222,238,13,"{""geodesic"":false,""type"":""Point"",""coordinates"":[9.48796111510618,52.21462080521139]}"
00000000000000000836_0,2781.0,1780.0,1300.0,1481.0,1270.0,4604.0,0.56758595,46.6,-13.107304975350992,-6.83563244844735,0.5215131914075497,6.271672526903642,23,200,18,"{""geodesic"":false,""type"":""Point"",""coordinates"":[10.014553534657043,52.05391220088241]}"
00000000000000000851_0,2840.0,1814.0,1254.0,1458.0,1272.0,5228.0,0.6086154,16.7,-14.815334870423378,-9.180819613342955,0.6196835706812879,5.634515257080423,270,77,2,"{""geodesic"":false,""type"":""Point"",""coordinates"":[10.666730430927815,52.771037292195025]}"
00000000000000000852_0,2426.0,1723.0,1227.0,1416.0,1256.0,4056.0,0.52710843,34.3,-14.983058145855997,-9.475712449329396,0.6324284640082093,5.507345696526601,335,59,7,"{""geodesic"":false,""type"":""Point"",""coordinates"":[10.669784702893823,52.96875648622973]}"
00000000000000000859_0,2463.0,1644.5,1207.0,1357.5,1257.0,3888.0,0.51137024,151.2,-15.517814353602786,-9.501592117426826,0.6123022160798587,6.01622223617596,270,30,5,"{""geodesic"":false,""type"":""Point"",""coordinates"":[7.105089992450737,52.396170324131944]}"
0000000000000000086a_0,2926.0,1988.0,1243.0,1440.0,1204.0,3544.0,0.4928391,21.6,-16.207307370342594,-11.269274251069747,0.6953205732181739,4.938033119272847,90,1,2,"{""geodesic"":false,""type"":""Point"",""coordinates"":[7.625573868069588,53.64842183019456]}"
00000000000000000871_0,2653.0,1739.0,1274.0,1455.0,1248.0,4664.0,0.57780784,42.7,-13.608656849008788,-8.28330564762803,0.6086791473643014,5.325351201380759,73,33,3,"{""geodesic"":false,""type"":""Point"",""coordinates"":[7.885276816708542,52.682283742124014]}"
00000000000000000875_0,2751.0,1895.0,1266.0,1518.0,1352.0,4292.0,0.52090716,33.8,-13.733828384743926,-7.312832464959156,0.5324686067202162,6.420995919784771,59,29,2,"{""geodesic"":false,""type"":""Point"",""coordinates"":[7.946002929915021,52.64742910910018]}"
00000000000000000882_0,2555.5,1774.0,1223.0,1376.0,1242.0,4405.0,0.5601204,27.2,-16.155035469854102,-9.16221283619777,0.567142848636563,6.992822633656331,270,58,2,"{""geodesic"":false,""type"":""Point"",""coordinates"":[8.234272304588975,52.8317634054015]}"
00000000000000000886_0,2651.0,1720.5,1223.0,1348.0,1218.5,4601.5,0.58127147,37.3,-14.438922012024648,-8.721802555863682,0.6040480410241303,5.717119456160965,0,61,0,"{""geodesic"":false,""type"":""Point"",""coordinates"":[8.37162471153085,52.33032381380599]}"
0000000000000000088d_0,2530.0,1728.0,1208.5,1434.5,1234.5,4980.0,0.60270333,27.8,-14.744304873733318,-9.465571372017989,0.6419815279919173,5.27873350171533,327,32,5,"{""geodesic"":false,""type"":""Point"",""coordinates"":[6.391198836160953,51.40496923963447]}"
0000000000000000088f_0,2408.0,1619.5,1201.5,1361.0,1267.5,4218.0,0.53787255,46.5,-14.382458952407482,-8.95729600406699,0.6227930866138593,5.425162948340493,258,59,5,"{""geodesic"":false,""type"":""Point"",""coordinates"":[6.740194324041387,51.75710883100932]}"
00000000000000000893_0,2480.0,1669.0,1203.0,1354.0,1196.0,4132.0,0.5510511,33.9,-13.663303956320789,-7.707627414071812,0.5641115383740096,5.955676542248977,166,385,12,"{""geodesic"":false,""type"":""Point"",""coordinates"":[6.857154974033749,50.48284860048578]}"
00000000000000000894_0,2622.5,1759.0,1212.5,1415.0,1241.0,4020.0,0.52822655,16.2,-12.908030184081174,-7.588517462444551,0.5878912083582737,5.319512721636623,158,44,4,"{""geodesic"":false,""type"":""Point"",""coordinates"":[7.02010936657303,51.02695816807697]}"
00000000000000000895_0,2477.0,1618.0,1202.0,1345.0,1178.0,4348.0,0.57365185,56.2,-14.41795739806974,-8.859804838888486,0.6144979204942461,5.558152559181254,28,194,12,"{""geodesic"":false,""type"":""Point"",""coordinates"":[7.4279445055632936,50.874873390475535]}"
0000000000000000089f_0,2569.0,1758.5,1200.5,1359.0,1203.0,4086.0,0.5450936,47.5,-13.733289470778743,-8.043593111771433,0.5857003982102273,5.689696359007311,122,122,4,"{""geodesic"":false,""type"":""Point"",""coordinates"":[7.217918392136149,52.00315738732966]}"
000000000000000008aa_0,2633.0,1772.0,1230.0,1384.0,1238.0,3942.0,0.5220077,26,-14.904112833645978,-8.277550992020554,0.5553870320502414,6.626561841625424,201,104,13,"{""geodesic"":false,""type"":""Point"",""coordinates"":[7.9082736879820015,52.197193488699476]}"
000000000000000008b3_0,2741.0,1826.0,1261.0,1392.0,1258.0,4144.0,0.53424656,35.3,-15.73128592350843,-9.4209717218228,0.5988685074844607,6.31031420168563,332,222,3,"{""geodesic"":false,""type"":""Point"",""coordinates"":[8.764457985276318,51.921590359531606]}"
000000000000000008b4_0,2599.0,1743.0,1260.0,1478.0,1292.0,4457.0,0.55053055,59.9,-14.111932832358727,-8.371541415016825,0.5932242956698917,5.740391417341902,270,386,1,"{""geodesic"":false,""type"":""Point"",""coordinates"":[8.918429224974403,51.56361171880997]}"
000000000000000008c1_0,2362.5,1664.5,1172.642857142857,1314.7272727272727,1180.5555555555557,3737.5,0.5199096,59,-16.484456174388647,-10.233678081028101,0.6208077459617883,6.250778093360546,90,200,10,"{""geodesic"":false,""type"":""Point"",""coordinates"":[7.314666948235821,51.357897518746604]}"
000000000000000008c2_0,2437.5,1624.0,1189.0,1314.0,1176.5,3611.0,0.5085117,46.2,-13.60932908584081,-7.93899419980082,0.5833494178681133,5.67033488603999,53,196,9,"{""geodesic"":false,""type"":""Point"",""coordinates"":[7.373147273232003,51.341278685990396]}"
000000000000000008c3_0,2485.0,1621.5,1190.0,1387.0,1193.5,4417.5,0.5745856,100.8,-12.94288403654634,-8.063756812263986,0.6230262737033458,4.879127224282355,227,493,4,"{""geodesic"":false,""type"":""Point"",""coordinates"":[7.934414662749879,50.992912018808845]}"
000000000000000008d4_0,2707.0,1746.0,1212.0,1375.0,1214.0,5129.0,0.6172158,40.9,-13.348117275254953,-7.451887641546705,0.5582725629299935,5.8962296337082485,50,232,11,"{""geodesic"":false,""type"":""Point"",""coordinates"":[7.716393543294072,50.790970742938775]}"
000000000000000008fa_0,2959.0,1828.0,1267.0,1444.5,1300.0,5054.0,0.5908089,69.8,-14.430381095935301,-8.420049278725724,0.5834945884483573,6.010331817209577,302,386,2,"{""geodesic"":false,""type"":""Point"",""coordinates"":[13.573858353395412,50.956170923688354]}"
00000000000000000902_0,2655.0,1725.0,1270.0,1404.0,1286.0,3904.0,0.5044316,65.2,-16.21141919187981,-10.886362986091187,0.6715243654635797,5.325056205788622,313,175,4,"{""geodesic"":false,""type"":""Point"",""coordinates"":[12.50719878503189,51.253962440373975]}"
0000000000000000090f_0,2734.0,1825.0,1227.0,1367.0,1259.0,4006.0,0.5217474,30.3,-14.287466891557015,-8.315103260780736,0.5819858288311719,5.972363630776279,0,164,1,"{""geodesic"":false,""type"":""Point"",""coordinates"":[11.187932958773962,52.31756773677149]}"
0000000000000000093e_0,2700.0,1748.0,1256.0,1465.0,1276.0,4528.0,0.5603032,45.1,-15.305422103507675,-9.479416202069729,0.6193501974635021,5.826005901437947,270,85,3,"{""geodesic"":false,""type"":""Point"",""coordinates"":[12.298789639116162,51.67194854207479]}"
00000000000000000942_0,2725.0,1796.0,1212.0,1381.0,1210.0,3778.0,0.5148356,32.3,-15.342648951649025,-9.895115119350605,0.6449417666098056,5.44753383229842,158,183,4,"{""geodesic"":false,""type"":""Point"",""coordinates"":[12.616703418166061,51.665211177443894]}"
00000000000000000950_0,2864.0,1885.0,1209.0,1403.0,1196.0,4868.0,0.6055409,31,-13.459420987839703,-8.262542879042165,0.6138854625698382,5.196878108797538,150,26,3,"{""geodesic"":false,""type"":""Point"",""coordinates"":[9.307489574526569,54.388453961252225]}"
0000000000000000097f_0,2814.5,1825.5,1236.5,1440.0,1257.5,4370.0,0.55308753,57.3,-12.875622892619198,-7.151380022757966,0.5554201208282833,5.724242869861232,136,400,13,"{""geodesic"":false,""type"":""Point"",""coordinates"":[11.237160636343711,50.91475858909045]}"
00000000000000000696_0,1706.0,1291.0,1125.0,1224.0,1147.0,2759.0,0.41269842,120.5,-16.108358216894352,-9.314602858485728,0.5782465682142968,6.7937553584086245,0,1035,0,"{""geodesic"":false,""type"":""Point"",""coordinates"":[8.088924891618436,47.88294450518706]}"
00000000000000000698_0,1888.0,1440.0,1190.0,1324.0,1206.0,3265.0,0.46052337,122.5,-15.624210956579915,-8.659697084414196,0.5542486022801226,6.964513872165719,329,1030,5,"{""geodesic"":false,""type"":""Point"",""coordinates"":[8.215587346679289,48.08308915048889]}"
0000000000000000069f_0,3341.0,2322.0,1575.0,1818.0,1722.0,4861.0,0.47683427,38.6,-16.348207214421983,-8.658630922402633,0.5296379479924994,7.68957629201935,124,864,7,"{""geodesic"":false,""type"":""Point"",""coordinates"":[8.992899562027912,48.128993061507394]}"
000000000000000007bd_0,3314.5,2310.5,1312.5,1452.5,1515.0,3052.5,0.3366174,26.7,-15.77014674299727,-10.021036154452858,0.6354434310449709,5.749110588544411,58,468,2,"{""geodesic"":false,""type"":""Point"",""coordinates"":[8.672919657824538,51.075646856476254]}"
000000000000000007c0_0,3218.5,2252.5,1401.0,1654.0,1654.0,3797.5,0.39319453,55.6,-17.885335963588325,-10.882886158330361,0.6084809466529548,7.002449805257964,104,350,8,"{""geodesic"":false,""type"":""Point"",""coordinates"":[8.78709553043613,51.07690449787402]}"
000000000000000007c2_0,1891.5,1412.0,1134.0,1256.0,1162.5,2846.5,0.42005488,33.7,-15.888301001727179,-9.821727414561432,0.618173548795037,6.066573587165747,228,369,14,"{""geodesic"":false,""type"":""Point"",""coordinates"":[8.874411776052547,51.00584775890017]}"
000000000000000007d9_0,3251.0,2248.0,1362.0,1446.0,1443.0,3010.0,0.3518976,259.8,-16.111664254581044,-9.574751081220558,0.5942744914448028,6.536913173360485,141,315,2,"{""geodesic"":false,""type"":""Point"",""coordinates"":[9.611838792786262,51.42410335518621]}"
000000000000000007e4_0,1894.5,1452.0,1209.5,1297.0,1255.5,2735.5,0.37083438,78.5,-16.26808164597643,-9.29248077452379,0.5712093765414615,6.97560087145264,197,423,20,"{""geodesic"":false,""type"":""Point"",""coordinates"":[9.871272246839979,51.190990538957195]}"
000000000000000007ec_0,3454.0,2460.5,1421.0,1664.5,1695.0,4043.0,0.4092018,35.5,-17.17478515080262,-10.824365914963913,0.6302475297315765,6.350419235838707,162,328,10,"{""geodesic"":false,""type"":""Point"",""coordinates"":[10.100162981233634,51.22701298185039]}"
00000000000000000807_0,1926.0,1456.0,1218.0,1324.0,1279.0,2568.0,0.3350663,108.1,-16.25644462256578,-9.795893389581614,0.6025852280137447,6.460551232984166,253,595,3,"{""geodesic"":false,""type"":""Point"",""coordinates"":[10.304529708370826,51.81981123784086]}"
00000000000000000831_0,3224.0,2111.5,1326.0,1597.5,1428.5,4250.5,0.49691847,68,-11.531931068106815,-4.608493633836036,0.3996289612397595,6.923437434270778,102,303,9,"{""geodesic"":false,""type"":""Point"",""coordinates"":[9.664120742322018,52.12532826596991]}"
00000000000000000832_0,2961.0,1976.0,1377.0,1641.0,1433.0,4900.0,0.5474499,38.1,-16.208853176699357,-10.328010120117572,0.6371832730871023,5.880843056581785,231,338,6,"{""geodesic"":false,""type"":""Point"",""coordinates"":[9.723858708715966,51.909822429309635]}"
0000000000000000084e_0,1956.0,1471.0,1202.0,1328.0,1249.0,2988.0,0.41043192,35.6,-13.523445947678354,-8.2237047824865,0.6081071950376901,5.299741165191854,132,102,4,"{""geodesic"":false,""type"":""Point"",""coordinates"":[10.400379949186378,52.80813771342916]}"
00000000000000000867_0,1981.0,1498.0,1253.0,1389.0,1261.0,3114.0,0.42354286,17.6,-14.786807785736961,-9.025842109370911,0.6103982847519697,5.76096567636605,121,34,2,"{""geodesic"":false,""type"":""Point"",""coordinates"":[7.643989331394038,52.767713525643785]}"
0000000000000000088a_0,2002.0,1479.0,1164.0,1297.0,1206.0,3004.0,0.4270784,168.2,-15.254142574050903,-9.556807311310589,0.6265057026258458,5.697335262740314,338,493,4,"{""geodesic"":false,""type"":""Point"",""coordinates"":[6.2503429996110125,50.66260148883809]}"
0000000000000000088c_0,2901.0,2293.0,1374.0,1599.0,1536.0,2865.0,0.30197683,269.4,-13.467390400305291,-7.331248686671136,0.5443703990718903,6.136141713634155,58,390,20,"{""geodesic"":false,""type"":""Point"",""coordinates"":[8.97116033215222,51.77983620769754]}"
00000000000000000896_0,3782.0,2570.0,1462.0,1720.0,1672.0,4108.0,0.4214533,229.2,-16.333233887099635,-10.570229253634752,0.6471608333474832,5.763004633464883,340,393,21,"{""geodesic"":false,""type"":""Point"",""coordinates"":[7.704895107657341,51.02453271680985]}"
000000000000000008b6_0,1744.0,1356.0,1210.0,1278.0,1216.0,2526.0,0.35008016,271.6,-16.503388487674084,-9.813046706804755,0.5946079930272407,6.690341780869328,248,395,5,"{""geodesic"":false,""type"":""Point"",""coordinates"":[8.972417973549987,51.72584745912196]}"
000000000000000008cc_0,3093.0,2163.0,1278.0,1440.0,1381.0,3634.0,0.44925225,60.1,-15.766150518520494,-9.43804847282929,0.5986273226138756,6.328102045691203,102,450,5,"{""geodesic"":false,""type"":""Point"",""coordinates"":[8.518768755069628,51.43335600261265]}"
000000000000000008ce_0,3874.0,2641.0,1505.0,1761.0,1759.0,4167.0,0.40634492,34.5,-12.06849852128618,-5.656830055591119,0.46872691293069413,6.411668465695062,80,463,10,"{""geodesic"":false,""type"":""Point"",""coordinates"":[8.721069357053345,51.39975901098657]}"
000000000000000008fc_0,2120.0,1519.0,1226.0,1279.0,1330.0,2227.0,0.2521788,89.4,-16.470455268610614,-10.673785167674406,0.6480564740682366,5.796670100936208,152,260,3,"{""geodesic"":false,""type"":""Point"",""coordinates"":[13.868595598115027,51.07268241603866]}"
00000000000000000908_0,3748.0,2793.5,1547.5,1689.0,1883.0,3318.0,0.27590847,196.8,-18.513376700743184,-12.226001137386296,0.6603874233756345,6.287375563356887,222,483,11,"{""geodesic"":false,""type"":""Point"",""coordinates"":[10.795369179613731,51.691711478325416]}"
0000000000000000090c_0,2871.5,2005.0,1309.5,1560.5,1426.5,4016.0,0.47579238,101.4,-15.96620059360091,-8.700024172202916,0.5449025972835264,7.266176421397994,340,429,9,"{""geodesic"":false,""type"":""Point"",""coordinates"":[11.056509432707276,51.725577964536726]}"
0000000000000000093c_0,3149.5,2114.0,1368.0,1547.0,1454.5,3892.0,0.45590574,72.2,-18.700068501360466,-14.058253754921422,0.751775521779434,4.641814746439044,227,274,4,"{""geodesic"":false,""type"":""Point"",""coordinates"":[12.20796996389168,50.990306904484896]}"
00000000000000000988_0,1878.0,1402.5,1169.5,1212.5,1138.5,2656.5,0.4,20.9,-17.54484209113833,-11.079614782344292,0.6315026789520357,6.46522730879404,198,296,5,"{""geodesic"":false,""type"":""Point"",""coordinates"":[11.66044679822083,50.81962700050219]}"
0000000000000000246b_0,3922.5,2771.5,1508.0,1693.0,1878.5,3427.0,0.29186693,103.1,-18.124868996402313,-13.337623403510364,0.7358741961753108,4.787245592891949,266,295,14,"{""geodesic"":false,""type"":""Point"",""coordinates"":[7.77568235204596,50.73814980423255]}"
0000000000000000073f_0,2050.0,1492.0,1278.0,1412.0,1303.0,3197.0,0.4208889,31,-15.457229868948154,-11.14717216411881,0.7211623465930485,4.310057704829344,90,43,2,"{""geodesic"":false,""type"":""Point"",""coordinates"":[13.722709195974016,52.445128507116465]}"
00000000000000000740_0,2637.0,1910.0,1345.0,1498.0,1502.0,3486.0,0.3977546,3.1,-15.570573473089704,-9.509094479113314,0.6107093290781924,6.06147899397639,78,51,5,"{""geodesic"":false,""type"":""Point"",""coordinates"":[12.359605583851055,52.28208428304877]}"
00000000000000000748_0,2394.5,1708.5,1248.5,1386.5,1338.0,3083.5,0.39477554,21.8,-16.0355273761751,-11.217730616181584,0.6995548292878978,4.8177967599935165,40,33,2,"{""geodesic"":false,""type"":""Point"",""coordinates"":[12.29492688339445,52.73294872414836]}"
0000000000000000074a_0,2331.5,1599.5,1228.0,1413.5,1288.0,3640.0,0.47727272,6.4,-15.393313655218762,-10.85617025367193,0.7052523255765263,4.537143401546832,312,33,4,"{""geodesic"":false,""type"":""Point"",""coordinates"":[12.332206967685408,52.8760503489086]}"
00000000000000000750_0,2299.0,1660.0,1333.0,1461.0,1364.0,3320.0,0.4175918,7.8,-16.083174817454413,-11.57915671355326,0.7199546634901259,4.504018103901153,0,131,0,"{""geodesic"":false,""type"":""Point"",""coordinates"":[12.442520084575285,52.19054595559699]}"
00000000000000000752_0,2402.0,1729.0,1337.0,1474.0,1418.0,3155.0,0.37983817,18.5,-15.81717107571369,-11.01287772112196,0.6962608969964021,4.80429335459173,180,42,2,"{""geodesic"":false,""type"":""Point"",""coordinates"":[12.520314188180036,52.53055829063623]}"
00000000000000000753_0,2016.5,1495.5,1230.0,1373.5,1267.0,3206.0,0.43348983,24.2,-15.775845271263481,-10.302088841193838,0.6530292776108565,5.473756430069644,90,36,6,"{""geodesic"":false,""type"":""Point"",""coordinates"":[12.529566835606468,52.69225504177774]}"
00000000000000000755_0,2316.0,1695.5,1258.5,1427.5,1358.0,3079.0,0.3878747,10,-15.103337046303164,-10.459309798914727,0.6925164794276274,4.644027247388436,219,66,2,"{""geodesic"":false,""type"":""Point"",""coordinates"":[12.547712804345682,52.493996858572565]}"
00000000000000000756_0,2123.0,1555.0,1301.0,1420.0,1334.0,3116.0,0.40044942,13.1,-16.167515626477865,-11.326114396238523,0.7005476078024949,4.841401230239342,238,134,2,"{""geodesic"":false,""type"":""Point"",""coordinates"":[12.552294212294692,52.06235636455313]}"
00000000000000000757_0,2144.0,1596.0,1316.0,1454.0,1317.0,3474.0,0.45021915,18.4,-15.859783410108125,-11.323096037819727,0.7139502315399231,4.536687372288398,0,107,3,"{""geodesic"":false,""type"":""Point"",""coordinates"":[12.588675981301533,52.18740185210257]}"
00000000000000000764_0,2184.0,1598.0,1290.0,1465.0,1328.0,3562.0,0.4568507,19.9,-18.428164819583316,-13.570563347971289,0.7364034064612918,4.857601471612027,0,135,4,"{""geodesic"":false,""type"":""Point"",""coordinates"":[12.841461902252766,52.019776220085866]}"
00000000000000000765_0,2149.5,1579.0,1310.0,1452.0,1353.0,3233.0,0.4099433,10.3,-16.199914066754893,-11.12808190748825,0.6869222800585748,5.071832159266643,0,78,0,"{""geodesic"":false,""type"":""Point"",""coordinates"":[12.890240422180456,52.32430510140239]}"
00000000000000000766_0,2276.0,1679.0,1287.0,1446.0,1362.0,3344.0,0.42116448,9.3,-14.540995851488232,-9.083726698655948,0.6246977023740952,5.457269152832284,99,54,6,"{""geodesic"":false,""type"":""Point"",""coordinates"":[12.970998966222801,52.21444114215457]}"
00000000000000000767_0,2202.5,1623.0,1272.5,1438.0,1339.0,3223.5,0.41304109,6.2,-16.032466318062973,-11.20551708670611,0.6989265945989493,4.826949231356863,231,54,6,"{""geodesic"":false,""type"":""Point"",""coordinates"":[13.0123214692923,52.824936209242196]}"
00000000000000000768_0,2321.0,1673.0,1342.0,1510.0,1428.0,3330.0,0.3997478,11.4,-16.37459801510731,-11.81977125708909,0.7218358121636997,4.554826758018219,122,61,2,"{""geodesic"":false,""type"":""Point"",""coordinates"":[12.996600951820207,52.1598235728801]}"
0000000000000000076b_0,2372.0,1711.0,1308.0,1458.0,1354.0,3048.0,0.38482508,17.1,-15.582924808383842,-11.039877803904208,0.7084599290349262,4.543047004479634,0,44,0,"{""geodesic"":false,""type"":""Point"",""coordinates"":[13.176892829342995,52.22710738766065]}"
0000000000000000076e_0,2203.5,1591.0,1253.5,1408.5,1287.0,3278.5,0.43620634,34.8,-15.76445837409744,-10.800252233398396,0.6851013829402649,4.964206140699044,180,50,1,"{""geodesic"":false,""type"":""Point"",""coordinates"":[13.307418040125562,52.799154560587965]}"
00000000000000000773_0,2254.0,1638.5,1239.0,1397.0,1319.5,3007.0,0.39003813,17.3,-16.855444918761084,-11.211152437369947,0.6651353607931931,5.644292481391137,0,72,1,"{""geodesic"":false,""type"":""Point"",""coordinates"":[13.535679953820331,52.684709193391136]}"
00000000000000000778_0,2347.0,1708.5,1298.0,1430.5,1393.0,2968.0,0.3611557,8.8,-16.631573938555004,-11.011629322935825,0.6620918359030874,5.619944615619179,0,49,2,"{""geodesic"":false,""type"":""Point"",""coordinates"":[13.784782782106674,52.1372758592487]}"
00000000000000000784_0,2869.5,2089.0,1336.5,1479.0,1437.5,3325.5,0.39638883,6.3,-14.498691262110526,-9.976446855725868,0.6880929233797362,4.522244406384658,301,31,5,"{""geodesic"":false,""type"":""Point"",""coordinates"":[14.08230480420706,52.82924812260597]}"
00000000000000000787_0,2316.0,1646.5,1262.0,1411.5,1300.0,3046.0,0.40174875,10.8,-15.204346217333978,-10.327195488846058,0.6792265409657905,4.877150728487919,238,64,2,"{""geodesic"":false,""type"":""Point"",""coordinates"":[14.032717800523663,51.96704511290805]}"
0000000000000000078a_0,2977.0,2315.5,1581.0,1820.5,1910.0,3588.0,0.3052019,25.4,-13.545889737401275,-7.0733428310104856,0.5221763182879324,6.4725469063907894,50,39,10,"{""geodesic"":false,""type"":""Point"",""coordinates"":[14.232233625126609,53.14806021693999]}"
0000000000000000078f_0,2272.0,1658.0,1276.0,1400.0,1323.0,3110.0,0.403113,15.3,-16.68668803024114,-11.74598658390736,0.7039135964320907,4.9407014463337795,151,46,3,"{""geodesic"":false,""type"":""Point"",""coordinates"":[14.524725081635925,52.219292044688814]}"
00000000000000000815_0,2078.0,1504.0,1253.0,1396.0,1279.0,3268.0,0.43743128,71.5,-16.54041723292517,-11.568559616948768,0.699411596094476,4.9718576159764005,239,97,2,"{""geodesic"":false,""type"":""Point"",""coordinates"":[10.782702934107647,52.62649836298019]}"
00000000000000000817_0,2278.0,1694.0,1291.0,1436.0,1356.0,3332.0,0.4215017,27.5,-15.434608213121095,-11.796067676744482,0.7642609072977014,3.6385405363766132,0,110,0,"{""geodesic"":false,""type"":""Point"",""coordinates"":[10.8417222482743,52.62613903686655]}"
0000000000000000082b_0,2116.0,1563.0,1227.0,1352.0,1259.5,3214.0,0.43690622,26.8,-14.504320080419514,-10.023761974143182,0.6910880288470068,4.480558106276332,151,51,6,"{""geodesic"":false,""type"":""Point"",""coordinates"":[9.278473990849507,52.501093549317105]}"
00000000000000000837_0,3445.0,2730.0,1525.0,1784.0,1884.0,3636.0,0.3173913,18,-17.082089943410082,-10.514400819768767,0.6155219211818402,6.5676891236413155,180,51,4,"{""geodesic"":false,""type"":""Point"",""coordinates"":[10.014733197713868,52.503249505998994]}"
00000000000000000843_0,3140.0,2215.0,1424.0,1628.0,1777.0,4067.0,0.39185488,26.1,-15.775685718261517,-10.300192539702088,0.6529156781932375,5.475493178559429,320,60,2,"{""geodesic"":false,""type"":""Point"",""coordinates"":[9.330216951214792,52.96875648622973]}"
00000000000000000849_0,2124.0,1576.0,1241.0,1402.0,1304.0,3180.0,0.41837645,22.5,-14.631107790698511,-10.253547447543646,0.7008045866535254,4.377560343154865,180,76,2,"{""geodesic"":false,""type"":""Point"",""coordinates"":[10.133310815217644,52.77283392276326]}"
00000000000000000850_0,2260.0,1682.0,1276.0,1409.0,1329.0,2946.0,0.37824562,37.7,-15.181279080518653,-10.18586590192718,0.6709491241089278,4.995413178591473,338,93,4,"{""geodesic"":false,""type"":""Point"",""coordinates"":[10.638164004892815,52.84308217798141]}"
00000000000000000853_0,3020.0,2176.0,1364.0,1524.0,1568.0,3116.0,0.33048677,28.8,-17.06503100773159,-11.212902625606077,0.6570689863104198,5.852128382125514,320,76,5,"{""geodesic"":false,""type"":""Point"",""coordinates"":[10.757190780038652,52.8603298314365]}"
0000000000000000085d_0,2124.5,1519.5,1221.0,1320.5,1225.5,3348.5,0.46414515,14.7,-15.34367852427749,-9.394439850104552,0.6122677710719908,5.949238674172937,198,29,5,"{""geodesic"":false,""type"":""Point"",""coordinates"":[7.296341316439784,52.63449336900886]}"
0000000000000000089e_0,2433.5,1658.5,1281.5,1465.5,1308.5,3841.0,0.49179533,28,-18.65859172629035,-13.035638370498845,0.6986399917916288,5.6229533557915055,270,102,4,"{""geodesic"":false,""type"":""Point"",""coordinates"":[7.237771159915191,51.67994354810345]}"
000000000000000008fe_0,2525.0,1871.0,1277.0,1479.0,1423.0,3244.0,0.39018643,55.8,-17.523655744691396,-12.775195597416761,0.7290257115035411,4.748460147274635,302,171,2,"{""geodesic"":false,""type"":""Point"",""coordinates"":[13.975764611510485,51.3210665920977]}"
000000000000000008ff_0,2142.0,1602.0,1220.0,1354.0,1276.0,2848.0,0.38118333,45.5,-14.735824997935193,-10.67372546317699,0.7243385059657406,4.062099534758204,270,121,1,"{""geodesic"":false,""type"":""Point"",""coordinates"":[14.168902397596183,51.54834035897994]}"
0000000000000000090e_0,2023.0,1537.0,1251.0,1396.0,1311.0,3340.0,0.43625027,33.8,-15.511236054282703,-11.222479173070308,0.7235064397057993,4.288756881212395,48,49,4,"{""geodesic"":false,""type"":""Point"",""coordinates"":[11.138884944261036,52.69557880832898]}"
00000000000000000910_0,2176.0,1617.0,1284.0,1418.0,1318.0,3170.0,0.41265598,93.2,-15.54206409245063,-10.965159975756144,0.7055150403788605,4.576904116694486,270,116,3,"{""geodesic"":false,""type"":""Point"",""coordinates"":[11.22467405389445,52.58688265895052]}"
0000000000000000091e_0,2170.0,1583.0,1266.0,1396.0,1336.0,3116.0,0.3998203,10,-15.622380432252983,-10.578277798736526,0.6771233004220841,5.044102633516458,151,89,3,"{""geodesic"":false,""type"":""Point"",""coordinates"":[11.454193608986989,52.38655835059187]}"
00000000000000000920_0,2133.0,1557.0,1206.0,1372.0,1272.0,3052.0,0.41165587,8.7,-15.202196278015393,-10.68579360222906,0.7029111719654801,4.516402675786333,0,84,0,"{""geodesic"":false,""type"":""Point"",""coordinates"":[11.484736328647053,52.422131635843]}"
0000000000000000092f_0,2266.0,1609.0,1266.0,1407.0,1351.0,3341.0,0.42412618,4.8,-15.151725919861754,-11.092564422345351,0.7320990678563278,4.059161497516403,158,51,4,"{""geodesic"":false,""type"":""Point"",""coordinates"":[11.890864668597487,52.29052844671949]}"
00000000000000000938_0,3391.0,2507.0,1418.0,1584.0,1642.0,2756.0,0.25329694,21.4,-16.945765315573993,-10.271710008785115,0.6061520278074964,6.674055306788878,15,73,6,"{""geodesic"":false,""type"":""Point"",""coordinates"":[12.105741684558877,51.873350828774385]}"
00000000000000000940_0,2659.0,1779.0,1309.0,1492.0,1363.0,3768.0,0.46871954,31.9,-16.245083287874163,-11.16438659993339,0.6872471136092504,5.0806966879407724,219,112,5,"{""geodesic"":false,""type"":""Point"",""coordinates"":[12.47126617366711,51.65038897525592]}"
0000000000000000076f_0,2258.0,1655.0,1282.0,1438.0,1323.0,3424.0,0.44259533,28.5,-14.594098006399234,-9.892599757509595,0.6778493438355614,4.701498248889639,39,92,2,"{""geodesic"":false,""type"":""Point"",""coordinates"":[13.267622673039067,51.86481683357525]}"
0000000000000000086b_0,2223.0,1578.0,1291.0,1399.0,1283.0,3546.0,0.46862704,25.9,-15.90141967526365,-9.797057189632945,0.6161121075795081,6.1043624856307055,0,29,0,"{""geodesic"":false,""type"":""Point"",""coordinates"":[7.736515805658349,52.697555101954045]}"
00000000000000000692_0,2055.0,1539.0,1161.0,1358.0,1213.0,3862.0,0.52197045,51.5,-15.347259572456466,-8.29239969770051,0.5403179413595621,7.054859874755955,204,1186,10,"{""geodesic"":false,""type"":""Point"",""coordinates"":[7.902614301692048,47.861564601425016]}"
000000000000000006aa_0,2513.0,1807.0,1256.0,1425.0,1293.0,3736.0,0.48578247,42.4,-19.39616215427106,-13.012695589748215,0.6708902248934232,6.383466564522845,0,690,3,"{""geodesic"":false,""type"":""Point"",""coordinates"":[9.445111476053679,48.52802471071329]}"
000000000000000006b2_0,2265.5,1607.0,1188.0,1341.0,1192.5,3692.0,0.5117208,33.6,-17.369789497119267,-11.139282600513381,0.6413021068770466,6.2305068966058865,246,679,5,"{""geodesic"":false,""type"":""Point"",""coordinates"":[9.746675916932602,47.77335004052448]}"
00000000000000000771_0,2166.0,1594.0,1211.0,1335.0,1249.5,2930.0,0.40208158,11.8,-15.17479051600768,-8.83745333856023,0.5823772874648728,6.33733717744745,331,85,6,"{""geodesic"":false,""type"":""Point"",""coordinates"":[13.510437294336572,52.73941659419402]}"
000000000000000007ac_0,2683.5,1729.5,1169.5,1352.0,1193.0,4284.0,0.56436,56.4,-15.187296555533985,-9.250408563031106,0.60908855827013,5.936887992502879,294,277,11,"{""geodesic"":false,""type"":""Point"",""coordinates"":[8.794551547294322,50.789263943898945]}"
000000000000000007b1_0,2381.0,1625.5,1193.5,1333.0,1197.0,4586.5,0.5860638,21.3,-14.50191582298665,-8.332676773990219,0.5745914454131837,6.169239048996431,204,337,7,"{""geodesic"":false,""type"":""Point"",""coordinates"":[9.047247636717143,50.9174535349428]}"
000000000000000007c3_0,3107.0,1974.5,1274.5,1562.5,1371.5,5222.5,0.5840158,68.4,-14.248556498129213,-7.3820164401899175,0.5180887229635613,6.866540057939296,141,427,2,"{""geodesic"":false,""type"":""Point"",""coordinates"":[8.900373087763601,51.114004919108154]}"
000000000000000007d8_0,2163.5,1535.0,1233.5,1359.5,1231.0,4044.0,0.5332701,36.2,-13.044697546744366,-7.952635072632619,0.6096450334808567,5.0920624741117475,90,478,1,"{""geodesic"":false,""type"":""Point"",""coordinates"":[9.61543205392274,50.99273235575202]}"
000000000000000007dd_0,2567.5,1782.0,1221.0,1311.0,1205.5,3323.0,0.46759412,42.7,-13.427443953170847,-8.583712951096361,0.6392663399700391,4.843731002074486,321,381,2,"{""geodesic"":false,""type"":""Point"",""coordinates"":[9.728979105835448,51.06495690459523]}"
0000000000000000080f_0,3228.5,2025.0,1337.0,1600.0,1374.5,4920.0,0.5632695,92.4,-12.682896749001106,-5.639571415159052,0.44465957003105144,7.043325333842054,60,452,23,"{""geodesic"":false,""type"":""Point"",""coordinates"":[10.650021766643192,51.638710876562364]}"
00000000000000000816_0,2431.0,1660.0,1293.0,1438.0,1285.0,4268.0,0.5371871,21.3,-14.894682674951616,-8.031811969718536,0.5392402204865789,6.86287070523308,121,130,2,"{""geodesic"":false,""type"":""Point"",""coordinates"":[10.807586267477758,52.37470058884149]}"
00000000000000000820_0,2025.0,1435.0,1164.0,1277.0,1194.0,3170.0,0.4527956,182,-14.751418585552592,-8.328119256099443,0.5645639575475085,6.423299329453149,180,56,2,"{""geodesic"":false,""type"":""Point"",""coordinates"":[8.88932380976893,52.74974721996139]}"
000000000000000008c5_0,2339.5,1593.0,1219.5,1366.0,1225.0,3622.5,0.49458483,80,-15.850852943812532,-9.773832887761031,0.6166124259941672,6.0770200560515,0,430,16,"{""geodesic"":false,""type"":""Point"",""coordinates"":[8.015263038320636,51.10223698888619]}"
000000000000000008cd_0,2182.5,1525.0,1241.0,1461.0,1257.5,4214.5,0.54038745,142.9,-16.46206129691201,-9.957346017825824,0.6048662945808398,6.504715279086188,318,784,9,"{""geodesic"":false,""type"":""Point"",""coordinates"":[8.608330788896344,51.326636146859244]}"
000000000000000008d9_0,3108.5,1997.0,1284.5,1527.5,1359.5,5016.0,0.57352364,60.1,-15.804906084245136,-9.378014482449775,0.5933609749062727,6.4268916017953615,70,388,11,"{""geodesic"":false,""type"":""Point"",""coordinates"":[7.917256840823197,50.740844750084904]}"
0000000000000000090b_0,2587.0,1803.0,1222.0,1349.0,1227.0,3304.0,0.45839772,33.6,-15.137269851552217,-9.90364638325169,0.6542557859095142,5.233623468300527,301,110,4,"{""geodesic"":false,""type"":""Point"",""coordinates"":[11.040878746763596,52.30103873554369]}"
00000000000000000981_0,2008.5,1492.0,1218.0,1308.5,1242.0,4054.0,0.53096676,33.7,-14.447896510363298,-8.83693394175261,0.6116415587150688,5.610962568610688,295,447,6,"{""geodesic"":false,""type"":""Point"",""coordinates"":[11.3498093729723,50.8775683363279]}"
0000000000000000073e_0,2434.5,1670.5,1235.0,1361.0,1240.5,3687.5,0.49655032,27.1,-15.40356344529145,-9.67812758547763,0.6283044582411892,5.725435859813819,101,54,5,"{""geodesic"":false,""type"":""Point"",""coordinates"":[13.264388738016237,52.62047965057659]}"
00000000000000000741_0,2229.0,1572.0,1258.5,1377.5,1262.5,3442.0,0.46327984,40.5,-13.926018644470059,-8.904992384857328,0.6394499829564316,5.02102625961273,59,67,4,"{""geodesic"":false,""type"":""Point"",""coordinates"":[13.849551314091693,52.54906358548909]}"
0000000000000000075b_0,2864.0,1888.5,1274.0,1429.0,1348.5,3556.0,0.45009685,27.5,-17.129398592225794,-10.805855758170138,0.6308368446207092,6.323542834055656,198,40,5,"{""geodesic"":false,""type"":""Point"",""coordinates"":[12.72755552422641,52.54403301989802]}"
0000000000000000076c_0,2162.5,1565.0,1248.5,1409.0,1285.0,3275.0,0.4364035,43.1,-15.775293870807923,-10.876204770342186,0.6894454619617915,4.899089100465737,270,48,2,"{""geodesic"":false,""type"":""Point"",""coordinates"":[13.276426162823437,52.781996738661284]}"
00000000000000000772_0,2373.0,1686.0,1283.5,1437.5,1323.5,3334.0,0.43166935,28,-15.172590523320991,-10.497787950617852,0.6918916011397166,4.67480257270314,121,66,2,"{""geodesic"":false,""type"":""Point"",""coordinates"":[13.536578269104451,53.0624507703634]}"
0000000000000000077a_0,2183.0,1551.0,1267.5,1368.5,1261.5,3218.5,0.43683037,9.8,-15.353739035568804,-9.925720909261885,0.6464692988637977,5.4280181263069185,40,118,2,"{""geodesic"":false,""type"":""Point"",""coordinates"":[13.863744695580781,52.71058067357378]}"
00000000000000000788_0,2327.5,1651.5,1270.5,1429.5,1362.0,3159.5,0.39754507,28.4,-15.824867436417435,-10.957804379413595,0.6924420961781095,4.86706305700384,122,77,2,"{""geodesic"":false,""type"":""Point"",""coordinates"":[14.047270508126399,52.12856220099274]}"
0000000000000000078b_0,2279.0,1608.5,1233.5,1349.5,1232.0,3461.0,0.4749627,15.5,-14.483829403105759,-8.990599706085513,0.6207336095906836,5.493229697020245,101,69,5,"{""geodesic"":false,""type"":""Point"",""coordinates"":[14.192617921096938,52.42949782117278]}"
0000000000000000078d_0,2044.0,1473.0,1212.0,1339.0,1227.5,3202.0,0.44576138,15,-14.904319435932717,-9.414486956620161,0.6316616466178819,5.489832479312556,180,89,1,"{""geodesic"":false,""type"":""Point"",""coordinates"":[14.366980917744536,52.405243308501554]}"
000000000000000007b0_0,2186.5,1577.5,1240.5,1392.0,1245.5,3845.0,0.51065713,88.6,-15.110938215622529,-10.139140923766398,0.6709802382279606,4.971797291856131,313,308,12,"{""geodesic"":false,""type"":""Point"",""coordinates"":[9.047966288944439,50.88152092357802]}"
000000000000000007d5_0,2204.0,1582.5,1252.5,1416.5,1259.5,4080.5,0.52827716,67,-15.33798462373169,-10.344052642547187,0.6744075506857893,4.993931981184504,290,378,11,"{""geodesic"":false,""type"":""Point"",""coordinates"":[9.503412137993037,50.812440478229234]}"
000000000000000007df_0,2844.5,1818.0,1231.0,1423.5,1234.5,5426.0,0.6293071,20.9,-14.686558806373398,-9.244728861873057,0.6294686851940566,5.441829944500341,295,339,6,"{""geodesic"":false,""type"":""Point"",""coordinates"":[9.758443847154568,50.88520401624291]}"
000000000000000007e6_0,2579.5,1712.0,1251.5,1426.5,1255.5,4278.0,0.5462185,36.4,-13.73535127653279,-8.126900824979677,0.5916776834724788,5.608450451553113,32,390,5,"{""geodesic"":false,""type"":""Point"",""coordinates"":[9.900377662045452,50.9753050392401]}"
000000000000000007fe_0,2310.5,1676.0,1210.5,1383.5,1259.0,3555.0,0.47694224,51.3,-16.335775469813324,-11.024873764043814,0.674891362483314,5.31090170576951,90,85,2,"{""geodesic"":false,""type"":""Point"",""coordinates"":[10.546895172026272,52.663778447271156]}"
0000000000000000084b_0,2495.0,1788.0,1284.0,1444.0,1338.0,3543.0,0.45175168,50.5,-14.123509786135006,-8.6034592255355,0.6091587258275901,5.520050560599506,121,99,2,"{""geodesic"":false,""type"":""Point"",""coordinates"":[10.252966411062365,52.95231731653034]}"
00000000000000000909_0,2212.0,1681.0,1264.0,1425.0,1368.0,3263.0,0.40919888,33.7,-15.821358665112495,-10.905583227208727,0.6892949877469442,4.915775437903768,209,78,3,"{""geodesic"":false,""type"":""Point"",""coordinates"":[10.9890459548699,52.6070049213148]}"
00000000000000000915_0,2608.0,1883.0,1243.0,1381.0,1290.0,3312.0,0.43937418,64.2,-14.753747384253973,-9.162815237091841,0.6210500287453011,5.590932147162132,90,68,3,"{""geodesic"":false,""type"":""Point"",""coordinates"":[11.314236087721167,52.62182712350277]}"
0000000000000000091c_0,2482.0,1743.0,1240.0,1427.0,1323.0,3536.0,0.4554435,27.6,-13.453583342114822,-8.789793807446562,0.6533422051158052,4.663789534668259,40,57,2,"{""geodesic"":false,""type"":""Point"",""coordinates"":[11.405145594474062,52.6927041994198]}"
00000000000000000941_0,2332.0,1627.0,1320.0,1485.0,1340.0,3684.0,0.4665605,28.2,-14.024381888638349,-8.937400823240239,0.6372759166292202,5.08698106539811,270,113,7,"{""geodesic"":false,""type"":""Point"",""coordinates"":[12.543131396396673,51.90065961341162]}"
0000000000000000077b_0,2491.0,1773.5,1269.0,1378.5,1282.5,3810.0,0.4963181,20.4,-14.593947967937435,-9.083383718024445,0.6224075718222669,5.51056424991299,209,88,6,"{""geodesic"":false,""type"":""Point"",""coordinates"":[13.909379112014053,52.888986088999914]}"
00000000000000000783_0,2452.0,1644.0,1250.5,1420.5,1251.0,4440.5,0.5603971,16.8,-15.573153952671035,-10.036032125983354,0.6444444173918938,5.537121826687681,162,59,5,"{""geodesic"":false,""type"":""Point"",""coordinates"":[13.990317319113222,52.47243729175369]}"
000000000000000007a8_0,2298.0,1592.0,1208.0,1408.0,1296.0,3450.0,0.45385587,48.5,-18.20840606375709,-12.62446714013149,0.693331810369709,5.583938923625599,0,302,13,"{""geodesic"":false,""type"":""Point"",""coordinates"":[8.648126155982839,50.94952339058587]}"
000000000000000007c4_0,2782.5,1873.5,1191.5,1395.0,1241.0,4655.0,0.57903665,8.9,-13.705721442788548,-7.621525240761244,0.556083477442292,6.084196202027304,63,343,8,"{""geodesic"":false,""type"":""Point"",""coordinates"":[8.926873388645127,51.20410594210534]}"
000000000000000007c7_0,2609.0,1737.5,1177.5,1401.0,1202.5,4895.5,0.6056084,24.8,-14.699496966777165,-9.163188210358932,0.6233674683609219,5.536308756418233,210,305,12,"{""geodesic"":false,""type"":""Point"",""coordinates"":[9.13088078966867,51.00800371558205]}"
000000000000000007d6_0,2493.5,1639.5,1239.5,1394.0,1219.0,4915.5,0.6025756,26.2,-16.32539089809852,-10.15332151044527,0.6219343581921746,6.172069387653249,264,334,9,"{""geodesic"":false,""type"":""Point"",""coordinates"":[9.557311055040207,51.118316832471926]}"
000000000000000007d7_0,2505.5,1641.5,1213.0,1360.0,1187.0,4294.0,0.56686735,24,-16.049297976867688,-10.277490579796066,0.6403701018330712,5.771807397071623,227,417,8,"{""geodesic"":false,""type"":""Point"",""coordinates"":[9.616510032263683,50.86687838444687]}"
0000000000000000084c_0,3162.0,2082.0,1243.0,1514.0,1399.0,4247.0,0.5044279,45.9,-15.315141547940591,-10.620774144106983,0.6934819447055744,4.694367403833608,233,71,8,"{""geodesic"":false,""type"":""Point"",""coordinates"":[10.310099263132367,52.62865431966208]}"
000000000000000008ba_0,3054.0,2071.0,1399.0,1593.0,1482.0,4467.0,0.501765,114.8,-15.739697191423808,-9.760207249446346,0.6201013355431294,5.979489941977462,310,282,6,"{""geodesic"":false,""type"":""Point"",""coordinates"":[9.087851487559345,51.74480191161688]}"
000000000000000008c0_0,2905.5,1899.0,1292.0,1465.5,1311.0,5158.0,0.59468234,60.7,-12.68481365680298,-6.82751613438237,0.5382433135484581,5.85729752242061,352,206,20,"{""geodesic"":false,""type"":""Point"",""coordinates"":[9.349440898294949,51.67464348792715]}"
0000000000000000097a_0,2701.0,1751.5,1266.0,1438.0,1248.0,5028.0,0.60229445,31.4,-14.83171833296311,-8.705626630727428,0.5869600834705307,6.126091702235682,31,351,9,"{""geodesic"":false,""type"":""Point"",""coordinates"":[10.81782706171672,51.33202603856396]}"
0000000000000000097c_0,2442.5,1637.0,1227.5,1359.0,1216.0,3864.0,0.52125984,31.3,-12.86750273153061,-7.367116951037465,0.5725366533620416,5.500385780493145,52,338,7,"{""geodesic"":false,""type"":""Point"",""coordinates"":[10.96092868647696,51.31298175454063]}"
00000000000000002583_0,2575.0,1720.0,1204.0,1362.0,1243.0,4148.0,0.53886104,290.1,-13.987347127799055,-7.22500236779077,0.5165384330407794,6.762344760008284,47,314,4,"{""geodesic"":false,""type"":""Point"",""coordinates"":[10.07240503895434,51.76627164690734]}"
000000000000000007bf_0,3085.5,1996.5,1299.0,1572.0,1409.5,4776.0,0.54425675,18,-16.903015218804136,-11.192145345653541,0.6621389853097092,5.710869873150594,230,381,6,"{""geodesic"":false,""type"":""Point"",""coordinates"":[8.728525373911536,51.130174594222304]}"
00000000000000000789_0,3075.0,2129.0,1347.0,1506.0,1485.0,3306.0,0.38008767,7.2,-16.814499802100883,-11.069987087031496,0.6583595835332764,5.744512715069387,180,14,2,"{""geodesic"":false,""type"":""Point"",""coordinates"":[14.133059617759814,52.73753013209737]}"
0000000000000000080c_0,3500.0,2535.0,1604.0,1874.0,1797.0,4128.0,0.39341772,36.1,-18.199623459038186,-10.680916154337208,0.5868756668717185,7.518707304700978,334,566,10,"{""geodesic"":false,""type"":""Point"",""coordinates"":[10.537013703900957,51.85493536544993]}"
00000000000000000873_0,3261.0,2335.0,1388.0,1656.0,1661.0,3618.0,0.37071416,530.7,-18.693695018544926,-11.985510114458634,0.6411525438158966,6.708184904086291,180,8,3,"{""geodesic"":false,""type"":""Point"",""coordinates"":[7.85527308621895,53.29304830379688]}"
000000000000000008f9_0,2661.0,1807.0,1224.5,1361.0,1214.0,4176.0,0.54953617,15.6,-9.997244083138696,-4.837234081159333,0.48385675501489345,5.160010001979363,126,306,15,"{""geodesic"":false,""type"":""Point"",""coordinates"":[7.145154854122468,49.44673175178232]}"
0000000000000000077d_0,1893.5,1452.0,1257.0,1297.5,1261.5,2498.5,0.32898936,23.7,-20.26365056306925,-14.71358205553072,0.7261071745061772,5.550068507538528,345,40,6,"{""geodesic"":false,""type"":""Point"",""coordinates"":[13.891053480218014,52.349727423942966]}"
00000000000000000946_0,3157.5,2135.0,1357.5,1660.0,1447.5,5016.0,0.55210024,39.3,-19.02456458277546,-13.692977215457322,0.7197524629738294,5.331587367318139,90,-2,2,"{""geodesic"":false,""type"":""Point"",""coordinates"":[8.81611111411319,54.34874842569414]}"
0000000000000000070c_0,4058.0,3312.0,1556.0,1814.0,2062.0,3626.0,0.27496484,18.7,-18.115788219632783,-10.342724831816803,0.5709232580124772,7.773063387815981,180,443,1,"{""geodesic"":false,""type"":""Point"",""coordinates"":[10.727456544134295,49.22871063232652]}"
00000000000000000864_0,2658.0,1995.0,1444.0,1622.0,1594.0,3584.0,0.38431826,29.2,-14.828347149781125,-9.76212218096667,0.6583418962585298,5.0662249688144545,270,6,2,"{""geodesic"":false,""type"":""Point"",""coordinates"":[7.548408585163721,53.413063225755245]}"
000000000000000008e1_0,3543.0,2677.0,1523.0,1754.5,1841.5,4186.0,0.38896725,24.8,-18.51949182417637,-10.619473154202005,0.57342141215445,7.900018669974365,142,451,9,"{""geodesic"":false,""type"":""Point"",""coordinates"":[6.626826935185504,50.15235840745821]}"
00000000000000000905_0,2694.0,1798.0,1240.0,1342.0,1240.0,3092.0,0.42751616,10.5,-16.375975419345906,-10.034459135137944,0.6127548972309549,6.341516284207962,122,185,5,"{""geodesic"":false,""type"":""Point"",""coordinates"":[13.035587835150993,51.43928488348784]}"
000000000000000006f7_0,3093.0,2154.5,1232.5,1387.5,1256.0,4596.0,0.57074505,50.5,-18.703979838415755,-12.53521859948373,0.6701899118677341,6.168761238932024,303,522,2,"{""geodesic"":false,""type"":""Point"",""coordinates"":[12.312084705321132,49.63906105411231]}"
00000000000000000825_0,3280.0,2547.0,1390.0,1584.0,1602.5,3831.0,0.41014078,32.1,-18.559968343608148,-11.682169517938693,0.6294283105262896,6.877798825669455,90,13,2,"{""geodesic"":false,""type"":""Point"",""coordinates"":[9.035389874966764,52.840926221299526]}"
000000000000000008a8_0,2459.0,1683.0,1225.0,1357.0,1204.0,3814.0,0.52012753,94.2,-13.895416974408592,-8.88477098704073,0.6394029774999881,5.010645987367862,238,73,2,"{""geodesic"":false,""type"":""Point"",""coordinates"":[7.865244385872677,51.87281183960391]}"
000000000000000008fb_0,2546.0,1645.5,1264.5,1383.0,1228.5,4242.0,0.55086374,86.6,-15.685219099315919,-10.048309726012366,0.6406228476878977,5.636909373303553,58,175,2,"{""geodesic"":false,""type"":""Point"",""coordinates"":[13.617696139260444,51.15281213938212]}"
00000000000000000977_0,2541.0,1665.5,1238.5,1422.5,1248.5,4450.0,0.5618145,31,-14.206802281371878,-8.820307979599892,0.6208510405726686,5.386494301771986,28,327,3,"{""geodesic"":false,""type"":""Point"",""coordinates"":[10.528030551059762,51.0820248949935]}"
00000000000000000777_0,2626.0,1863.0,1280.0,1418.5,1310.0,3396.5,0.44332308,40.2,-14.676973919065844,-8.689526357250678,0.5920516317033658,5.987447561815166,209,59,3,"{""geodesic"":false,""type"":""Point"",""coordinates"":[13.731243191173151,52.89464547528987]}"
00000000000000000785_0,3851.0,2871.0,1576.0,1812.5,1941.0,3816.0,0.32569048,13.2,-19.029230481137866,-13.066299002082872,0.6866435831461727,5.962931479054994,121,50,2,"{""geodesic"":false,""type"":""Point"",""coordinates"":[14.090748967877785,52.91898981948951]}"
00000000000000000947_0,3138.0,2164.0,1461.0,1723.5,1603.0,4578.0,0.4813137,21.6,-20.632914171646235,-15.125503739813627,0.7330764628778956,5.507410431832607,0,-1,0,"{""geodesic"":false,""type"":""Point"",""coordinates"":[8.879083015529968,54.295478329345855]}"
0000000000000000095e_0,3254.5,2336.5,1294.5,1434.0,1414.5,3035.0,0.36419824,20.3,-16.019201752885394,-9.81035376966117,0.6124121489320852,6.208847983224224,121,7,2,"{""geodesic"":false,""type"":""Point"",""coordinates"":[9.803449442888956,53.63539625857483]}"
000000000000000007ed_0,3858.0,3448.0,1556.0,1736.0,1903.0,3170.0,0.2497536,16,-22.17923592955292,-11.010518069711127,0.4964336059494306,11.168717859841793,180,50,2,"{""geodesic"":false,""type"":""Point"",""coordinates"":[11.305073271823147,53.30499589707567]}"
000000000000000008f2_0,3391.0,2682.0,1648.0,1997.0,2264.0,3632.0,0.2320217,16.1,-20.347552604198267,-12.628713847069365,0.6206502616173952,7.718838757128902,322,119,2,"{""geodesic"":false,""type"":""Point"",""coordinates"":[8.26849811691393,49.66744781709049]}"
