system:index,B11_au,B11_sp,B12_au,B12_sp,B2_au,B2_sp,B3_au,B3_sp,B4_au,B4_sp,B8_au,B8_sp,BSI_au,BSI_sp,NDVI_au,NDVI_sp,OC,VH,VV,VV_div_VH,VV_minus_VH,aspect,elev,hillshade,slope,.geo
00000000000000000690_0,1358.0,3255.0,1290.0,2359.0,1194.0,1457.0,1247.0,1838.0,1272.0,1740.0,1384.0,4484.0,0.009984639016897081,-0.08650329188002927,0.042168673,0.44087404,17.1,-20.963134403681526,-12.180919196590615,0.5810638314875,8.78221520709091,285,255,203,7,"{""geodesic"":false,""type"":""Point"",""coordinates"":[9.049762919512677,49.38888024748503]}"
0000000000000000071b_0,2929.0,3945.0,2522.0,3732.0,1564.0,1919.0,1794.0,2285.0,2080.0,2710.0,2482.0,3338.5,0.1063500828271673,0.1173137460650577,0.088119246,0.10391006,14.8,-17.222404554948447,-11.363002789194574,0.6597802735930789,5.859401765753873,108,300,171,3,"{""geodesic"":false,""type"":""Point"",""coordinates"":[10.322585845581628,50.27372080234275]}"
0000000000000000073d_0,2319.5,4007.5,1636.5,3435.5,1213.0,1855.5,1573.5,2248.0,1391.5,2607.0,4123.0,4017.0,-0.17961755277992705,0.05942179867061744,0.49533048,0.21286231,14.4,-18.077117242873463,-11.047006801960396,0.6111044506454952,7.030110440913067,0,495,180,5,"{""geodesic"":false,""type"":""Point"",""coordinates"":[11.147418939460172,48.397499499930724]}"
00000000000000000780_0,4181.0,4238.5,3967.0,3641.5,1961.0,1914.0,2244.0,2290.0,2572.0,2489.0,4088.0,4556.0,0.054991407592563664,0.019511271074067058,0.22762764,0.29339957,12.7,-19.120278870697963,-10.420796658521622,0.545012796570222,8.69948221217634,121,61,175,2,"{""geodesic"":false,""type"":""Point"",""coordinates"":[14.033346621222547,53.262864910250464]}"
00000000000000000791_0,3686.5,3720.5,3503.5,3712.5,1623.0,1694.5,1819.0,1885.5,2147.0,2180.0,2699.0,2745.0,0.1488356063216976,0.14129593810444874,0.11390838,0.114720814,12.5,-19.507505479032446,-8.127689703746299,0.41664423534225375,11.379815775286147,322,90,185,2,"{""geodesic"":false,""type"":""Point"",""coordinates"":[8.512839874194439,49.832827660896896]}"
00000000000000000793_0,3237.0,3905.5,2830.0,3691.5,1444.0,1816.0,1655.0,2122.0,1950.0,2512.0,2636.0,3211.0,0.1194561346714147,0.12149941019703787,0.1495857,0.12213874,18.6,-16.790541941723635,-8.375634543358045,0.4988305066285575,8.41490739836559,123,153,176,2,"{""geodesic"":false,""type"":""Point"",""coordinates"":[8.719811715655577,50.41080371469939]}"
000000000000000007d1_0,4243.0,4104.5,3650.0,3446.5,2533.0,1921.5,2797.0,2306.0,3101.0,2526.0,4072.0,3936.0,0.05297870815112195,0.06189942344650865,0.13536875,0.2181987,12.7,-19.618728882229902,-12.323842646470963,0.6281672334864444,7.2948862357589395,202,221,185,4,"{""geodesic"":false,""type"":""Point"",""coordinates"":[9.385193846602906,51.171497097291805]}"
000000000000000007fb_0,3197.0,3801.5,2561.0,3081.5,1680.0,1650.5,1982.0,2007.0,2020.0,2112.0,3810.0,4274.0,-0.02549733818996918,-9.292110153742186E-4,0.3070326,0.33855307,13.7,-19.239946919217296,-11.484174998507195,0.5968922391899397,7.755771920710101,90,33,175,2,"{""geodesic"":false,""type"":""Point"",""coordinates"":[14.248133805655524,53.30948747349626]}"
00000000000000000811_0,2928.0,4147.5,2218.0,3381.0,1353.0,2008.0,1610.0,2405.0,1540.0,2825.0,3150.0,3810.0,-0.003901460260840486,0.09026230405378992,0.3432836,0.14845516,9.7,-17.93060804908974,-11.147537660676292,0.6217043856046033,6.783070388413449,301,77,185,2,"{""geodesic"":false,""type"":""Point"",""coordinates"":[10.661071044637863,52.393565209808]}"
00000000000000000838_0,3125.0,4170.0,2626.0,4064.0,1597.0,2254.0,1950.0,2653.0,2206.0,3046.0,2925.0,3905.5,0.08210697249568659,0.0789877013943404,0.14012863,0.12364238,13.8,-19.96433740827591,-11.193486109314055,0.5606740599702531,8.770851298961855,270,102,185,2,"{""geodesic"":false,""type"":""Point"",""coordinates"":[10.131514184649404,52.16171003497675]}"
000000000000000008a9_0,3222.5,3103.0,2778.0,2548.0,1605.0,1573.0,1848.5,1806.0,1894.0,1786.0,3355.5,3835.0,0.015480797856504911,-0.05040303000874041,0.27840745,0.36452588,10.5,-19.90081077998161,-12.891294895743094,0.6477773713978806,7.0095158842385175,58,55,176,2,"{""geodesic"":false,""type"":""Point"",""coordinates"":[7.920850101959675,51.92778873499203]}"
000000000000000008bb_0,3846.0,3940.5,3552.0,3185.0,1879.0,1734.5,2114.0,2047.0,2496.0,2247.0,3432.0,4534.0,0.0884750707972196,-0.006502890173410405,0.15789473,0.33726588,12.8,-21.851161701024356,-12.468821424588114,0.5706251042938184,9.382340276436242,0,95,180,1,"{""geodesic"":false,""type"":""Point"",""coordinates"":[9.077880187905619,52.23007182809825]}"
000000000000000008bd_0,3036.0,2985.0,2588.0,2404.0,1448.0,1522.0,1614.0,1654.0,1834.0,1766.0,2450.0,3248.0,0.11085766423357664,-0.0019955886986661067,0.14379086,0.2955724,15.8,-17.729820079524043,-11.701290797168928,0.6599779774800202,6.028529282355114,28,194,176,3,"{""geodesic"":false,""type"":""Point"",""coordinates"":[9.178581331255417,51.52974523259867]}"
000000000000000008d1_0,2616.0,2516.0,2050.0,1886.0,1427.0,1324.0,1752.0,1550.0,1624.0,1554.0,3686.0,3886.0,-0.09333903560354967,-0.12284482758620689,0.3883239,0.42867646,8.2,-16.989136442157488,-11.644159285037277,0.685388531941095,5.34497715712021,152,205,176,3,"{""geodesic"":false,""type"":""Point"",""coordinates"":[7.3460181516515926,50.315312799997486]}"
000000000000000008f0_0,4096.0,3105.5,3616.5,2368.0,1975.0,1510.5,2349.0,1812.5,2807.0,1710.5,3472.5,4650.5,0.11784947977814664,-0.12252892411405666,0.10597978,0.4621915,20.8,-20.50627801334245,-11.596041649453218,0.5654873908326139,8.910236363889231,270,255,185,1,"{""geodesic"":false,""type"":""Point"",""coordinates"":[8.18477513243399,49.68415648137511]}"
00000000000000000917_0,1354.0,2987.5,1261.0,2368.5,1334.0,1443.0,1271.0,1653.0,1275.0,1679.0,1358.0,3792.0,-0.011839879721856794,-0.057415543099530376,0.031522978,0.38621825,16.6,-19.90211384330169,-12.549490508558675,0.6305606835216835,7.352623334743017,39,164,176,2,"{""geodesic"":false,""type"":""Point"",""coordinates"":[11.339029589562866,51.489051550228055]}"
0000000000000000092d_0,2478.0,3432.5,2094.0,3378.5,1276.0,1356.5,1316.0,1547.0,1462.0,1816.5,1776.0,2358.0,0.12700228832951946,0.171194287945557,0.09697344,0.12971613,19.1,-19.14878454381229,-10.843455628122284,0.5662738333763446,8.305328915690007,0,70,180,0,"{""geodesic"":false,""type"":""Point"",""coordinates"":[11.836336930851433,51.680033379631865]}"
0000000000000000068e_0,2198.0,4259.0,1819.0,3582.0,1259.0,2040.0,1408.5,2422.0,1395.5,2958.0,2379.0,3828.0,-0.006153633409389477,0.1030951471150172,0.26056433,0.12820514,18.1,-17.714256945634943,-9.9579071450876,0.5621408324181149,7.756349800547344,37,165,176,2,"{""geodesic"":false,""type"":""Point"",""coordinates"":[8.832460452284165,49.2609601510264]}"
000000000000000006f2_0,2703.0,4008.0,1850.0,2973.0,1270.0,1596.0,1596.0,1913.0,1319.0,2087.0,5024.0,4014.0,-0.2202404032570764,0.04143528406663819,0.5841085,0.31584987,20.6,-21.308609624492153,-15.068014811403305,0.7071327072454368,6.240594813088848,38,400,176,2,"{""geodesic"":false,""type"":""Point"",""coordinates"":[11.782258350747437,49.540695530501225]}"
000000000000000006f6_0,3001.0,3424.0,2185.0,2671.0,1188.0,1397.0,1629.0,1700.0,1259.0,1600.0,5344.0,4556.0,-0.21052631578947367,-0.0846315022319395,0.6186582,0.48018193,22,-19.23521982918696,-12.048990202527829,0.6264025214957535,7.186229626659131,246,505,194,5,"{""geodesic"":false,""type"":""Point"",""coordinates"":[12.232763465733377,49.1188466730787]}"
00000000000000000737_0,2496.5,3416.5,2097.5,2962.0,1192.5,1600.0,1420.5,1742.0,1605.5,1960.0,2089.5,2626.0,0.11105092091007585,0.11981254881541266,0.13098782,0.1452246,29.6,-17.344428896690985,-9.698402251083063,0.5591652690814944,7.646026645607922,124,498,176,2,"{""geodesic"":false,""type"":""Point"",""coordinates"":[10.822049143552082,48.31045274889954]}"
00000000000000000739_0,2486.0,3634.0,2037.5,3227.0,1112.0,1628.0,1270.5,1811.0,1412.5,1960.0,1788.0,2470.0,0.14687063322791793,0.1543541064795708,0.11732542,0.11512415,54.7,-17.83087236106962,-10.424095532200399,0.5846093966192851,7.406776828869221,0,425,180,0,"{""geodesic"":false,""type"":""Point"",""coordinates"":[10.907389095543436,48.56171153386777]}"
0000000000000000074e_0,3338.0,4029.0,2858.0,3689.5,1483.5,1893.0,1781.0,2135.0,1870.0,2338.0,3054.0,3376.0,0.06880098507003232,0.09436232382261946,0.24045491,0.18165909,5.3,-20.405032018619128,-13.369690087127369,0.6552153446722274,7.035341931491759,238,135,185,2,"{""geodesic"":false,""type"":""Point"",""coordinates"":[12.382153297482454,52.15578115410156]}"
00000000000000000795_0,2703.5,3945.5,1914.5,3523.0,1467.0,1974.0,1798.0,2364.0,1543.5,2739.0,5693.5,4002.5,-0.25540214770984004,0.0559197535739673,0.57344204,0.1874212,16.9,-15.943984250409914,-8.561225954784653,0.5369564984714876,7.38275829562526,303,134,189,3,"{""geodesic"":false,""type"":""Point"",""coordinates"":[8.777483556896051,50.357533618351106]}"
000000000000000007f9_0,3816.5,3472.5,3362.5,2687.5,1624.5,1582.0,1944.0,1962.5,2148.0,2071.0,3641.0,4884.0,0.0622439893143366,-0.07681418876722594,0.25790292,0.4044572,6,-17.7132204445955,-10.712555038492448,0.6047773792461871,7.000665406103051,140,86,175,2,"{""geodesic"":false,""type"":""Point"",""coordinates"":[13.265646379414004,53.42986172156828]}"
00000000000000000840_0,3650.5,3199.5,3062.5,2649.5,1658.5,1492.0,1848.5,1671.0,1947.5,1570.0,3331.0,3968.0,0.057473435655253834,-0.06750085536927514,0.26210096,0.4330083,17.9,-19.066523281711262,-12.251495832708851,0.6425658024638697,6.815027449002411,320,20,185,2,"{""geodesic"":false,""type"":""Point"",""coordinates"":[8.932712437991905,53.39725287675474]}"
00000000000000000916_0,5311.0,3794.0,5314.0,3162.0,2150.0,1750.0,2570.0,2081.0,3192.0,2204.0,3912.0,4932.0,0.16759354617233094,-0.05394321766561514,0.10135135,0.382287,15,-21.812882608381752,-13.563075647687686,0.6217919883030948,8.249806960694066,338,170,185,4,"{""geodesic"":false,""type"":""Point"",""coordinates"":[11.317020865101938,51.72297285021278]}"
000000000000000007f0_0,3011.0,4012.0,2383.0,3864.0,1373.0,1648.0,1648.0,1880.0,1589.0,2166.0,3481.0,2882.0,-0.026866934630844087,0.153903623459096,0.37317553,0.14183836,17.7,-20.34272079162669,-12.14328195008264,0.5969349957888113,8.19943884154405,0,57,180,1,"{""geodesic"":false,""type"":""Point"",""coordinates"":[11.96641298399194,53.332035187127666]}"
00000000000000000846_0,2993.5,3086.0,2798.5,2427.0,2439.0,1488.0,2487.5,1700.0,2501.0,1560.0,3245.5,4260.0,-0.016996153502102155,-0.10602270540696555,0.12955712,0.46391752,22.3,-20.41460988862555,-10.457827775183,0.5122717422589501,9.956782113442548,40,31,175,2,"{""geodesic"":false,""type"":""Point"",""coordinates"":[9.472510092219323,53.50864397198556]}"
00000000000000000937_0,3317.5,2887.5,2901.5,2174.5,1753.5,1547.0,2035.5,1819.5,2179.0,1765.5,3281.5,4428.0,0.04382091819778759,-0.1243884079789236,0.2019046,0.42988616,10.1,-21.686746911810815,-12.124663121819953,0.5590816903579366,9.562083789990862,42,32,157,11,"{""geodesic"":false,""type"":""Point"",""coordinates"":[12.106190842200938,52.50262068530011]}"
000000000000000006d2_0,2183.0,3343.0,1700.0,2695.0,933.0,1535.0,1202.0,1817.5,1359.0,2006.5,2058.0,2961.5,0.08434103780805143,0.08663416615884623,0.2045654,0.19223027,22.7,-19.735626537147372,-11.633741657523915,0.5894792159562967,8.101884879623457,0,538,180,1,"{""geodesic"":false,""type"":""Point"",""coordinates"":[12.393561901590772,47.909534637597]}"
000000000000000008af_0,2736.0,3102.0,2412.5,2382.0,1513.5,1413.0,1721.0,1789.0,1957.0,1730.0,2990.0,4236.0,0.020605665198716903,-0.07795057723499665,0.20881343,0.42004693,14.3,-18.631707205855562,-11.245065550359495,0.6035445612211747,7.386641655496067,0,101,180,1,"{""geodesic"":false,""type"":""Point"",""coordinates"":[8.247567370793945,51.753246075287606]}"
000000000000000006a9_0,2269.5,3800.0,1792.0,3051.0,1197.0,1772.0,1439.5,2170.0,1222.0,2356.0,3525.0,4100.0,-0.14981433006635417,0.023611572996341867,0.48514852,0.2701363,14.4,-19.028443417889513,-11.593255506863214,0.6092592679422144,7.435187911026299,154,633,176,3,"{""geodesic"":false,""type"":""Point"",""coordinates"":[9.397860092108992,47.95193511900744]}"
000000000000000006af_0,3243.0,4072.0,2589.5,3345.0,1570.0,1850.0,1914.0,2234.0,2046.0,2632.0,3322.0,3929.0,0.03899420489146449,0.07410077705679724,0.23770492,0.19768327,13.7,-18.792259914789582,-10.384763447615018,0.5526085470668788,8.407496467174564,159,615,176,4,"{""geodesic"":false,""type"":""Point"",""coordinates"":[9.664569899964079,48.09701303739274]}"
000000000000000006b1_0,3201.5,3564.0,2559.5,2863.0,1588.0,1678.0,1949.0,2058.0,1908.5,2218.0,3560.0,4212.0,-0.00370442581399883,-0.009252912954078136,0.30200237,0.31010887,13.2,-18.93676329354731,-11.133147358670346,0.5879118403758028,7.803615934876962,270,582,189,3,"{""geodesic"":false,""type"":""Point"",""coordinates"":[9.718738311596486,48.00718150898079]}"
000000000000000006bd_0,3112.0,3661.5,2065.0,3485.5,1312.0,1819.5,1656.5,2107.0,1416.5,2395.0,5378.0,3069.0,-0.1926728172215537,0.10671539515760621,0.5830451,0.123352855,18.8,-18.417580673832447,-11.137966709558905,0.6047464597445005,7.279613964273542,56,644,176,2,"{""geodesic"":false,""type"":""Point"",""coordinates"":[10.013385724787687,47.845574589367686]}"
000000000000000006e0_0,2169.0,3759.5,1731.0,2853.0,984.0,1571.0,1316.0,1885.5,1390.0,2022.0,2261.0,4044.0,0.04614932392710171,0.014609748607028473,0.23856477,0.33333334,17,-18.150604580088316,-11.111009240340659,0.6121564265980277,7.039595339747658,0,413,180,4,"{""geodesic"":false,""type"":""Point"",""coordinates"":[12.713451974265734,48.38824685250429]}"
000000000000000006e4_0,2227.0,3025.0,1824.0,2364.0,1088.0,1534.0,1426.0,1871.0,1618.0,1811.0,2290.0,5556.0,0.06465457566108265,-0.18899882609424787,0.17195496,0.50834805,14.3,-17.494080297358398,-10.077549804428592,0.5760548501626748,7.416530492929805,333,344,185,3,"{""geodesic"":false,""type"":""Point"",""coordinates"":[12.999206066144154,48.650914241580836]}"
000000000000000006fb_0,3062.5,4362.5,2045.5,3365.0,1351.0,1609.0,1786.0,1970.0,1546.5,2167.0,4946.0,3864.0,-0.15477718686961306,0.08802332847323474,0.52360415,0.28137955,13,-18.57272448371995,-13.169703820782782,0.709088417928494,5.403020662937166,207,425,185,3,"{""geodesic"":false,""type"":""Point"",""coordinates"":[12.408473935307157,49.34917471192694]}"
000000000000000006fc_0,2298.5,2499.0,1657.0,2185.0,1460.0,1420.0,1586.0,1571.0,1549.0,1693.0,3871.0,2294.0,-0.1616277169472136,0.06046040981533013,0.42841327,0.15073991,16.7,-24.76850745737392,-18.166116705582304,0.7334360674273898,6.602390751791617,256,529,216,12,"{""geodesic"":false,""type"":""Point"",""coordinates"":[12.503875018480649,49.59899619244058]}"
0000000000000000072c_0,3258.0,3691.0,2983.0,3409.0,1632.0,1872.5,1977.0,2289.0,2312.0,2640.0,2701.0,3202.0,0.1249116429364839,0.11016614791109552,0.077598244,0.09619993,11.1,-19.444541741577126,-9.408779779317815,0.4838776816837792,10.035761962259311,288,502,189,3,"{""geodesic"":false,""type"":""Point"",""coordinates"":[10.55228506373099,48.29410341072857]}"
00000000000000000743_0,3541.0,4710.0,3315.0,4611.5,1683.0,2101.0,1998.5,2445.0,2219.0,2949.0,3272.0,3804.5,0.0751283247783481,0.12927125953776403,0.19176835,0.12667505,6.4,-23.362942225530304,-14.327930780264172,0.6132759582227212,9.035011445266132,151,40,171,6,"{""geodesic"":false,""type"":""Point"",""coordinates"":[12.066664969699678,52.91683386280762]}"
00000000000000000744_0,2919.0,4192.0,2342.0,3673.0,1258.0,1714.0,1602.0,1988.0,1410.0,2210.0,4284.0,3216.0,-0.1228852193293486,0.12989763501588422,0.50474185,0.18540362,13.1,-21.054363177151213,-12.859386834417128,0.6107706381911611,8.194976342734085,0,67,180,0,"{""geodesic"":false,""type"":""Point"",""coordinates"":[12.145626883173785,53.311014609479265]}"
00000000000000000758_0,2968.0,3632.0,2097.5,3344.5,1297.5,1554.0,1638.5,1815.0,1355.0,1977.0,4680.0,2827.0,-0.16062327071501384,0.12292292292292292,0.5509528,0.17693588,20.1,-19.25674743986102,-12.590983955809197,0.653847904228424,6.665763484051823,121,29,176,2,"{""geodesic"":false,""type"":""Point"",""coordinates"":[12.674105764821299,52.635122189707744]}"
00000000000000000781_0,2686.5,3938.0,1918.0,2865.0,1320.5,1488.5,1609.0,1804.0,1455.0,1837.5,3981.5,4003.0,-0.12288875946418171,0.025206354841572735,0.46472916,0.37077305,33.4,-19.115898952058043,-12.516167031083098,0.6547516840548894,6.5997319209749445,253,97,190,3,"{""geodesic"":false,""type"":""Point"",""coordinates"":[13.902012926684273,51.467581814937596]}"
00000000000000000794_0,3371.0,5311.0,2558.0,4122.5,1516.0,2098.0,1896.0,2533.0,1937.0,3111.0,3910.0,4344.0,-0.010993106018259735,0.13320775026910656,0.33743802,0.16539235,21.4,-17.13079543896465,-10.552089837400235,0.6159719713539455,6.578705601564415,252,261,189,3,"{""geodesic"":false,""type"":""Point"",""coordinates"":[8.762930849293314,49.83579210133449]}"
000000000000000007f4_0,2776.5,3962.5,2268.0,3306.0,1471.0,1659.0,1743.5,1955.5,1830.5,2148.0,2880.0,3726.0,0.028577807546327307,0.06311165238571614,0.22280012,0.26864147,11.6,-19.851717188958848,-10.4771842586164,0.5277721901278956,9.374532930342447,29,42,175,3,"{""geodesic"":false,""type"":""Point"",""coordinates"":[12.52552441682793,53.64536755822856]}"
0000000000000000081c_0,2820.0,3497.5,2023.0,2982.0,1403.0,1599.0,1780.0,1746.0,1450.0,1698.5,4008.0,3496.0,-0.11785972523499638,0.00981440093285395,0.46866983,0.3460391,13.1,-19.006537427734102,-12.284043685765692,0.6463062371287559,6.72249374196841,0,44,180,1,"{""geodesic"":false,""type"":""Point"",""coordinates"":[8.624500464010495,52.69306352553345]}"
00000000000000000826_0,2880.0,4056.0,2147.0,3405.0,1426.0,1834.0,1542.0,2062.0,1579.0,2480.0,2588.0,3442.0,0.052519768676973916,0.10667118184896715,0.24214064,0.16244511,9.4,-21.12789497242747,-13.870250804879639,0.6564899542988418,7.257644167547831,209,20,185,3,"{""geodesic"":false,""type"":""Point"",""coordinates"":[9.09584649358801,52.787476461894414]}"
0000000000000000085e_0,2713.5,2502.5,1763.5,1738.0,1360.0,1398.0,1796.5,1635.0,1319.5,1462.0,6516.5,6187.5,-0.32272555522901886,-0.3135064935064935,0.663221,0.6177528,12,-15.62506778506517,-8.739678360483436,0.5593369885305098,6.885389424581733,180,4,180,1,"{""geodesic"":false,""type"":""Point"",""coordinates"":[7.308288909718573,52.92249324909758]}"
00000000000000000865_0,2609.0,3981.0,2003.5,3786.0,1357.5,1638.0,1699.0,1754.0,1364.5,1805.0,4125.0,3811.0,-0.15958121827411167,0.029995549621717847,0.5028691,0.35719374,21,-19.965508070299848,-12.462966689092013,0.6242248704720711,7.502541381207834,121,13,175,2,"{""geodesic"":false,""type"":""Point"",""coordinates"":[7.603475312080247,52.96471406745119]}"
00000000000000000878_0,3037.0,3705.5,2595.0,3368.0,1438.0,1648.5,1752.0,1856.5,1677.0,2151.0,3308.0,3035.0,-0.0033826638477801266,0.11129032258064517,0.32718155,0.17045893,37.9,-18.42405560278975,-10.113907726101626,0.5489512159619291,8.310147876688124,180,3,180,1,"{""geodesic"":false,""type"":""Point"",""coordinates"":[7.952111473847034,53.15093482584917]}"
0000000000000000089a_0,2807.5,3111.0,2191.0,2330.5,1238.0,2050.0,1445.0,2143.0,1432.5,2114.0,3414.5,3978.0,-0.04638740511667135,-0.07135874877810362,0.40891272,0.30597505,17.3,-16.466650201985072,-7.432986960229614,0.4513964205867177,9.033663241755459,122,50,166,5,"{""geodesic"":false,""type"":""Point"",""coordinates"":[6.923630305058594,51.61813945655603]}"
000000000000000008a0_0,2791.0,3042.5,2025.5,2327.5,1393.5,1510.5,1808.0,1811.0,1608.0,1726.0,4793.5,4426.5,-0.16890232382391837,-0.10914950259212554,0.49761775,0.43892726,12.2,-18.3720410464381,-11.743973307027337,0.6392307352973291,6.628067739410762,0,47,180,0,"{""geodesic"":false,""type"":""Point"",""coordinates"":[7.321314481338306,51.735818758775686]}"
000000000000000008a7_0,3631.0,4403.0,3128.0,3785.0,1672.5,1957.0,1934.5,2226.0,2295.0,2642.0,3064.5,3548.0,0.11150708055894214,0.12270916334661354,0.14357683,0.1463651,12.2,-18.069832849788483,-9.813444566084724,0.5430844129916562,8.256388283703759,122,52,176,2,"{""geodesic"":false,""type"":""Point"",""coordinates"":[7.800206359302423,52.015464306722095]}"
000000000000000008ed_0,3385.0,2700.0,2598.0,2009.5,1584.0,1514.0,2122.0,2037.5,1982.0,1910.0,4384.0,5778.0,-0.05302161446846052,-0.22534027894471517,0.377317,0.50312173,14.2,-17.720106004554776,-10.181615858166216,0.5745798504562633,7.538490146388559,153,170,176,3,"{""geodesic"":false,""type"":""Point"",""coordinates"":[8.042481991429458,49.0880344588334]}"
000000000000000008ef_0,4107.0,2827.0,3572.5,2119.0,2032.5,1417.5,2420.0,1731.0,2879.0,1577.5,3580.0,4829.5,0.10902091518831607,-0.17298033140872177,0.10853073,0.50756985,15,-20.831484519307658,-10.664692747375458,0.5119506839510592,10.1667917719322,123,301,171,3,"{""geodesic"":false,""type"":""Point"",""coordinates"":[8.045536263395464,49.69978716731879]}"
00000000000000000911_0,2926.0,3737.0,2060.0,3223.5,1352.0,1534.0,1553.0,1694.0,1390.0,1898.0,4804.0,2464.0,-0.17570664629488159,0.1699366760095505,0.5511786,0.12975699,23.2,-19.242212958231626,-10.055818224075377,0.522591567087589,9.186394734156249,302,129,185,2,"{""geodesic"":false,""type"":""Point"",""coordinates"":[11.222428265684153,51.43632044305024]}"
00000000000000000913_0,5220.0,3488.5,4830.0,3040.5,2188.0,1537.0,2382.0,1759.0,2830.0,1815.5,4056.0,3190.0,0.12634671890303623,0.057521682783371546,0.17804241,0.27459794,21.1,-19.115427477928485,-11.274745748775478,0.5898244107694581,7.840681729153006,295,115,199,7,"{""geodesic"":false,""type"":""Point"",""coordinates"":[11.235543668832298,51.921590359531606]}"
0000000000000000091a_0,2909.0,3491.0,2299.0,2706.0,1413.0,1517.5,1775.0,1823.5,1734.0,1800.0,3552.0,4304.0,-0.033513738551207324,-0.047739032620922384,0.34392735,0.4102228,11.1,-20.560526217278344,-14.838518093380099,0.7216993347626642,5.722008123898245,321,79,185,2,"{""geodesic"":false,""type"":""Point"",""coordinates"":[11.393736990365745,52.33337808577199]}"
00000000000000000944_0,3665.5,4298.5,3047.5,4073.0,1401.5,2002.5,1648.5,2294.0,1750.0,2674.0,3196.0,3442.0,0.08169379806251872,0.12305709913827817,0.29235747,0.12557226,9.1,-19.84769150755531,-11.85186461322381,0.5971407107326425,7.9958268943315005,0,73,180,0,"{""geodesic"":false,""type"":""Point"",""coordinates"":[12.886916655629213,51.82079938465339]}"
00000000000000000949_0,3181.0,3714.5,2435.0,3098.0,1568.0,1566.0,1656.0,1732.0,1796.0,1874.0,2858.0,3371.0,0.058598319685206846,0.06189729704052064,0.22819081,0.28541467,21.7,-19.17645393724651,-11.66586120645668,0.6083429837775183,7.5105927307898295,270,1,185,2,"{""geodesic"":false,""type"":""Point"",""coordinates"":[9.058027420126576,54.53056743919993]}"
0000000000000000094e_0,2908.0,4018.5,2060.0,3679.5,1292.0,1820.0,1510.0,2131.0,1409.0,2532.0,2894.0,3585.0,0.015406327178642832,0.09581364225670194,0.34510806,0.1721432,11.4,-19.346873298075487,-10.681991685614115,0.552130130850482,8.664881612461372,180,6,180,2,"{""geodesic"":false,""type"":""Point"",""coordinates"":[9.310184520378927,54.2266673785823]}"
00000000000000000953_0,2708.0,3607.0,2596.0,3619.5,1373.0,1548.0,1789.0,1636.0,1464.0,1804.0,4592.0,2498.0,-0.17687678800434053,0.14433752775721687,0.5165126,0.16132031,28.8,-19.680327853715283,-10.464025947609725,0.5316997778385236,9.216301906105558,139,16,175,2,"{""geodesic"":false,""type"":""Point"",""coordinates"":[9.460203172826887,54.47909397341988]}"
00000000000000000957_0,2473.0,3483.0,1873.0,2790.0,1382.0,1538.0,1547.0,1750.5,1588.0,1776.5,2228.0,4073.0,0.05879285621170643,-0.03233521917115128,0.16771488,0.39259765,17.8,-17.114870663192498,-8.58627803541859,0.5016852422895822,8.528592627773907,30,53,175,3,"{""geodesic"":false,""type"":""Point"",""coordinates"":[9.551202511108194,54.62318374499265]}"
00000000000000000959_0,3133.0,3004.0,2078.0,2412.5,1375.0,1415.0,1890.0,1585.0,1377.0,1543.5,5368.0,3181.0,-0.198435972629521,-0.005304314540383879,0.5916976,0.34659752,24.7,-20.08882132590572,-12.124343865670697,0.6035368461381874,7.964477460235022,270,0,185,2,"{""geodesic"":false,""type"":""Point"",""coordinates"":[9.647412078037394,54.22810468303689]}"
0000000000000000095b_0,2958.0,2948.0,2230.0,2075.0,1317.0,1395.0,1620.0,1548.5,1543.0,1490.0,3542.0,3871.0,-0.03824786324786325,-0.08532563891178896,0.393117,0.44413355,17.9,-19.40344959909587,-12.521563359504844,0.6453266619193477,6.881886239591028,270,36,185,2,"{""geodesic"":false,""type"":""Point"",""coordinates"":[9.67382254739051,54.76736334809384]}"
0000000000000000095d_0,3198.0,3743.5,2480.0,3092.5,1550.0,1686.0,1764.0,1923.0,1944.0,2152.0,3092.0,3450.0,0.051103843008994274,0.06884829805556815,0.2279587,0.23170297,9.9,-20.543287233162854,-11.615198846242864,0.56540118017201,8.92808838691999,0,7,180,3,"{""geodesic"":false,""type"":""Point"",""coordinates"":[9.73778259561982,54.479992288704004]}"
000000000000000006a7_0,5369.5,3501.0,4907.0,2709.0,5111.0,1620.0,5197.5,1962.0,5140.5,2040.0,6570.0,4168.0,-0.05276914064260286,-0.021802453879424488,0.12206994,0.3427835,18.7,-17.60583962557552,-11.084459911040502,0.629589962579144,6.521379714535017,153,743,176,3,"{""geodesic"":false,""type"":""Point"",""coordinates"":[9.339020440999164,48.365519475816065]}"
000000000000000008bf_0,3090.0,3137.0,2364.0,2749.0,1472.0,1766.0,1732.0,1962.0,1722.0,2100.0,3818.0,3124.0,-0.04731736289843595,0.03426483657549126,0.37833935,0.19601838,15.6,-14.41401764212173,-8.45291658078397,0.5864372301087116,5.961101061337759,71,169,148,11,"{""geodesic"":false,""type"":""Point"",""coordinates"":[9.229246313279758,51.94359908399253]}"
000000000000000007f8_0,3028.5,3708.0,2286.0,2679.5,1470.0,1501.0,1720.0,1822.0,1660.5,1802.5,3963.0,4656.0,-0.07350326022525193,-0.05541032783372616,0.4094425,0.44182086,9.9,-19.330795575373255,-12.582378449093207,0.650898117464069,6.748417126280048,220,86,190,5,"{""geodesic"":false,""type"":""Point"",""coordinates"":[13.137726282955384,53.73906184236222]}"
00000000000000000971_0,3602.0,3415.5,3028.5,2847.5,2557.0,1580.0,2684.5,1794.5,2813.0,2041.5,3848.5,3600.5,7.41000741000741E-4,0.02599294947121034,0.15544547,0.27632046,19.2,-18.776411670420796,-11.57566198769292,0.6165002233056333,7.200749682727876,32,268,171,5,"{""geodesic"":false,""type"":""Point"",""coordinates"":[10.156936507189988,51.065136567652054]}"
0000000000000000074b_0,2961.0,4272.5,2529.5,4108.0,1458.5,1930.5,1786.5,2305.0,1808.0,2610.0,3444.5,3528.0,-0.013854425144747726,0.1153877319504092,0.31156594,0.14956012,7.9,-18.81531346905399,-11.13960864490792,0.5920501225360666,7.67570482414607,0,46,180,0,"{""geodesic"":false,""type"":""Point"",""coordinates"":[12.36867856822066,53.00118566798645]}"
0000000000000000081b_0,3225.0,2641.5,3015.0,2011.5,1548.0,1387.0,1710.0,1617.0,1831.0,1506.0,2826.0,3714.5,0.07232237539766702,-0.10314628608498216,0.21365686,0.42304376,39.6,-21.005488338290597,-13.232797774550924,0.6299685854210326,7.772690563739673,180,36,180,1,"{""geodesic"":false,""type"":""Point"",""coordinates"":[8.423277840367723,52.528761660067985]}"
0000000000000000091f_0,3351.0,4020.5,2963.0,3759.0,1555.0,1903.0,1846.0,2214.0,2026.0,2404.0,3087.0,3499.0,0.07336061483181955,0.08645837737284912,0.20751026,0.1854989,9,-18.057731667556798,-10.380843510032264,0.5748697400727734,7.676888157524534,0,37,180,0,"{""geodesic"":false,""type"":""Point"",""coordinates"":[11.467848001305605,52.799873212815264]}"
000000000000000006e2_0,2404.5,4045.0,1939.5,3781.0,1236.0,1898.0,1517.0,2390.0,1536.5,2866.0,2741.0,3458.0,-0.004546602677443799,0.1267628597048993,0.28158972,0.093611635,9.9,-17.43150571900324,-8.594746315403567,0.4930581703010236,8.836759403599673,180,331,180,1,"{""geodesic"":false,""type"":""Point"",""coordinates"":[12.78828163743289,48.76437146196513]}"
000000000000000007aa_0,3853.0,3417.0,3147.5,2844.0,1886.0,1858.0,2172.0,2088.0,2543.0,2268.0,3445.0,4871.0,0.09081606548989511,-0.08409859835669406,0.1506346,0.3646169,15.9,-19.541727832605996,-12.237756835451107,0.6262371956195203,7.30397099715489,218,219,185,2,"{""geodesic"":false,""type"":""Point"",""coordinates"":[8.739754314963031,50.7167699004705]}"
000000000000000007ae_0,3559.5,3290.0,3362.0,3113.0,1600.0,1632.0,1916.0,1862.0,2633.0,2402.0,3340.0,3568.0,0.11250842128901864,0.045170767535806094,0.11836598,0.19530988,10.3,-17.360849288383584,-8.331424611477289,0.4798972949469687,9.029424676906295,47,287,162,8,"{""geodesic"":false,""type"":""Point"",""coordinates"":[8.933520921747611,50.91646538813027]}"
000000000000000007f5_0,2983.0,3653.0,2078.0,3099.0,1342.0,1830.5,1674.0,2167.0,1505.0,2253.0,4228.0,3926.0,-0.10757605885862001,0.012818863879957128,0.47496948,0.2707558,15.4,-17.407392260162993,-9.16003943913761,0.5262154895021501,8.247352821025384,180,0,180,1,"{""geodesic"":false,""type"":""Point"",""coordinates"":[12.689736450764979,54.325212565250204]}"
00000000000000000819_0,2793.0,3794.5,1982.0,3677.0,1342.0,1827.0,1847.0,2046.0,1490.0,2181.0,4552.0,3072.0,-0.15829812321902328,0.09899305715205296,0.5067858,0.16961735,16.2,-21.646903641423993,-13.51379249008347,0.6242829327434699,8.133111151340524,239,69,185,2,"{""geodesic"":false,""type"":""Point"",""coordinates"":[10.869480190553592,52.53603801386936]}"
0000000000000000085c_0,4612.5,3482.0,4018.0,2612.5,1797.0,1715.0,2093.0,2024.0,2537.0,2320.0,3410.0,3671.0,0.15720471007162223,0.037182695745441544,0.1467967,0.22550492,22.1,-18.50459202342204,-9.965431910174795,0.5385383205185572,8.539160113247243,219,20,185,2,"{""geodesic"":false,""type"":""Point"",""coordinates"":[7.211181027505253,52.57852832680821]}"
0000000000000000087a_0,5873.0,3467.0,4799.0,2932.5,4160.0,1578.0,4260.0,1811.5,4288.0,1781.0,6668.0,3860.5,-0.031778550669398255,-0.01782622935479343,0.21723257,0.36860764,25,-20.760886996284345,-14.03113159293692,0.6758445145165582,6.729755403347426,0,44,180,2,"{""geodesic"":false,""type"":""Point"",""coordinates"":[8.073653531788406,52.43380973453655]}"
000000000000000008b8_0,3421.0,2917.0,2825.5,2200.0,1800.0,1479.0,2083.0,1762.0,2505.0,1820.0,3066.0,3624.0,0.09822090437361009,-0.03719512195121951,0.10070005,0.331374,10.4,-19.548110016859688,-10.824438038972797,0.5537332268765127,8.723671977886891,28,174,176,3,"{""geodesic"":false,""type"":""Point"",""coordinates"":[8.995774170937095,51.97773506478907]}"
000000000000000008c4_0,3368.5,3903.0,3047.0,3426.0,1544.5,1562.5,1818.0,1802.0,2151.0,1972.0,2543.5,3132.0,0.14899817850637523,0.11168929466862197,0.08360848,0.22727273,20.4,-19.292222156265048,-10.070138888860027,0.5219792104451692,9.22208326740502,141,389,171,5,"{""geodesic"":false,""type"":""Point"",""coordinates"":[7.917436503880021,51.37020443813904]}"
0000000000000000096a_0,3162.0,3016.0,3014.0,2377.0,1584.0,1638.0,1670.0,1804.0,1911.0,1756.0,2274.0,3642.0,0.13604299630500505,-0.050537206526064464,0.08673835,0.34938866,20.1,-19.62498563764198,-12.796502028391972,0.6520515359688958,6.828483609250009,0,12,180,0,"{""geodesic"":false,""type"":""Point"",""coordinates"":[10.779828325198464,54.118330555317485]}"
00000000000000000986_0,3742.0,2581.5,2790.0,1886.5,1730.0,1490.5,2154.0,1817.0,1932.0,1636.5,4556.0,5419.5,-0.05117056856187291,-0.24191229331416247,0.40443897,0.5361394,29.8,-18.50145153523603,-10.463550231337098,0.5655529357471903,8.03790130389893,122,463,167,5,"{""geodesic"":false,""type"":""Point"",""coordinates"":[11.596935907633581,50.62271629022319]}"
0000000000000000075a_0,2452.5,3320.5,1773.0,2499.5,1201.0,1437.5,1318.5,1622.0,1258.0,1695.0,2850.5,3294.0,-0.04393197629476939,0.02913717041140864,0.38761106,0.3205051,14.7,-20.563118254369055,-14.684779975200756,0.7141319615803248,5.8783382791682985,287,41,190,3,"{""geodesic"":false,""type"":""Point"",""coordinates"":[12.721446980294397,52.92177459687028]}"
0000000000000000077c_0,3321.0,4089.0,2750.0,3631.5,1584.0,2013.5,1826.0,2428.0,1932.0,2686.0,3216.0,3740.0,0.04506117576842734,0.08153410224687713,0.24941725,0.16402116,18,-19.816870433036037,-12.456296156548346,0.6285702981527737,7.360574276487691,0,70,180,5,"{""geodesic"":false,""type"":""Point"",""coordinates"":[13.938574358747937,53.21193043364089]}"
000000000000000006c9_0,2526.0,3463.5,1774.0,2691.0,1266.0,1759.0,1527.0,2096.0,1386.0,2289.0,3570.0,3993.0,-0.1056241426611797,4.3461254291798863E-5,0.44067797,0.2712512,20.2,-20.016527744433045,-15.084038110889054,0.7535791573583083,4.932489633543991,223,466,202,10,"{""geodesic"":false,""type"":""Point"",""coordinates"":[11.72162206906937,48.606088308903274]}"
00000000000000000786_0,2169.0,3204.0,1593.0,2438.0,1232.5,1485.0,1381.5,1719.0,1209.0,1730.0,3273.5,3303.0,-0.1430745814307458,0.01501748611396832,0.46056888,0.31253725,12.2,-19.11168002687338,-12.624195342635966,0.660548697178102,6.487484684237414,301,34,185,2,"{""geodesic"":false,""type"":""Point"",""coordinates"":[14.09748633250868,52.99067537916225]}"
0000000000000000080d_0,2879.5,3461.5,1990.0,2542.5,1245.5,1550.0,1446.5,1799.5,1439.0,1882.5,3243.0,3864.0,-0.01930282729646872,-0.006506785647889942,0.38530543,0.3448186,29.9,-18.320523772122797,-12.233191116641766,0.6677315162384305,6.087332655481031,140,101,175,2,"{""geodesic"":false,""type"":""Point"",""coordinates"":[10.548871465651334,52.82556502994108]}"
00000000000000000844_0,3342.0,2796.0,2489.5,1926.0,2022.5,1346.0,2220.0,1634.0,1991.0,1492.0,5170.0,4933.0,-0.1484571474192647,-0.18841676918709188,0.4439324,0.5355642,252.2,-18.801208503159952,-13.442795904245678,0.7149963738759838,5.358412598914274,107,31,171,3,"{""geodesic"":false,""type"":""Point"",""coordinates"":[9.412682294296964,53.47235203450713]}"
00000000000000000855_0,2990.0,4070.0,2320.0,3871.5,1296.0,2002.0,1588.0,2297.0,1497.0,2547.0,2929.0,3390.0,0.03007346189164371,0.1020068282121742,0.3235427,0.1419909,10.1,-19.612500283964135,-12.062770109192755,0.6150551910536209,7.54973017477138,59,43,175,2,"{""geodesic"":false,""type"":""Point"",""coordinates"":[10.935686026993201,52.87703849572113]}"
0000000000000000085a_0,3507.5,3630.5,3410.0,3199.5,1647.0,1675.0,1819.0,1847.0,2022.0,1932.0,2830.5,3040.0,0.10512641151194164,0.08246168815373388,0.16661514,0.22284795,20.2,-21.583024440359758,-8.871506772160838,0.41104094547432035,12.711517668198919,0,36,180,3,"{""geodesic"":false,""type"":""Point"",""coordinates"":[7.142549739798521,52.27121466811092]}"
00000000000000000898_0,1849.5,2967.5,1466.5,2722.0,1077.0,1508.5,1153.0,1707.5,1164.0,1846.0,1633.5,2623.5,0.05293501048218029,0.07618355597786597,0.16782841,0.17395681,18.9,-19.42596051858375,-12.525238579297714,0.6447680446645356,6.900721939286036,258,59,194,5,"{""geodesic"":false,""type"":""Point"",""coordinates"":[6.854729522766626,51.778219240186125]}"
000000000000000008a3_0,2858.0,3088.5,2236.5,2457.0,1380.0,1537.0,1633.0,1792.0,1529.5,1747.0,3756.5,3728.0,-0.07864342713145737,-0.04252264739369338,0.42130154,0.36182648,14.9,-17.346914114933544,-10.626532418486573,0.6125892102814093,6.720381696446971,122,60,176,2,"{""geodesic"":false,""type"":""Point"",""coordinates"":[7.488940113355008,51.847389517063334]}"
000000000000000008ab_0,2942.5,2899.0,2247.5,2282.0,1525.5,1799.0,1738.5,2038.0,1759.0,2034.0,2778.5,3768.0,0.04413969241019377,-0.06038095238095238,0.2246832,0.29886246,39.1,-19.957973520484444,-10.9609811514145,0.5492031112359369,8.996992369069943,90,98,176,1,"{""geodesic"":false,""type"":""Point"",""coordinates"":[7.986966106870871,51.749113824980654]}"
000000000000000006a0_0,2708.0,3480.0,1831.5,2714.5,1235.0,1508.0,1615.5,1824.0,1323.0,1938.0,4992.0,3768.0,-0.21407681809319556,0.013278473910604077,0.58099765,0.32071504,49.9,-17.272668991475957,-11.224087972099813,0.649817812038133,6.048581019376144,270,472,185,1,"{""geodesic"":false,""type"":""Point"",""coordinates"":[9.014189634261545,48.41708277312453]}"
000000000000000008d5_0,2361.0,3843.0,1731.0,3064.0,1156.0,1728.0,1382.5,2038.0,1341.5,2186.0,3384.0,4034.0,-0.10160752198968759,0.022644389788821984,0.4322294,0.29710612,12.9,-16.46795321526563,-10.789755345292356,0.6551971094556158,5.678197869973275,270,212,185,1,"{""geodesic"":false,""type"":""Point"",""coordinates"":[7.814938729961983,49.89346394257496]}"
00000000000000000720_0,3096.5,3682.0,1972.5,2529.0,1206.0,1357.5,1540.5,1660.0,1262.0,1662.5,5142.0,4841.5,-0.1858216970998926,-0.07402434270368606,0.6058713,0.48877615,42.5,-18.04527190744502,-11.807179174151983,0.6543087427394564,6.238092733293037,56,780,167,5,"{""geodesic"":false,""type"":""Point"",""coordinates"":[10.20032513541296,47.84539492631087]}"
00000000000000000726_0,2949.0,2895.0,1954.0,1963.0,1306.0,1415.0,1709.0,1742.0,1400.0,1570.0,4560.0,4908.0,-0.1485070974057758,-0.17222840192806824,0.5302013,0.5152825,49.8,-19.916006724154425,-12.942488696190349,0.6498536014498082,6.973518027964076,37,638,176,2,"{""geodesic"":false,""type"":""Point"",""coordinates"":[10.388342524379176,47.988855877184754]}"
0000000000000000246c_0,2797.0,3094.0,1829.5,2091.0,1210.0,1316.0,1501.5,1604.0,1193.0,1434.0,5336.0,5164.0,-0.24259681093394078,-0.17732558139534885,0.63455355,0.5653228,43.9,-19.715512189671664,-12.92510512476981,0.655580489130831,6.790407064901853,138,327,157,11,"{""geodesic"":false,""type"":""Point"",""coordinates"":[7.927228140476923,51.15460876995036]}"
0000000000000000096c_0,3321.0,2573.5,2772.0,1928.0,1766.0,1398.5,1951.0,1623.5,2032.0,1530.5,3722.0,4218.0,-0.012452725763305968,-0.15559899182140835,0.2937087,0.46751326,34.4,-16.145724509778397,-10.205470764619886,0.6320850302158387,5.940253745158511,0,11,180,0,"{""geodesic"":false,""type"":""Point"",""coordinates"":[10.968205040278328,54.3326685821084]}"
000000000000000007ce_0,2334.5,2995.5,1594.0,2348.0,1217.0,1371.0,1393.0,1526.5,1240.0,1564.0,4566.0,2794.0,-0.2360138925995191,0.04521749097369477,0.57285565,0.28223956,21.4,-16.59691431218657,-10.388662309661854,0.625939383324634,6.208252002524716,257,353,241,20,"{""geodesic"":false,""type"":""Point"",""coordinates"":[9.360759670874856,50.86571057457752]}"
00000000000000000828_0,2242.5,2683.0,1609.0,2041.0,1122.5,1296.0,1309.0,1424.0,1154.5,1421.0,3311.0,2698.0,-0.13236702637124065,0.013583600889108422,0.48292464,0.3100267,49.4,-18.2099658726101,-12.366149711347546,0.6790869240423822,5.843816161262552,301,58,190,4,"{""geodesic"":false,""type"":""Point"",""coordinates"":[9.19070858759103,52.464621948781854]}"
00000000000000000835_0,2611.0,3190.0,1786.0,2400.0,1216.0,1404.0,1578.0,1611.5,1260.0,1656.5,5028.0,3231.0,-0.23460207612456746,0.022306597057427623,0.59923667,0.32214832,47.7,-15.094241647092772,-8.19078748593283,0.542643193174956,6.903454161159942,15,322,176,6,"{""geodesic"":false,""type"":""Point"",""coordinates"":[9.839741380367384,52.03585606367161]}"
000000000000000008b0_0,2858.0,2940.0,2045.5,2219.0,1345.5,1418.0,1615.0,1716.0,1532.5,1642.0,4403.0,3879.0,-0.1339382582108689,-0.0723757465330499,0.48361555,0.40518022,82.8,-20.930740720736022,-15.109156857871824,0.7218644127058164,5.821583862864198,258,122,208,9,"{""geodesic"":false,""type"":""Point"",""coordinates"":[8.350244807768807,52.11436881950365]}"
00000000000000000901_0,2589.0,3164.0,1823.0,2452.0,1292.0,1394.0,1518.0,1526.0,1610.0,1653.0,3442.0,2560.0,-0.059890294413970674,0.09839242959753734,0.36262867,0.21528602,33.3,-15.454281067796483,-10.541127897091435,0.682084650256359,4.913153170705048,90,126,176,1,"{""geodesic"":false,""type"":""Point"",""coordinates"":[12.390777124210002,51.22045528027632]}"
0000000000000000079c_0,1963.0,2766.0,1488.0,2533.0,1152.0,1438.0,1250.0,1697.0,1201.0,1755.0,2159.0,3778.0,-0.022702702702702703,-0.07137722090993119,0.28511906,0.36562443,24.2,-14.582741734350765,-8.964827076092705,0.614755938176932,5.61791465825806,309,172,198,7,"{""geodesic"":false,""type"":""Point"",""coordinates"":[9.004936986835114,50.23383560372785]}"
00000000000000000796_0,3464.0,2748.5,2871.0,2114.5,1545.0,1464.5,1803.0,1716.5,1932.0,1649.0,3074.5,4272.5,0.0775298287654136,-0.13217228279638857,0.22820334,0.44304654,14.9,-18.134275999967358,-11.39886715847969,0.6285813207265738,6.735408841487667,333,185,185,3,"{""geodesic"":false,""type"":""Point"",""coordinates"":[8.818985723022372,49.818454616350984]}"
00000000000000000774_0,2807.0,3896.5,2220.0,3057.5,1375.0,1566.0,1640.0,1803.0,1559.0,1952.5,3339.0,3370.0,-0.03832599118942731,0.08465461288827075,0.36341363,0.26632223,8.9,-22.70600265485571,-15.215755202006884,0.6701203832878516,7.490247452848825,180,46,180,1,"{""geodesic"":false,""type"":""Point"",""coordinates"":[13.637369243982661,52.12389096151532]}"
00000000000000000683_0,3771.0,4072.0,3246.0,3471.0,1908.0,1986.0,2284.0,2434.0,2704.0,2623.0,3280.0,4571.5,0.11034896681814285,0.0103754008677608,0.09625668,0.27083188,14.2,-18.224550277421272,-9.349564861252212,0.5130203335023064,8.87498541616906,0,178,180,3,"{""geodesic"":false,""type"":""Point"",""coordinates"":[9.191067913704678,49.17418289458046]}"
00000000000000000685_0,4825.0,3441.5,4005.0,2730.0,4620.0,1644.0,4428.0,2016.5,4256.0,2024.0,5780.0,4286.0,-0.0677069965607515,-0.04076170418147514,0.15185332,0.3584786,20.2,-21.119020799605885,-12.098704673288106,0.5728818958080617,9.020316126317779,314,282,189,4,"{""geodesic"":false,""type"":""Point"",""coordinates"":[9.464245591605424,49.26572122203224]}"
00000000000000000686_0,3356.0,2892.0,2776.0,2010.0,1756.0,1426.0,2074.0,1894.0,2382.0,1550.5,3283.0,5408.0,0.06486035074696112,-0.2120782157584357,0.15904678,0.554358,15.9,-18.986327552368046,-12.540771963184238,0.6605159385665452,6.445555589183808,108,333,171,3,"{""geodesic"":false,""type"":""Point"",""coordinates"":[9.458855699900708,49.75135046462725]}"
00000000000000000689_0,1852.0,3313.5,1514.0,2418.5,1382.0,1517.5,1408.0,1868.5,1510.0,1876.5,1888.0,3965.0,0.013872135102533172,-0.027406886858749122,0.11124191,0.35752803,13.1,-20.17339906241449,-11.074196400254941,0.5489504453856526,9.099202662159549,270,471,185,1,"{""geodesic"":false,""type"":""Point"",""coordinates"":[9.740657204529,48.96092284613049]}"
0000000000000000068b_0,3535.0,4596.0,2681.0,4066.5,1826.0,2184.0,2234.0,2632.0,2206.0,2982.0,3802.0,4214.0,0.009939308646318937,0.0844304522037779,0.2656458,0.17120622,29.1,-18.672780897997004,-11.396141520917489,0.6103076763536561,7.2766393770795155,180,470,180,3,"{""geodesic"":false,""type"":""Point"",""coordinates"":[9.931189876290752,49.33893391768798]}"
000000000000000006a3_0,2928.0,3656.0,2286.5,3020.5,1970.0,1788.0,2267.5,2127.0,1964.0,2321.0,4415.0,3799.0,-0.13239336703023855,0.0337253545485991,0.3842295,0.24150327,25.7,-17.524815711651968,-11.128285135514504,0.6350015497233154,6.396530576137463,0,613,180,3,"{""geodesic"":false,""type"":""Point"",""coordinates"":[9.07707170414991,47.93172302511475]}"
000000000000000006a4_0,2719.5,3187.0,1939.0,2503.0,1365.0,1479.0,1838.5,1827.0,1377.5,1784.0,5906.0,4396.0,-0.2792047853624208,-0.08334869998156003,0.6217478,0.42265373,60,-15.89059700901958,-9.292956239666587,0.5848085024364951,6.597640769352992,71,698,123,20,"{""geodesic"":false,""type"":""Point"",""coordinates"":[9.185767853528374,47.82455401171929]}"
000000000000000006a5_0,3039.5,3134.0,2473.5,2376.0,1888.0,1538.0,2096.5,1832.0,2014.5,1702.0,3651.0,3864.0,-0.0457849523270084,-0.05528423520218793,0.2888536,0.38842976,20.3,-19.757102352453806,-10.864198439079296,0.5498882500717508,8.89290391337451,0,663,180,2,"{""geodesic"":false,""type"":""Point"",""coordinates"":[9.184061054488545,47.932531508870454]}"
000000000000000006ca_0,2804.0,3310.0,1970.0,2582.0,1330.0,1565.0,1810.0,1920.0,1448.0,1755.0,4980.0,4484.0,-0.19484946032948305,-0.08853698038509987,0.5494711,0.43740985,52.1,-18.97423779124842,-11.35060998617952,0.5982116441807648,7.6236278050688995,0,350,180,0,"{""geodesic"":false,""type"":""Point"",""coordinates"":[11.728449265228678,48.80389733446639]}"
000000000000000006e8_0,2401.0,3553.5,1741.0,3086.5,990.5,1511.5,1474.0,1816.5,1297.5,1883.5,3272.5,4202.0,-0.07090372417258055,-0.024797094300704006,0.4321663,0.38098758,29.8,-19.66505194959967,-11.343333993855406,0.5768270545599209,8.321717955744262,201,306,185,4,"{""geodesic"":false,""type"":""Point"",""coordinates"":[13.10996834067609,48.68388241250803]}"
000000000000000006fe_0,2591.0,3516.0,1907.0,2602.5,1288.0,1347.0,1637.0,1663.0,1489.5,1644.0,3191.0,4300.0,-0.04655645773701735,-0.045063384843157216,0.36352953,0.44683716,14.4,-20.641520973290852,-13.093061429426951,0.63430700898295,7.548459543863901,303,477,194,5,"{""geodesic"":false,""type"":""Point"",""coordinates"":[12.728543671038942,49.161875975188025]}"
00000000000000000754_0,3072.0,3485.5,2220.0,2710.0,1476.0,1416.0,1817.5,1691.0,1499.0,1658.0,4624.5,4418.0,-0.14332568055100034,-0.06290138920519243,0.5104107,0.45424622,9.5,-21.423192743034335,-13.378216469289812,0.6244735147444205,8.044976273744522,287,40,190,3,"{""geodesic"":false,""type"":""Point"",""coordinates"":[12.54205341805573,52.90776087843801]}"
0000000000000000075d_0,2934.5,3347.0,2440.5,2593.0,1406.0,1503.5,1744.5,1741.0,1659.5,1775.0,3409.0,4896.0,-0.02348814964395791,-0.11087965976652346,0.34517115,0.4678459,9.4,-23.199850414096993,-12.343227616732593,0.5320391035466523,10.8566227973644,270,32,185,2,"{""geodesic"":false,""type"":""Point"",""coordinates"":[12.785407028523707,52.52471924128945]}"
0000000000000000077f_0,3249.5,3478.0,2650.5,2858.5,1542.0,1621.0,1849.5,1891.0,1924.5,2029.0,3986.0,3712.0,-0.033077929358998316,0.016051660516605167,0.34878606,0.2931545,11.7,-20.43849246979782,-12.403733418388798,0.6068810327727414,8.03475905140902,325,47,195,8,"{""geodesic"":false,""type"":""Point"",""coordinates"":[13.971991687317184,52.92294240673964]}"
00000000000000000792_0,4773.0,2774.5,3863.0,2124.5,2100.0,1524.0,2552.0,1762.0,3094.0,1761.0,3991.5,4799.0,0.12719848121216462,-0.16461758069714968,0.12666714,0.46310976,24.5,-19.35901517044075,-11.554996558616818,0.596879358628745,7.804018611823931,0,103,180,2,"{""geodesic"":false,""type"":""Point"",""coordinates"":[8.670134880443767,50.17652308860102]}"
00000000000000000797_0,3007.5,2429.0,2315.0,1736.5,1479.5,1323.0,1848.0,1555.0,1789.0,1357.5,4191.5,5146.5,-0.08354430379746836,-0.26160296411856476,0.40172225,0.5825646,16.7,-16.78472152676283,-9.975030626627976,0.5942922919944208,6.809690900134854,116,213,162,6,"{""geodesic"":false,""type"":""Point"",""coordinates"":[8.80371436319234,50.429758167194315]}"
00000000000000000799_0,3698.5,3468.5,3163.0,2900.5,1847.0,1548.0,2181.0,1887.5,2711.0,1793.0,3393.0,4633.5,0.10039057470277694,-0.08039849689766669,0.11173002,0.44199798,14.2,-20.114636946614645,-10.26407191546468,0.5102787558485938,9.850565031149966,0,131,180,0,"{""geodesic"":false,""type"":""Point"",""coordinates"":[8.862194688188522,50.340375796424425]}"
000000000000000007a3_0,3757.0,2921.0,3213.5,2142.0,1778.0,1449.0,2154.0,1723.0,2505.5,1620.0,3655.5,4616.0,0.07087893296853626,-0.1436922496699981,0.18665801,0.48043618,22,-19.280445286086,-11.944805199563188,0.6195295296516478,7.335640086522812,270,124,185,1,"{""geodesic"":false,""type"":""Point"",""coordinates"":[8.044009127412462,50.419247878370115]}"
000000000000000007ab_0,3832.0,3286.0,3398.0,3075.0,1721.0,1524.0,2088.0,1836.0,2514.0,2356.0,3755.5,3247.0,0.07354620427151617,0.08364544319600499,0.19802217,0.15902196,8.5,-20.706687974599117,-12.223074429697323,0.5902959683698021,8.483613544901793,212,226,190,5,"{""geodesic"":false,""type"":""Point"",""coordinates"":[8.735442401599256,50.87855648314043]}"
000000000000000007be_0,3468.0,2694.0,3153.0,1915.0,1617.0,1324.0,1891.5,1719.0,2350.0,1450.0,3116.5,5540.0,0.10278159503388144,-0.24709302325581395,0.14021769,0.58512163,15.8,-19.5008272859937,-12.11423728174831,0.62121658246003,7.386590004245392,169,324,176,8,"{""geodesic"":false,""type"":""Point"",""coordinates"":[8.731040656707071,51.040343065810355]}"
000000000000000007dc_0,3360.5,2655.0,2334.5,1943.0,1638.0,1515.5,2120.0,1736.5,1726.5,1728.0,5651.0,4814.0,-0.17792501616031028,-0.18170361726954493,0.53195524,0.47172117,11.3,-16.091245249400068,-9.218231333220965,0.5728724651415433,6.873013916179103,0,240,180,9,"{""geodesic"":false,""type"":""Point"",""coordinates"":[9.729877421119568,50.90308049039689]}"
000000000000000007de_0,3269.5,3559.5,2711.5,3086.5,1556.0,1585.5,1733.0,1880.5,2072.0,1989.5,2566.5,3865.0,0.12880388841927304,0.00895495249784081,0.10660774,0.32035187,13,-21.57424914433245,-12.019217956853696,0.5571094445254955,9.555031187478752,288,270,199,6,"{""geodesic"":false,""type"":""Point"",""coordinates"":[9.759611657023923,50.651462379315014]}"
000000000000000007f1_0,3495.0,3546.0,3028.0,2693.0,1588.0,1499.0,1899.0,1775.0,2034.0,1838.0,3218.0,4136.0,0.06995645863570392,-0.02277883655504129,0.22543792,0.3846669,14.1,-21.103437039649897,-12.327824560956637,0.5841619323807149,8.77561247869326,0,78,180,2,"{""geodesic"":false,""type"":""Point"",""coordinates"":[12.105921347615702,53.72522778698678]}"
00000000000000000802_0,3359.0,3135.0,2752.0,2372.5,1543.0,1433.5,1858.0,1644.5,1958.0,1552.0,2964.0,4087.0,0.08245114006514657,-0.0816556453588048,0.20438845,0.4495478,18.9,-19.078209399233856,-11.794676929957415,0.6182276692293286,7.283532469276441,180,78,180,2,"{""geodesic"":false,""type"":""Point"",""coordinates"":[10.073213522710049,52.25163139491712]}"
00000000000000000823_0,3223.0,3079.0,2284.0,2457.0,1549.0,1635.5,1881.0,1892.0,1693.0,1998.5,4606.0,4037.0,-0.11191400957456418,-0.05534883720930232,0.46245435,0.33775163,19,-18.91447566274761,-12.229311250969815,0.6465583011140857,6.685164411777794,0,59,180,0,"{""geodesic"":false,""type"":""Point"",""coordinates"":[9.016974411642314,52.33742050455053]}"
00000000000000000833_0,3916.0,3929.0,2944.0,3281.0,1583.0,1881.0,1930.0,2192.0,2170.0,2326.0,4413.0,3912.0,0.007449097831484853,0.038346613545816734,0.3407261,0.25424814,12.1,-19.40760318653096,-9.484554493910938,0.48870303059850784,9.923048692620021,302,98,185,2,"{""geodesic"":false,""type"":""Point"",""coordinates"":[9.751436987938435,52.179496677602316]}"
00000000000000000834_0,3468.0,3667.0,3000.0,2877.0,1625.0,1556.0,1838.0,1865.0,2122.0,1960.0,3419.0,3930.0,0.05134474327628362,0.012687843066678665,0.23407327,0.3344652,15.9,-18.498795145578427,-10.602461695705141,0.5731433648660809,7.896333449873286,90,46,176,2,"{""geodesic"":false,""type"":""Point"",""coordinates"":[9.808390176951614,52.539092285835366]}"
00000000000000000847_0,3009.5,3584.0,2658.5,3005.0,1591.0,1667.0,1768.0,1888.0,1988.0,2124.0,2524.0,3800.0,0.09684499314128944,0.02156599552572707,0.11879433,0.28291693,12.8,-20.667699729422367,-11.589998576875562,0.560778351176456,9.077701152546805,239,35,185,2,"{""geodesic"":false,""type"":""Point"",""coordinates"":[9.714156903647476,53.4374974014833]}"
0000000000000000084d_0,3207.5,3668.5,2651.5,3494.0,1447.0,1640.5,1929.0,1847.0,1768.0,2072.0,3451.0,2926.0,0.007849293563579277,0.11390317260114485,0.32247558,0.17086835,15.8,-19.944704445561765,-12.732770642038236,0.638403576086665,7.211933803523529,107,62,171,3,"{""geodesic"":false,""type"":""Point"",""coordinates"":[10.398583318618138,52.61041851939445]}"
00000000000000000892_0,2478.5,3132.5,2247.5,2682.5,1498.0,1681.5,1718.5,1948.0,1791.0,1919.0,3053.5,3955.0,-0.03196916449382156,-0.05473428143712575,0.2606048,0.3466122,15.6,-20.28732382123687,-11.0145940373304,0.5429298676546125,9.27272978390647,58,120,176,2,"{""geodesic"":false,""type"":""Point"",""coordinates"":[6.710549919665444,50.96461508735908]}"
000000000000000008a4_0,2908.0,2954.0,2459.5,2419.0,1476.5,1664.0,1762.5,1855.0,1755.0,1916.0,3266.5,3570.0,-0.00850520944078248,-0.03602533650039588,0.30100566,0.30149472,14.6,-19.14412802187009,-10.298171521623825,0.5379284713233886,8.845956500246267,302,59,185,2,"{""geodesic"":false,""type"":""Point"",""coordinates"":[7.551822183243376,51.75881563004915]}"
000000000000000008a5_0,3621.5,3369.0,3219.5,2828.0,1733.5,1747.0,1930.5,1956.0,2135.0,2168.0,3033.0,4053.0,0.0940796350850518,-0.02319837699567787,0.1737616,0.30300593,19.8,-19.001912258514906,-12.091122787963617,0.6363108419546295,6.91078947055129,141,50,176,2,"{""geodesic"":false,""type"":""Point"",""coordinates"":[7.650816527553347,52.08454475207088]}"
000000000000000008b2_0,2888.0,2903.0,1995.0,2032.0,1511.0,1390.0,1926.0,1740.0,1498.0,1505.0,6250.0,4647.0,-0.27784638182267224,-0.1559597893729057,0.6133196,0.51072824,12.4,-18.54254353995944,-12.463345300305736,0.6721486334087368,6.079198239653703,0,162,180,2,"{""geodesic"":false,""type"":""Point"",""coordinates"":[8.729244026138833,52.13700636466346]}"
000000000000000008b7_0,3424.0,3375.5,2554.0,2533.5,1409.0,1463.5,1614.0,1673.5,1548.0,1760.5,3711.0,3099.0,-0.01466508125247721,0.05913285559622622,0.41129494,0.27543986,12,-15.507406450697534,-9.970424229497286,0.6429459536767871,5.5369822212002475,39,42,176,2,"{""geodesic"":false,""type"":""Point"",""coordinates"":[8.95831442358931,52.33697134690847]}"
000000000000000008b9_0,2958.0,3336.0,2420.0,3010.0,1542.0,1647.0,1764.0,1957.5,1836.0,2099.0,3272.0,3470.0,-0.0020815986677768525,0.030136467020470053,0.28112763,0.24618423,15.9,-20.290727451573503,-11.729347241861397,0.5780644025629457,8.561380209712105,302,153,190,4,"{""geodesic"":false,""type"":""Point"",""coordinates"":[9.02407110238686,52.01393717073909]}"
000000000000000008bc_0,2953.0,3014.0,2055.0,2025.0,1370.0,1431.0,1728.0,1800.0,1495.0,1626.0,4526.0,5132.0,-0.139984532095901,-0.1716504507721146,0.50340474,0.51879257,11.3,-18.419958174950022,-11.337382427488569,0.6154944718010648,7.082575747461453,90,168,176,2,"{""geodesic"":false,""type"":""Point"",""coordinates"":[9.115339935253402,51.81693662893168]}"
000000000000000008eb_0,2885.0,3315.0,1816.0,2399.0,1406.0,1433.0,1679.0,1688.0,1452.0,1666.0,4211.0,4396.0,-0.12859152099658427,-0.0784458834412581,0.4871976,0.4503464,15.9,-18.65379707244704,-12.906389692690885,0.6918907524599655,5.747407379756156,12,333,176,7,"{""geodesic"":false,""type"":""Point"",""coordinates"":[7.774245047591369,49.568812798894164]}"
000000000000000008ee_0,4447.0,3521.0,3768.0,3020.0,2028.0,1675.0,2282.0,1962.0,2596.0,2134.0,3285.5,2770.0,0.13996681908307368,0.1198019801980198,0.117232,0.12969005,19.5,-21.652199911037194,-13.62744626801757,0.6293792928205411,8.024753643019624,180,163,180,1,"{""geodesic"":false,""type"":""Point"",""coordinates"":[8.01265792399669,49.82519198098188]}"
0000000000000000090d_0,3188.0,4564.5,2869.0,3940.5,1502.0,1853.5,1789.0,2083.0,1759.0,2531.0,3090.0,3389.0,0.03721564105252123,0.15018641595072135,0.27448958,0.14493243,12.6,-20.988306027416343,-11.488763687633739,0.5473888017749665,9.499542339782604,287,42,190,3,"{""geodesic"":false,""type"":""Point"",""coordinates"":[11.078877483281852,52.660185186134676]}"
00000000000000000923_0,4000.0,2819.0,3818.0,2014.5,1723.0,1330.5,2048.0,1602.0,2494.0,1552.5,3148.0,4170.0,0.14280686317641883,-0.11436385737439222,0.11591634,0.45740497,16,-18.96515280920633,-11.814475175798183,0.622957025163701,7.150677633408147,0,173,180,6,"{""geodesic"":false,""type"":""Point"",""coordinates"":[11.50351111808515,51.23527748246429]}"
0000000000000000092a_0,5408.0,3394.0,4769.0,2773.5,2670.0,1567.5,3036.0,1834.5,3470.0,1901.0,4300.0,3788.0,0.1203937405350833,-0.005680484484296512,0.106821105,0.33169276,20,-20.585906297062728,-11.652204307163439,0.5660282398558288,8.933701989899289,28,46,176,3,"{""geodesic"":false,""type"":""Point"",""coordinates"":[11.706081214654102,52.059571587172364]}"
00000000000000000935_0,2734.0,3694.5,2271.0,2723.5,1386.0,1608.5,1568.0,1818.0,1608.0,1989.0,2472.0,3875.0,0.059024390243902436,0.017909913136921286,0.21176471,0.32162347,17.4,-21.668433534399785,-13.482791932013743,0.6222319629431956,8.185641602386042,0,31,180,0,"{""geodesic"":false,""type"":""Point"",""coordinates"":[12.04232062550004,52.39590082954671]}"
00000000000000000948_0,3003.5,3642.5,2846.0,3453.5,1911.5,2276.0,2081.0,2625.0,2201.0,2742.0,2702.0,4084.0,0.060195559177021796,0.0019223978971320962,0.102182336,0.19660123,16.2,-18.559867349351418,-10.190606477732487,0.5490667732648747,8.36926087161893,300,-2,185,2,"{""geodesic"":false,""type"":""Point"",""coordinates"":[8.870279525745596,54.61887183162888]}"
00000000000000000967_0,2654.0,4213.5,2207.0,3943.0,1277.0,2088.5,1474.0,2343.0,1614.0,2704.0,4340.0,3881.0,-0.1364693980778958,0.07356250484984868,0.45784345,0.17873956,14.4,-19.12504720143487,-11.673398215712929,0.610372256484529,7.451648985721942,0,47,180,1,"{""geodesic"":false,""type"":""Point"",""coordinates"":[10.383940779486991,54.29988007423804]}"
00000000000000000968_0,2179.0,3602.0,1664.0,2739.5,1129.5,1589.5,1377.0,1867.5,1218.5,1800.0,3461.0,4540.0,-0.14934902353530297,-0.06308806313142262,0.47921786,0.43217665,13.9,-18.915550927653328,-10.92380882066487,0.5775041320469794,7.9917421069884576,221,40,185,2,"{""geodesic"":false,""type"":""Point"",""coordinates"":[10.444397398108235,54.209868882769264]}"
0000000000000000096b_0,2608.0,2981.5,1876.5,2290.0,1245.5,1544.5,1404.5,1790.5,1437.0,1823.0,3092.0,3828.0,-0.03489412466447957,-0.05581212538076054,0.36542284,0.35480446,11.8,-15.735314581695993,-9.922054951139412,0.6305596815128933,5.813259630556582,30,75,175,3,"{""geodesic"":false,""type"":""Point"",""coordinates"":[10.81279649612565,54.24391503203739]}"
00000000000000000975_0,4203.0,4164.5,4077.0,3798.0,2120.0,1589.0,2576.0,1939.0,3166.0,2085.0,3724.0,4304.0,0.1154166351320669,0.029359687049619106,0.08098694,0.3473157,17,-23.514439449549446,-14.571654599404917,0.6196896434919745,8.942784850144529,332,243,185,3,"{""geodesic"":false,""type"":""Point"",""coordinates"":[10.472604498029588,51.24408097224866]}"
00000000000000000976_0,3032.0,3587.0,2508.0,3003.5,1508.0,1726.5,1802.0,2076.0,1978.0,2328.0,2555.0,3318.0,0.10437561997134355,0.07942880605867056,0.12728877,0.17534538,23.4,-18.38699687259716,-11.408108080022421,0.6204443367815197,6.978888792574738,238,344,190,3,"{""geodesic"":false,""type"":""Point"",""coordinates"":[10.527581393417702,51.04609228362872]}"
00000000000000000979_0,4771.0,3619.0,3794.0,2780.0,2058.0,1459.5,2388.0,1736.0,2880.0,1820.5,3806.0,3677.0,0.13222345541990382,0.028649773071104386,0.13849835,0.33769897,17.7,-21.717934400765778,-13.098982074307932,0.6031412487297162,8.618952326457846,180,230,180,4,"{""geodesic"":false,""type"":""Point"",""coordinates"":[10.757819600737536,51.17059878200769]}"
00000000000000000980_0,4531.0,3186.0,4073.0,2486.0,1974.0,1394.0,2230.0,1606.0,2644.0,1513.0,3354.0,3404.0,0.14772454610893385,-0.010424344529851533,0.11837279,0.3845841,21.8,-21.345855053235844,-13.069998194129127,0.6122967743167463,8.275856859106717,270,145,185,1,"{""geodesic"":false,""type"":""Point"",""coordinates"":[11.27246442700961,51.16610720558709]}"
00000000000000000989_0,4240.0,3319.0,3871.0,2909.0,1874.0,1605.5,2160.0,1885.0,2626.0,2131.0,3156.0,2974.0,0.15433759246805648,0.08679395782441797,0.091663785,0.16513222,21,-20.08184456084603,-11.351398325273326,0.565256756712746,8.730446235572703,90,161,171,3,"{""geodesic"":false,""type"":""Point"",""coordinates"":[11.697277724869732,51.05282964825962]}"
000000000000000023a2_0,3151.0,2564.0,2640.0,1735.0,2144.0,1335.0,2436.0,1724.0,2162.0,1380.0,4348.0,5592.0,-0.09987293519695044,-0.27439977922914177,0.33579108,0.6041308,21.6,-18.277868798316284,-11.326237791464496,0.6196694984760939,6.9516310068517875,51,398,162,7,"{""geodesic"":false,""type"":""Point"",""coordinates"":[7.090716947904825,49.8952605731432]}"
000000000000000026b6_0,2806.0,3439.0,2388.0,2724.5,1394.0,1659.0,1543.0,1884.5,1640.0,2001.0,2687.0,4090.0,0.04280520698956257,-0.02761640897309858,0.24196903,0.34296504,9.2,-19.294097248680025,-12.4432779676693,0.6449266740645555,6.850819281010725,59,34,175,2,"{""geodesic"":false,""type"":""Point"",""coordinates"":[11.553008290240136,52.690907568851564]}"
000000000000000008e5_0,2749.0,2784.0,1959.0,2144.0,1278.0,1436.0,1618.0,1745.0,1392.0,1614.0,4315.0,4165.0,-0.14916786521471131,-0.12031203120312031,0.512178,0.44142586,17.3,-20.52821522386541,-12.467354494409761,0.607327736895297,8.060860729455648,270,312,198,6,"{""geodesic"":false,""type"":""Point"",""coordinates"":[6.77756423986076,49.99479390662364]}"
00000000000000000687_0,6371.5,3443.0,5327.5,2570.0,4541.0,1477.0,4883.0,1832.0,4763.5,1752.0,8392.0,4443.0,-0.07470500249293668,-0.06522717049032839,0.2758162,0.43438256,28.4,-18.69176585304224,-12.522112616104096,0.6699266786538531,6.169653236938146,37,371,176,2,"{""geodesic"":false,""type"":""Point"",""coordinates"":[9.525420862453965,48.61839522829571]}"
000000000000000006f3_0,3478.5,4200.0,3401.5,3182.0,1556.5,1678.0,1750.5,1956.0,2067.0,2260.0,2526.0,3302.0,0.15195263813876195,0.12937062937062938,0.09993468,0.18734269,10.5,-20.775580199936975,-10.776530802321869,0.5187114245961978,9.999049397615106,0,421,180,0,"{""geodesic"":false,""type"":""Point"",""coordinates"":[11.845679409806277,49.755572546462616]}"
000000000000000006fa_0,2877.0,4330.5,2000.0,3358.5,1347.5,1735.0,1766.5,2155.0,1493.0,2430.0,3600.0,3943.0,-0.06198014488865039,0.0870281786389034,0.41370508,0.23740782,10.3,-19.618316911193688,-13.852816423806381,0.7061164567028854,5.765500487387307,298,515,202,8,"{""geodesic"":false,""type"":""Point"",""coordinates"":[12.398772130238665,49.15145551789224]}"
00000000000000000709_0,2858.0,3134.0,1895.0,2621.0,1370.0,1571.0,1602.0,1778.0,1340.0,2052.0,5256.0,3076.0,-0.22431633407243162,0.054815417471778705,0.59369314,0.19968799,18.1,-15.199602624550675,-9.636964800541524,0.6340274175968076,5.562637824009151,32,485,171,5,"{""geodesic"":false,""type"":""Point"",""coordinates"":[11.95078229804826,50.29348373859338]}"
00000000000000000715_0,2510.0,2756.5,1679.0,2035.0,1509.0,1553.0,1964.0,1803.0,1536.0,1818.5,5265.0,5709.5,-0.2521256931608133,-0.22703273495248152,0.5483017,0.5168704,15.6,-17.363070563393975,-10.939189382384527,0.630026200863762,6.423881181009449,258,460,194,4,"{""geodesic"":false,""type"":""Point"",""coordinates"":[9.26571791381501,49.67831743202834]}"
000000000000000007e9_0,3463.5,3045.5,2877.5,2473.5,2202.0,1436.5,2389.0,1812.0,2592.5,1729.5,3738.5,4530.0,0.009627808110698953,-0.11092491737653028,0.18101406,0.44739994,17.3,-17.359879400393172,-11.541164491635014,0.6648182412703643,5.818714908758158,270,274,185,1,"{""geodesic"":false,""type"":""Point"",""coordinates"":[9.957061356473394,51.209046676168]}"
00000000000000000822_0,3490.0,3361.0,2572.0,2766.0,1548.0,1612.0,1917.0,1890.0,1970.0,2019.0,3636.0,4200.5,0.02593010146561443,-0.03864194773285683,0.29718158,0.35075167,12.7,-19.569675023440738,-12.429713447175507,0.63515175557525,7.139961576265231,0,4,180,1,"{""geodesic"":false,""type"":""Point"",""coordinates"":[8.91268000715604,53.00163482562851]}"
00000000000000000861_0,2722.5,2761.5,1947.5,2097.5,1375.5,1375.0,1673.5,1651.0,1497.0,1538.0,3927.0,3709.5,-0.11373660995589162,-0.08365302642796249,0.44800884,0.4138161,30.7,-17.81700093427546,-11.462278699174888,0.6433337878500263,6.354722235100571,180,18,180,2,"{""geodesic"":false,""type"":""Point"",""coordinates"":[7.410247694466139,52.70896370606236]}"
00000000000000000880_0,3854.0,3857.5,3758.0,3078.0,1616.0,1883.0,1886.0,2183.0,2230.0,2376.0,3200.0,3670.0,0.1163302752293578,0.057735544903067065,0.1786372,0.2140258,18.3,-22.167548861424528,-9.767430525017982,0.44061842768800863,12.400118336406546,0,35,180,1,"{""geodesic"":false,""type"":""Point"",""coordinates"":[8.177139452518974,52.776966173070214]}"
0000000000000000089c_0,2723.5,3234.5,1806.0,2391.5,1340.0,1466.5,1902.0,1848.5,1362.0,1585.0,6544.5,4966.0,-0.3173767752715121,-0.1433522929257021,0.65547335,0.5161044,20.5,-20.269633827480966,-11.662724230237236,0.5753791276892857,8.60690959724373,0,41,180,2,"{""geodesic"":false,""type"":""Point"",""coordinates"":[6.976630906821645,52.12317230928802]}"
000000000000000008d2_0,2964.0,2787.5,2292.0,2094.0,1358.0,1383.5,1634.0,1644.0,1620.0,1665.5,3256.0,3726.5,-0.0032615786040443573,-0.06870229007633588,0.33552092,0.38223293,15.2,-18.775648319829426,-11.81683276366477,0.629370158748911,6.958815556164655,58,263,171,3,"{""geodesic"":false,""type"":""Point"",""coordinates"":[7.64039607025756,50.60960088707505]}"
000000000000000008de_0,3196.5,3169.0,2502.0,2329.0,1446.0,1365.0,1752.0,1670.0,1875.0,1537.0,3273.5,4528.0,0.03595138392401185,-0.11199169732993679,0.27163252,0.49315745,17.3,-18.443058329125602,-10.2956409081954,0.5582393507879516,8.147417420930202,163,370,176,5,"{""geodesic"":false,""type"":""Point"",""coordinates"":[6.561160087916367,49.89840467663762]}"
00000000000000000914_0,4712.0,2921.0,3949.0,2253.5,2004.0,1638.0,2200.0,1894.0,2454.0,1978.5,3692.0,4235.0,0.11429015705178044,-0.09036899512647946,0.20143183,0.36316085,24.6,-17.8662695714833,-8.479518786581583,0.4746104805289576,9.386750784901718,162,337,176,5,"{""geodesic"":false,""type"":""Point"",""coordinates"":[11.254677784384043,51.56190491977015]}"
00000000000000000933_0,2685.0,3380.0,2081.0,2557.0,1756.0,1480.0,2246.0,1708.0,1896.0,1704.0,4584.0,4420.0,-0.16106583646186245,-0.07428987618353969,0.4148148,0.44350097,11.7,-20.860351876274414,-13.833015664111368,0.6631247519771893,7.027336212163046,0,50,180,0,"{""geodesic"":false,""type"":""Point"",""coordinates"":[11.958238314906453,51.82196719452275]}"
0000000000000000095a_0,2227.0,2808.0,1841.0,2060.5,1484.0,1368.0,1676.0,1584.0,1798.0,1504.0,3858.0,4382.0,-0.14059997864844667,-0.14291393361160803,0.364215,0.48895684,17.5,-18.643330237499207,-11.528357832719774,0.6183636553050821,7.114972404779433,221,25,185,2,"{""geodesic"":false,""type"":""Point"",""coordinates"":[9.644627300656625,54.55158801684833]}"
00000000000000000972_0,3624.0,3467.0,3061.5,2748.0,2187.5,1643.0,2446.0,2029.0,2755.0,2068.0,3240.5,3790.0,0.08054543914626916,0.009299781181619256,0.0809774,0.293957,27.9,-19.56371445913517,-10.92788373223595,0.5585791877642762,8.63583072689922,58,351,166,5,"{""geodesic"":false,""type"":""Point"",""coordinates"":[10.329413041740935,51.24453012989072]}"
00000000000000000974_0,3507.0,2964.5,3005.0,2380.5,2514.0,1480.0,2655.0,1753.0,2725.0,1695.0,3689.5,3647.0,0.002291825821237586,-0.04776988708935779,0.15036246,0.36540622,17.4,-21.07269786636867,-12.075164505876318,0.5730241368452342,8.997533360492353,180,474,180,9,"{""geodesic"":false,""type"":""Point"",""coordinates"":[10.41610046665847,51.33418199524585]}"
00000000000000000987_0,4671.0,3051.0,4466.0,2704.0,2262.0,1613.5,2714.0,1848.0,3186.0,2183.0,3668.0,2667.0,0.1397693479364619,0.10021546061274897,0.0703239,0.099793814,20.7,-21.77030346339521,-13.3089379871981,0.6113345185828885,8.461365476197109,302,428,194,5,"{""geodesic"":false,""type"":""Point"",""coordinates"":[11.654697580402466,50.65784041783226]}"
0000000000000000098c_0,3268.0,3028.0,2245.0,2423.0,1461.0,1543.0,1819.0,1813.0,1618.0,1792.0,4812.0,3797.0,-0.12429429160319025,-0.051181102362204724,0.49673405,0.3587404,16.1,-18.80520555224325,-13.627776668055384,0.7246810799379825,5.177428884187867,58,296,176,2,"{""geodesic"":false,""type"":""Point"",""coordinates"":[12.004681215095431,50.90406863720942]}"
000000000000000006c7_0,3200.0,3944.5,2896.0,3393.0,1434.0,1804.0,1791.5,2245.0,2109.0,2418.0,2724.5,4278.0,0.12152099287034591,0.022540077946080598,0.12734044,0.2777778,10.4,-23.48664603288027,-12.222244840691125,0.5203912394975647,11.264401192189144,270,381,189,3,"{""geodesic"":false,""type"":""Point"",""coordinates"":[11.64382796546462,48.71523361592379]}"
00000000000000000714_0,4277.0,3518.5,3652.0,2671.5,3018.0,1589.0,3046.0,1937.5,2940.0,1914.0,4823.0,4430.0,-0.0414397662372161,-0.05121599790420469,0.24256086,0.3965952,8.8,-15.0043473334681,-7.759785476556479,0.5171691446550167,7.244561856911622,129,329,162,7,"{""geodesic"":false,""type"":""Point"",""coordinates"":[9.148577600765824,50.03719438803408]}"
0000000000000000075e_0,3297.5,5137.5,2608.5,5266.5,1488.5,2322.0,1788.5,2741.0,1687.0,3262.0,3830.5,4051.0,-0.03246469646236716,0.13718057200880013,0.38849115,0.10789006,9.5,-22.85403837391685,-13.689855770373931,0.5990125485217556,9.164182603542919,121,37,175,2,"{""geodesic"":false,""type"":""Point"",""coordinates"":[12.801397040581035,52.776067857786096]}"
00000000000000000761_0,2765.5,3032.0,2338.5,2316.5,1390.5,1451.5,1700.5,1760.5,1495.0,1598.0,3375.0,4103.0,-0.055949479282074006,-0.09077519760420247,0.38603696,0.4393966,28.3,-20.878822514780392,-14.623467677357485,0.700397144858401,6.255354837422907,301,29,185,2,"{""geodesic"":false,""type"":""Point"",""coordinates"":[12.822866775871491,52.649674897310476]}"
00000000000000000779_0,3127.0,3731.5,2039.5,2796.0,1325.0,1437.0,1630.0,1672.5,1339.5,1715.5,4944.0,3728.0,-0.16790088957198082,0.026573690162080662,0.57364523,0.369707,10.7,-21.010661101467672,-13.202555420365677,0.6283741076306937,7.8081056811019955,90,67,175,2,"{""geodesic"":false,""type"":""Point"",""coordinates"":[13.869134587285497,53.10628855622843]}"
0000000000000000084f_0,3431.0,3283.0,3280.0,2890.5,1689.0,1818.5,1954.0,2051.0,2150.0,2229.0,3046.0,3189.0,0.08200853043815433,0.047958553163173157,0.17244034,0.17718716,9.5,-20.87179677783057,-13.647532863627067,0.653874364957553,7.2242639142035046,59,85,171,4,"{""geodesic"":false,""type"":""Point"",""coordinates"":[10.401008769885262,52.880002936158725]}"
00000000000000000857_0,2974.0,3733.5,2093.0,3256.0,1308.0,1495.0,1526.0,1752.0,1421.0,2020.5,3011.0,3031.0,0.008721597429423916,0.11945525291828794,0.35875452,0.2000396,9.6,-19.5512527881683,-11.998960763147107,0.6137182559681514,7.552292025021192,0,17,180,1,"{""geodesic"":false,""type"":""Point"",""coordinates"":[11.32402772431807,52.945310457314214]}"
000000000000000008a2_0,3089.5,2947.0,2178.0,2376.0,1443.0,1418.0,1804.0,1626.0,1465.0,1538.0,4690.0,3974.0,-0.14769590643274855,-0.09182950288549155,0.5239643,0.44194484,15.2,-19.536254116012508,-12.657949077479028,0.647920988451117,6.87830503853348,302,48,185,2,"{""geodesic"":false,""type"":""Point"",""coordinates"":[7.323650101077017,52.18551539000592]}"
0000000000000000092c_0,3543.0,3694.5,2548.0,3121.5,1360.0,1558.5,1780.0,1746.0,1626.0,1896.0,4945.0,3242.0,-0.09900644936377898,0.07602733134443268,0.50509816,0.26196963,17.1,-19.790298155313874,-12.181666465818104,0.6155372885348479,7.60863168949577,0,29,180,0,"{""geodesic"":false,""type"":""Point"",""coordinates"":[11.847925198016576,52.66871918133381]}"
0000000000000000093d_0,5672.0,3487.0,4919.5,2525.5,4372.5,1385.0,4329.0,1697.0,4258.0,1623.5,6340.5,4366.0,-0.03793053335271036,-0.0589697555586245,0.19649006,0.45788464,8.2,-23.42188880166117,-14.5387904990857,0.6207351858853738,8.883098302575469,180,30,180,1,"{""geodesic"":false,""type"":""Point"",""coordinates"":[12.280014849678064,52.44548783323011]}"
000000000000000006c5_0,2639.0,4008.0,2234.0,3693.0,1337.0,1938.0,1637.0,2340.0,1842.0,2710.0,2406.0,3562.0,0.08973735408560311,0.09968898346701588,0.13276836,0.13584183,14.9,-19.116544091144466,-11.051963264889864,0.5781360486600488,8.064580826254602,159,484,172,8,"{""geodesic"":false,""type"":""Point"",""coordinates"":[11.608614006327134,48.463795167898745]}"
000000000000000008ad_0,3024.5,4272.0,2918.0,3436.0,1491.5,1769.0,1594.5,2006.0,1795.5,2316.0,2488.0,3732.0,0.09551679072674583,0.08991645297377782,0.16166686,0.23412699,13.2,-19.855861424170158,-11.58144319555908,0.5832757868395079,8.274418228611077,0,56,180,3,"{""geodesic"":false,""type"":""Point"",""coordinates"":[8.064580547418798,51.966146797623935]}"
00000000000000000956_0,3386.0,3147.0,2348.0,2132.0,1436.0,1404.5,1820.0,1639.0,1441.0,1482.0,6220.0,4946.0,-0.2266282143715453,-0.15679220365226104,0.6238089,0.5388923,17.8,-20.010833307528358,-13.07402641597475,0.6533474251197783,6.9368068915536085,0,31,180,1,"{""geodesic"":false,""type"":""Point"",""coordinates"":[9.519581813107187,54.67699283051141]}"
0000000000000000068a_0,6455.0,4428.5,5136.0,4122.0,5276.0,2159.0,5384.0,2676.0,5492.0,3119.0,7048.0,3903.0,-0.015532940546331012,0.1091516955068151,0.12408294,0.1116491,16.3,-17.979122296482252,-10.765122910693538,0.598756865500593,7.213999385788714,217,439,185,2,"{""geodesic"":false,""type"":""Point"",""coordinates"":[9.76679817929688,49.19484414611521]}"
0000000000000000068d_0,2168.0,2879.0,1799.0,2518.0,1343.0,1592.0,1524.0,1828.0,1592.0,2006.0,2100.0,2531.0,0.04400944051089824,0.08459147424511546,0.1375948,0.11571523,19.1,-18.75872351001437,-11.679860631920178,0.6226362164613636,7.078862878094192,0,97,180,1,"{""geodesic"":false,""type"":""Point"",""coordinates"":[8.632675133095983,49.52856827416561]}"
000000000000000006ab_0,7061.5,3059.0,5927.0,2557.0,7039.0,1461.0,7251.0,1746.0,7174.5,1960.0,9056.0,3066.0,-0.06129042893409383,0.051539912005028284,0.115923725,0.22005571,34.5,-18.976261144543543,-13.187924014132959,0.6949695682241931,5.788337130410584,207,782,185,3,"{""geodesic"":false,""type"":""Point"",""coordinates"":[9.527666650664262,48.38447392831099]}"
000000000000000006c6_0,3400.0,4175.5,2874.5,3437.0,1471.0,1826.0,1781.5,2214.0,2096.0,2488.0,2610.0,4058.0,0.147749817270544,0.06212392906953577,0.10922227,0.23984112,15.5,-20.039906928074448,-12.662082422738477,0.6318433747314377,7.377824505335971,288,497,198,6,"{""geodesic"":false,""type"":""Point"",""coordinates"":[11.633317676640422,48.39139095599871]}"
000000000000000006d1_0,2876.0,3161.0,2315.0,2200.5,1430.0,1377.5,1806.0,1611.0,1400.0,1513.5,5684.0,4514.5,-0.2491659350307287,-0.1152226375810344,0.60474306,0.49784338,34.8,-18.70607943773154,-11.608472882258908,0.620572200652787,7.09760655547263,0,505,180,4,"{""geodesic"":false,""type"":""Point"",""coordinates"":[12.189823995152464,48.14776785094549]}"
000000000000000006d5_0,2719.0,3385.5,2063.0,2675.0,1360.0,1624.5,1602.0,2017.5,1541.0,2083.0,3410.0,4138.0,-0.05647840531561462,-0.02617754429703499,0.3774995,0.33033276,22.5,-17.97136827950545,-10.443063672761976,0.5810945227065012,7.528304606743475,180,440,180,8,"{""geodesic"":false,""type"":""Point"",""coordinates"":[12.101789097308751,48.61749691301159]}"
000000000000000006d6_0,2214.0,3968.0,1557.0,3388.0,1142.0,1898.0,1553.0,2270.0,1200.0,2700.0,2476.0,3756.0,-0.02901023890784983,0.08229183574095114,0.34711644,0.16356878,13.1,-19.305003728014686,-12.201948062781977,0.6320614196554116,7.103055665232709,21,431,176,4,"{""geodesic"":false,""type"":""Point"",""coordinates"":[12.242195776216633,48.7227794643104]}"
000000000000000006df_0,2913.0,3286.5,1982.0,2218.0,1245.0,1352.5,1723.0,1651.5,1557.0,1556.0,4172.0,4985.5,-0.09578234044705168,-0.13375967085550736,0.45644963,0.52426815,15.4,-19.794231952606715,-11.943769612173405,0.6033964662417994,7.85046234043331,339,446,189,8,"{""geodesic"":false,""type"":""Point"",""coordinates"":[12.719560518197747,49.0000893925181]}"
000000000000000006e6_0,2593.0,3384.0,2412.0,2842.0,1705.0,1642.0,1932.0,2067.0,1882.0,2179.0,3325.0,3674.5,-0.0583903208837454,0.022657291235810468,0.27712694,0.25548816,23,-17.81556885965809,-8.999596708625983,0.5051534856686412,8.815972151032106,153,509,176,3,"{""geodesic"":false,""type"":""Point"",""coordinates"":[13.061908472975697,48.34315142524149]}"
000000000000000006e7_0,1643.0,4313.0,1583.0,4008.5,921.0,2153.0,1212.0,2648.0,1349.0,3021.0,1672.0,3566.0,0.07144136078782452,0.12372634643377002,0.10691824,0.08273873,10.8,-16.944010713380923,-10.341609531005053,0.6103401199361931,6.6024011823758695,31,393,172,5,"{""geodesic"":false,""type"":""Point"",""coordinates"":[13.073945897782897,48.5408706192762]}"
000000000000000006e9_0,1923.5,4343.0,1689.0,3736.0,1156.0,2172.0,1347.0,2338.0,1409.0,2852.0,1902.0,3762.0,0.042954385415851656,0.0960469190341991,0.14889762,0.13758694,15.6,-15.65439090425819,-8.12473524448343,0.5190067945903536,7.529655659774759,30,422,167,8,"{""geodesic"":false,""type"":""Point"",""coordinates"":[13.12002947185823,48.84566899517795]}"
000000000000000006f5_0,2729.0,3846.0,2004.0,3122.0,1268.0,1604.0,1643.0,2030.0,1400.0,2134.0,3940.0,4520.0,-0.11556174360072828,-0.011896893588896233,0.47565544,0.3585813,10.8,-21.508942164206225,-12.744425056871695,0.5925175194380379,8.76451710733453,270,394,189,3,"{""geodesic"":false,""type"":""Point"",""coordinates"":[12.1592812754924,49.318272666153234]}"
000000000000000006f9_0,2723.0,3575.0,1897.5,3323.5,1294.0,1736.0,1745.0,1997.5,1446.5,2242.0,4678.0,3084.0,-0.17773504905585957,0.09372943499106891,0.5276349,0.15809238,46.1,-18.34516207478366,-10.774584746842798,0.5873256776320882,7.57057732794086,0,321,180,0,"{""geodesic"":false,""type"":""Point"",""coordinates"":[12.390956787266825,48.9895791036939]}"
0000000000000000070a_0,2296.0,3826.5,1652.0,3683.5,1342.0,1819.0,1648.0,2142.0,1427.0,2537.0,4344.0,3091.0,-0.20863003507280264,0.12893067813899853,0.50545835,0.09843639,21.1,-17.448913723367276,-8.688777411193099,0.49795520505997126,8.760136312174177,303,353,185,2,"{""geodesic"":false,""type"":""Point"",""coordinates"":[10.151905941598919,49.51868680604029]}"
0000000000000000072b_0,3207.0,3910.5,2111.0,3274.5,1336.0,1882.0,1802.0,2197.0,1418.0,2456.0,6612.0,3822.0,-0.26429650839099655,0.0548858787954103,0.6468244,0.21758522,24.6,-16.021291638558807,-9.045073627415368,0.5645658185040702,6.976218011143439,124,572,159,8,"{""geodesic"":false,""type"":""Point"",""coordinates"":[10.551296916918458,48.2041820507882]}"
0000000000000000072e_0,1856.0,3553.5,1625.0,3090.0,1208.0,1741.0,1327.0,1963.0,1374.0,2240.0,1719.0,3168.0,0.04921227870716258,0.08264424199953282,0.111542195,0.17159763,18,-18.10440776168074,-10.383943388118606,0.573558855103615,7.720464373562134,56,420,176,2,"{""geodesic"":false,""type"":""Point"",""coordinates"":[10.554890178054936,48.52802471071329]}"
00000000000000000742_0,2245.5,3621.0,1608.5,3133.0,1231.5,1590.0,1417.0,1752.0,1255.5,1917.0,3335.5,2860.0,-0.13212692117005453,0.10893071686023229,0.45306033,0.19740424,8.2,-19.82221716781452,-12.605736797355021,0.6359397987942059,7.2164803704595,259,52,195,5,"{""geodesic"":false,""type"":""Point"",""coordinates"":[11.897691864756796,53.1353939714339]}"
00000000000000000746_0,2828.0,4482.5,2543.0,4361.0,1472.5,1975.0,1598.0,2324.0,1726.0,2833.0,2446.0,3569.0,0.0750073768073178,0.13775807768575762,0.1725791,0.114964075,7,-20.66974216156506,-10.72517149375534,0.5188826938392374,9.944570667809721,0,102,180,1,"{""geodesic"":false,""type"":""Point"",""coordinates"":[12.266180794302624,52.17608307952266]}"
0000000000000000074d_0,4033.5,4300.5,3329.0,3651.5,1966.0,1767.0,2230.0,1980.0,2165.0,2213.0,4006.0,3692.0,0.0186105747504211,0.08807684276466904,0.2983309,0.25046572,8.7,-20.585152189923885,-11.416632042398474,0.5546051803292831,9.168520147525411,121,55,175,2,"{""geodesic"":false,""type"":""Point"",""coordinates"":[12.403443369716086,53.09038837569951]}"
0000000000000000074f_0,3097.0,4233.0,2604.0,3809.0,1719.0,1857.0,1944.0,2238.0,1859.0,2566.0,3800.0,3876.0,-0.05374701670644391,0.08506224066390042,0.34299347,0.203353,9.5,-18.580338858740486,-13.463749660488622,0.7246234723084752,5.116589198251864,0,76,180,1,"{""geodesic"":false,""type"":""Point"",""coordinates"":[12.4403641278934,53.21552369477736]}"
00000000000000000775_0,4283.0,4451.5,3779.0,3843.5,1850.0,1884.5,2134.0,2234.0,2304.0,2560.0,3708.0,3938.0,0.08472622478386167,0.09264453794608073,0.23353294,0.21206525,13.8,-19.984142782093414,-12.812891006012613,0.6411528953592882,7.171251776080801,220,44,190,5,"{""geodesic"":false,""type"":""Point"",""coordinates"":[13.735465273008513,53.29035335794452]}"
0000000000000000079d_0,3344.0,2740.0,2703.0,1923.0,1803.0,1366.0,2106.0,1763.0,2400.0,1496.0,3318.0,5116.0,0.05734008283479061,-0.20955402127262548,0.16054565,0.5474894,17.2,-18.463374643710388,-10.637326224080486,0.5761312018712748,7.8260484196299025,0,252,180,7,"{""geodesic"":false,""type"":""Point"",""coordinates"":[9.057757925541342,50.396161175568245]}"
000000000000000007fa_0,3469.0,3261.0,2752.0,2618.5,1522.0,1504.5,1817.0,1772.0,1818.0,1802.0,4516.0,4388.0,-0.06631346578366445,-0.07571539409429054,0.42595518,0.4177706,10.5,-20.215996434960118,-12.80552386680958,0.6334352060264816,7.410472568150539,0,14,180,1,"{""geodesic"":false,""type"":""Point"",""coordinates"":[14.143839401169247,53.475046980359494]}"
00000000000000000804_0,8758.0,3602.5,7351.0,3053.5,10160.0,1837.0,10000.0,2140.0,9984.0,2519.0,10742.0,3205.0,-0.05448491575017657,0.09669906391364716,0.036572423,0.11984626,23.4,-20.19282761225692,-12.029162935582459,0.595714635244092,8.163664676674461,0,151,180,3,"{""geodesic"":false,""type"":""Point"",""coordinates"":[10.247396856300824,51.98177748356761]}"
0000000000000000082c_0,2664.0,2943.0,2436.0,2606.0,1453.5,1566.0,1667.0,1828.0,1766.0,1848.0,2845.5,2640.0,0.01500744644289151,0.0650216738912971,0.23408869,0.1764706,20.6,-21.128805451348754,-12.977243939576487,0.6141967641974804,8.151561511772266,0,45,180,1,"{""geodesic"":false,""type"":""Point"",""coordinates"":[9.33515768527745,52.64518332088988]}"
00000000000000000839_0,2606.0,3864.5,1988.5,3250.0,1514.5,2071.0,1743.0,2378.0,1632.0,2381.0,3283.0,3858.0,-0.061922417132422115,0.02599696086081564,0.33591047,0.23673666,19.2,-16.936310618977004,-10.294848741447579,0.6078566325957839,6.641461877529425,40,1,175,2,"{""geodesic"":false,""type"":""Point"",""coordinates"":[8.530896011405241,53.716603960259235]}"
0000000000000000083d_0,2509.5,3453.5,1820.0,2857.0,1403.0,1717.0,1522.0,1902.0,1504.0,2154.0,2710.0,3395.0,-0.012243893435058143,0.046224170903493636,0.2861889,0.2236439,12.4,-17.04191321237157,-9.492601418552958,0.5570150076613352,7.54931179381861,209,28,185,3,"{""geodesic"":false,""type"":""Point"",""coordinates"":[8.785478562924714,53.28801773820581]}"
00000000000000000842_0,3143.5,3577.0,2471.5,3092.0,1554.5,1734.0,1916.0,1985.0,1924.0,2086.0,3700.5,3658.0,-0.018164204407846937,0.024513794663048396,0.3158503,0.27367687,10.8,-19.143936193563192,-11.492659555690068,0.6003289730747363,7.651276637873124,59,24,175,2,"{""geodesic"":false,""type"":""Point"",""coordinates"":[9.267694207440073,53.14806021693999]}"
00000000000000000845_0,3069.5,3100.0,2403.0,2435.0,1615.5,1580.0,1843.0,1772.0,1936.0,1820.0,3337.0,3302.0,0.0053223538863225546,0.0038767598449296063,0.26569316,0.2893401,25.3,-19.29534068484262,-11.075083100228317,0.5739770694449725,8.220257584614304,140,48,175,2,"{""geodesic"":false,""type"":""Point"",""coordinates"":[9.478888130736573,52.987441444139414]}"
00000000000000000858_0,3450.0,3553.5,2927.0,2933.0,1276.5,1478.5,1452.5,1658.0,1462.0,1774.5,2963.0,3174.0,0.07348522100202153,0.06768197986072842,0.33920905,0.28281298,15.6,-18.27281026399695,-12.49737262933153,0.6839327092426059,5.775437634665419,270,14,185,2,"{""geodesic"":false,""type"":""Point"",""coordinates"":[6.856166827221218,52.58769114270623]}"
00000000000000000863_0,2967.0,3811.5,2568.5,3254.5,1424.5,1717.0,1552.0,1924.0,1686.5,2031.5,2384.0,3778.0,0.09985818955329709,0.030693243958370083,0.17135487,0.30062827,15.7,-16.860441899820774,-7.278693685861754,0.4317024268467795,9.58174821395902,121,28,176,2,"{""geodesic"":false,""type"":""Point"",""coordinates"":[7.5906294035173385,52.658747881680085]}"
00000000000000000868_0,2909.0,3070.0,2459.0,2560.0,3118.0,1604.0,2914.0,1808.0,2584.0,2076.0,3856.0,2913.0,-0.11879361514398011,0.06509365621442616,0.19751553,0.16776909,17.7,-18.587954375205562,-9.594017424382326,0.5161416490875278,8.993936950823237,0,-1,180,0,"{""geodesic"":false,""type"":""Point"",""coordinates"":[7.6523436635363495,53.16342140829843]}"
0000000000000000086c_0,3124.0,3866.5,2709.0,3554.0,1534.0,1783.5,1826.0,2030.5,1870.0,2201.0,3138.0,3384.0,0.03331264225118974,0.0801068090787717,0.2531949,0.21181737,21.2,-21.60791584480851,-11.406704971918153,0.5278947332932488,10.201210872890357,209,75,185,3,"{""geodesic"":false,""type"":""Point"",""coordinates"":[7.77613150968802,52.50055456014663]}"
0000000000000000086e_0,5278.0,3475.0,4888.0,2700.0,1905.0,1512.0,2074.0,1782.5,2456.0,1691.0,5775.0,4280.0,0.0035033086804203972,-0.05712721299507209,0.40323168,0.43359572,17.9,-20.101129138533143,-12.347257159548146,0.6142568944487251,7.753871978984996,239,36,185,2,"{""geodesic"":false,""type"":""Point"",""coordinates"":[7.818082833456401,52.84290251492459]}"
00000000000000000872_0,2302.0,3063.0,1714.0,2449.0,1192.0,1373.5,1255.0,1499.0,1192.0,1476.5,2418.0,2813.0,-0.01632882882882883,0.04045381618152647,0.3396122,0.3115748,20.9,-17.528759477545396,-11.987073409978686,0.683851782285809,5.54168606756671,331,4,185,3,"{""geodesic"":false,""type"":""Point"",""coordinates"":[7.861561293207786,53.167284164020145]}"
00000000000000000876_0,2663.0,3314.5,1985.0,2575.5,1440.0,1519.0,1617.0,1773.5,1471.0,1688.5,3830.0,3790.0,-0.1207996597192684,-0.029674166020170676,0.44501036,0.3835904,26.9,-17.33069177252053,-9.952628086155542,0.5742776005015787,7.378063686364989,90,4,175,2,"{""geodesic"":false,""type"":""Point"",""coordinates"":[7.9195924605619075,53.20429475372587]}"
0000000000000000087d_0,3121.5,2835.0,2618.5,2163.0,1583.5,1472.0,1786.0,1684.0,1886.5,1651.0,3519.0,3896.0,-0.009346718757727116,-0.08950679926933225,0.30200723,0.4047233,12.6,-19.77343944244597,-11.554453091188302,0.5843420981372283,8.218986351257668,0,90,180,0,"{""geodesic"":false,""type"":""Point"",""coordinates"":[8.175881811121206,52.09379739949732]}"
0000000000000000087e_0,2994.0,3059.5,2214.0,2241.0,1562.0,1487.5,1930.0,1755.5,1717.0,1637.0,4252.0,4437.0,-0.10479809976247031,-0.11561999811693814,0.42469424,0.46098122,10.9,-18.37339645131369,-11.325188610981192,0.6163905863018292,7.048207840332497,90,122,157,8,"{""geodesic"":false,""type"":""Point"",""coordinates"":[8.166269837581128,52.327359373368395]}"
0000000000000000087f_0,2877.0,3062.5,2491.5,2503.5,1452.0,1455.0,1583.0,1627.0,1536.0,1686.0,3749.0,3282.0,-0.08196380278760142,0.001212376785620157,0.41873226,0.32125604,54.7,-16.90774354533463,-11.174380870292653,0.6609031441913497,5.733362675041976,90,3,175,2,"{""geodesic"":false,""type"":""Point"",""coordinates"":[8.12359986158545,53.333472491582256]}"
00000000000000000881_0,3125.5,3100.0,2009.0,2520.0,1395.5,1492.0,1822.5,1741.0,1392.5,1780.0,5310.0,4142.0,-0.1949035505858244,-0.07171390526916492,0.5844834,0.39885175,13.7,-20.152091958753473,-13.02062188236473,0.6461176293267636,7.131470076388743,229,81,204,10,"{""geodesic"":false,""type"":""Point"",""coordinates"":[8.228523086770611,52.23842616024056]}"
00000000000000000883_0,3122.0,3144.0,3151.0,2469.5,1438.0,1385.0,1588.0,1669.5,1703.0,1414.0,4748.0,5328.0,-0.12360366905821452,-0.19119865140626385,0.47201985,0.5805399,24.5,-21.468105003900476,-11.623458339840752,0.5414291730792691,9.844646664059724,0,13,180,2,"{""geodesic"":false,""type"":""Point"",""coordinates"":[8.287183074823616,52.994358471827134]}"
00000000000000000884_0,3167.0,3115.5,2388.0,3103.5,1422.0,1619.5,1592.0,1700.5,1632.0,1795.0,2582.0,2410.0,0.09031012154947177,0.09854586129753914,0.22543901,0.14625446,33.2,-20.074943083208286,-11.711938683179644,0.5834108039377761,8.363004400028641,270,4,185,2,"{""geodesic"":false,""type"":""Point"",""coordinates"":[8.313503712648318,53.08463915788115]}"
00000000000000000890_0,3503.0,4000.0,2727.5,3664.5,1479.5,1869.5,1749.5,2201.0,1961.5,2646.0,3470.5,3514.0,0.04940227567334005,0.10495033043767406,0.27779824,0.14090909,14.6,-16.241172675563757,-8.596491838989927,0.529302410036197,7.64468083657383,133,173,171,4,"{""geodesic"":false,""type"":""Point"",""coordinates"":[6.177669293125743,50.85825455771933]}"
00000000000000000897_0,3079.5,4088.0,2598.5,3779.5,1319.5,1862.0,1526.0,2146.0,1732.0,2521.0,2340.0,3348.0,0.13599338921024673,0.1183687283188087,0.14931238,0.14090987,16.9,-17.897344606104223,-9.489007023648293,0.5301907759216912,8.40833758245593,122,27,176,2,"{""geodesic"":false,""type"":""Point"",""coordinates"":[6.774959125536813,52.08184980621853]}"
0000000000000000089b_0,3273.0,3373.5,2886.0,2261.0,1399.5,1344.0,1721.0,1702.0,1844.0,1570.5,3667.0,4719.5,0.0049590023076545395,-0.10170338405632523,0.33079296,0.5006359,14.5,-22.65774522838374,-14.999810428302853,0.6620169075567298,7.657934800080886,0,59,180,3,"{""geodesic"":false,""type"":""Point"",""coordinates"":[6.890392639546172,52.102960215395335]}"
000000000000000008ae_0,3080.5,2931.0,2140.5,2369.0,1498.5,1575.0,1807.0,1772.0,1815.0,1870.0,4787.5,2644.0,-0.12435719715601663,0.06452328159645233,0.45020825,0.17146654,11,-16.113453138554263,-9.630532910740305,0.5976703334741804,6.482920227813958,200,142,190,9,"{""geodesic"":false,""type"":""Point"",""coordinates"":[8.131055878443643,51.769415750401755]}"
000000000000000008c8_0,2958.5,4070.0,2258.5,3469.0,1521.0,1838.0,1843.0,2112.0,1819.5,2588.0,2886.5,3514.0,0.040335311088128024,0.10874271440466278,0.22673184,0.15175353,20.3,-19.607148642873383,-11.724878488361918,0.5979899832413197,7.882270154511465,280,354,212,10,"{""geodesic"":false,""type"":""Point"",""coordinates"":[8.210197454974573,51.23123506368575]}"
000000000000000008cb_0,3288.5,3523.0,2342.0,3009.0,1480.5,1712.0,1773.0,1960.0,1818.0,2222.0,3921.5,3473.0,-0.02812009325783889,0.05123513266239707,0.36649534,0.21966638,22.7,-16.657562177861344,-8.274539368669284,0.4967437179773234,8.38302280919206,122,80,171,4,"{""geodesic"":false,""type"":""Point"",""coordinates"":[8.423188008839311,51.70177260950756]}"
000000000000000008e3_0,3104.0,3622.0,2550.0,3497.0,1483.0,1636.0,1693.0,1870.0,1836.0,2180.0,3166.0,3320.0,0.030347272916883928,0.07863915225878416,0.26589364,0.20727272,19.3,-18.730492722534937,-9.602767840176185,0.5126810053759531,9.127724882358752,123,295,167,5,"{""geodesic"":false,""type"":""Point"",""coordinates"":[6.752141917320177,49.95805281150315]}"
000000000000000008f1_0,1853.0,3813.0,1535.0,3466.0,1299.0,1927.5,1385.0,2315.0,1437.0,2531.0,1708.0,3772.0,0.0449420358901064,0.05351434383692448,0.08616852,0.19689037,9.3,-18.824277582705182,-10.688533837713557,0.5678057917895163,8.135743744991625,237,111,185,2,"{""geodesic"":false,""type"":""Point"",""coordinates"":[8.287542400937264,49.128009488976716]}"
000000000000000008f4_0,2901.0,3742.0,2363.0,3313.0,1269.0,1860.0,1390.0,2060.0,1519.0,2324.0,2715.0,3259.0,0.05188005711565921,0.08466696468484577,0.2824752,0.16747269,13.3,-15.82878299475071,-8.512692366014452,0.5377982861245562,7.316090628736259,123,94,171,3,"{""geodesic"":false,""type"":""Point"",""coordinates"":[8.444478081072944,49.36417657717174]}"
00000000000000000903_0,2668.5,3646.0,2029.0,3390.5,1438.5,1811.0,1690.0,2039.0,1527.5,2358.0,4378.0,3008.0,-0.16184769038701624,0.10948905109489052,0.48268563,0.12113306,10.6,-16.80756366269908,-9.173619503200097,0.5458030495852919,7.633944159498984,0,106,180,1,"{""geodesic"":false,""type"":""Point"",""coordinates"":[12.549778929499157,51.50486189922856]}"
00000000000000000919_0,4457.0,3401.5,3675.0,2631.5,1896.0,1469.0,2196.0,1742.0,2504.0,1703.0,4008.0,4436.0,0.08216090167120094,-0.07270993233116854,0.23095824,0.44518653,19.7,-17.104119974267732,-8.974408817046065,0.5246928126409076,8.129711157221667,238,109,185,2,"{""geodesic"":false,""type"":""Point"",""coordinates"":[11.38475383752455,52.04582736332534]}"
00000000000000000927_0,4044.0,3615.5,3871.0,3067.0,1608.5,1531.0,1754.5,1812.0,2088.0,1897.5,2882.5,3441.0,0.15447613668455237,0.05159752026704816,0.15984307,0.28912616,20.4,-19.272932476812134,-11.773636522512803,0.6108897302825106,7.499295954299331,58,205,176,2,"{""geodesic"":false,""type"":""Point"",""coordinates"":[11.622448061702574,51.359604317786435]}"
0000000000000000092e_0,2849.0,2831.5,2457.0,1932.5,1273.0,1271.5,1428.0,1502.5,1610.0,1486.0,2016.0,4236.0,0.15100671140939598,-0.12111959287531807,0.11196911,0.4806012,29.5,-20.422335573897897,-12.36494164427313,0.605461681869382,8.057393929624766,73,23,161,6,"{""geodesic"":false,""type"":""Point"",""coordinates"":[11.883678146324531,52.812000469150874]}"
00000000000000000939_0,2748.5,3751.0,2031.5,3056.5,1409.0,1617.5,1730.0,1946.0,1590.0,2068.0,4254.0,4275.5,-0.13243013547967805,-0.006318306010928962,0.45585215,0.347994,9.4,-19.338784120334736,-12.118367052502666,0.6266354170508682,7.22041706783207,302,81,185,2,"{""geodesic"":false,""type"":""Point"",""coordinates"":[12.169791564316599,51.998036990210174]}"
0000000000000000093a_0,4285.5,4294.5,3795.0,3255.5,3255.5,1382.5,3563.5,1560.5,3405.0,1564.5,5932.5,3114.5,-0.08872233907041502,0.13151796060254925,0.27068272,0.33126736,11.3,-20.584820113583657,-12.709898488810737,0.6174403477261207,7.87492162477292,302,84,185,2,"{""geodesic"":false,""type"":""Point"",""coordinates"":[12.171588194884839,52.03396960157496]}"
0000000000000000094b_0,1772.0,3677.5,1845.0,3440.5,1728.0,1705.0,1844.0,1872.0,2020.0,2135.0,3078.0,2987.0,-0.11793440334961619,0.1066685706125946,0.20753236,0.16634127,18.8,-17.592461747262615,-10.886438181058356,0.6188126674626583,6.706023566204259,286,15,190,3,"{""geodesic"":false,""type"":""Point"",""coordinates"":[9.18334240226125,54.4416342260721]}"
0000000000000000094c_0,2826.0,3731.5,2132.0,3466.5,1586.0,1573.5,1675.0,1793.5,1653.0,1888.5,2710.0,3034.0,0.020854700854700856,0.09899780004888781,0.2422645,0.23270696,29.7,-18.751182443351148,-11.381631042058675,0.6069820437427619,7.3695514012924725,180,22,180,2,"{""geodesic"":false,""type"":""Point"",""coordinates"":[9.24128373808696,54.639712746220454]}"
00000000000000000961_0,3524.0,3980.0,2340.0,3384.5,1451.0,1803.5,1794.0,2114.0,1734.0,2409.0,4288.0,4004.0,-0.043739201600436484,0.047677612429795437,0.4241116,0.24871355,6.9,-17.532164895819818,-10.989962197535156,0.6268457011920693,6.542202698284662,164,26,175,6,"{""geodesic"":false,""type"":""Point"",""coordinates"":[9.923374533318912,54.22864367220736]}"
00000000000000000964_0,2649.0,2802.0,2430.0,2072.0,1356.0,1511.5,1484.0,1796.0,1717.0,1632.0,2470.0,5566.0,0.06591796875,-0.2296399252920992,0.17984237,0.5465407,13.3,-17.150896613338215,-9.380302498377638,0.5469278201515481,7.770594114960577,90,37,175,2,"{""geodesic"":false,""type"":""Point"",""coordinates"":[10.168524774355129,54.210587534996556]}"
00000000000000000965_0,2322.0,4091.5,2011.0,3410.5,1323.0,2017.5,1470.0,2380.0,1620.0,2780.0,2186.0,3847.0,0.058113004965776406,0.07906721105527638,0.14871256,0.161008,11.7,-16.366397941032105,-8.661546296680791,0.529227404092716,7.704851644351313,69,39,165,5,"{""geodesic"":false,""type"":""Point"",""coordinates"":[10.199336988600429,54.228464009150535]}"
0000000000000000068f_0,3025.0,4506.0,2479.0,4344.0,1553.5,2188.0,1904.0,2624.0,2101.0,3178.0,3163.0,3756.0,0.04160528321056642,0.12767830936307603,0.20174772,0.08335737,9.1,-17.51378326714176,-7.8198066466608065,0.4464944282673537,9.693976620480955,57,301,176,2,"{""geodesic"":false,""type"":""Point"",""coordinates"":[8.96981285922604,49.26230762395259]}"
000000000000000006ac_0,4641.5,3435.0,3796.0,2926.0,2364.5,1564.0,2753.0,1864.0,2607.5,2062.0,6046.0,3195.0,-0.07417222772119161,0.0719578783151326,0.39735368,0.21552216,46.6,-19.692079108554143,-11.767083817441971,0.597554161374987,7.924995291112172,180,767,180,3,"{""geodesic"":false,""type"":""Point"",""coordinates"":[9.607976037064548,48.474754614365]}"
00000000000000000745_0,3174.0,4343.5,2608.0,3703.5,1430.0,1804.0,1736.0,2184.0,1630.0,2421.0,3766.0,4326.0,-0.0392,0.04920702625150258,0.39584878,0.2823477,10.8,-21.143364402532896,-13.235081149809833,0.6259685496516496,7.908283252723063,287,73,190,3,"{""geodesic"":false,""type"":""Point"",""coordinates"":[12.166557629293768,53.1309023950133]}"
0000000000000000076d_0,3253.0,3815.0,2792.5,3410.0,1475.0,1677.0,1694.0,1875.0,1769.0,2088.0,3177.0,3516.0,0.03824684721935084,0.06398702235039654,0.2846745,0.254818,10.4,-20.736624412646123,-11.854582527842357,0.5716736867073168,8.882041884803765,0,45,180,1,"{""geodesic"":false,""type"":""Point"",""coordinates"":[13.288643250687464,52.943603658274384]}"
000000000000000007a9_0,4035.5,3264.0,3628.0,2884.0,1858.0,1772.0,2235.0,2084.0,2793.0,2468.0,3501.0,3308.0,0.12057435897435897,0.060303366629670736,0.11248808,0.14542936,17.2,-18.604682042971277,-11.042571627133228,0.5935372397995394,7.562110415838049,0,220,180,2,"{""geodesic"":false,""type"":""Point"",""coordinates"":[8.746042521951868,50.4830282635426]}"
000000000000000008e7_0,2863.5,2848.0,2198.0,2276.0,1386.0,1548.0,1757.0,1808.0,1545.0,1868.0,3904.0,3909.0,-0.09089034386760839,-0.07283987024476556,0.43292347,0.35329756,13.6,-21.231579423103586,-13.450443163052682,0.6335111908074207,7.7811362600509035,261,433,198,6,"{""geodesic"":false,""type"":""Point"",""coordinates"":[6.907640293001267,50.14229727627607]}"
00000000000000000963_0,3079.0,3042.0,2641.0,2262.0,1524.0,1454.0,1680.0,1685.5,1843.0,1600.0,2910.0,3879.0,0.052159042325780246,-0.06927318295739349,0.2244898,0.41595182,12.6,-18.215078902434588,-10.415870143509574,0.5718267924778196,7.799208758925014,319,30,185,2,"{""geodesic"":false,""type"":""Point"",""coordinates"":[10.076627120789702,54.19262122931416]}"
0000000000000000079b_0,3164.0,3420.5,2914.0,3026.5,1664.5,1724.0,1924.0,1999.0,2330.0,2304.0,2853.0,3182.5,0.09753783149378215,0.07694478412190763,0.10090681,0.1601203,15.7,-19.92039755648257,-11.435807406927596,0.5740752600194022,8.484590149554974,322,172,185,2,"{""geodesic"":false,""type"":""Point"",""coordinates"":[8.918339393445992,50.3409147855949]}"
000000000000000006d8_0,2743.5,4191.0,2247.0,3637.5,1422.5,1940.0,1784.0,2368.0,1878.0,2731.0,2928.0,4152.0,0.030205082478823003,0.06377747041647457,0.2184769,0.20645067,8.1,-19.68472266274228,-10.297158267721187,0.5231040560815647,9.387564395021094,0,339,180,1,"{""geodesic"":false,""type"":""Point"",""coordinates"":[12.440184464836575,48.8806134597302]}"
000000000000000006dc_0,2286.5,3260.0,1846.0,2944.0,1184.0,1724.0,1430.0,1986.0,1442.5,2316.0,2258.0,2786.0,0.040022312090363964,0.10569105691056911,0.22037563,0.09212074,22.8,-19.282368651522688,-10.49449214829588,0.5442532677367493,8.787876503226808,0,347,180,2,"{""geodesic"":false,""type"":""Point"",""coordinates"":[12.651468219661487,48.74972892283399]}"
00000000000000000719_0,2979.0,3344.0,2567.0,2891.5,1530.0,1665.0,1687.0,1901.0,1879.0,2134.0,2529.0,2860.5,0.08960412694852529,0.09521667416404259,0.14745916,0.14546001,30.9,-18.357486784577382,-9.893658330686238,0.53894405300611,8.463828453891145,180,323,180,1,"{""geodesic"":false,""type"":""Point"",""coordinates"":[10.183077481957866,50.47179932249111]}"
0000000000000000079a_0,4049.5,3170.0,3396.0,2493.5,1929.0,1686.5,2329.0,1957.0,2762.0,1903.0,3819.0,5004.0,0.08467693777618536,-0.13750159391337613,0.1606139,0.4489648,7.6,-17.49874934611731,-9.964007120537083,0.5694125290587086,7.534742225580228,322,153,185,2,"{""geodesic"":false,""type"":""Point"",""coordinates"":[8.893635723132704,50.196825014022124]}"
00000000000000000803_0,3417.5,3450.0,2854.5,3060.0,1687.5,1852.5,2099.0,2134.0,1975.0,2386.0,3635.0,3551.0,0.006532897806812879,0.0384803594465946,0.29590017,0.19622704,7,-20.972337516308393,-13.541612635918021,0.6456892382829461,7.430724880390372,90,63,176,2,"{""geodesic"":false,""type"":""Point"",""coordinates"":[10.220267734720414,52.37721587163703]}"
0000000000000000085b_0,3144.5,3921.5,3218.0,4058.0,1389.5,1691.0,1465.0,1894.0,1684.5,2144.0,2289.0,3208.0,0.13523361739641493,0.10638880021888823,0.15213288,0.19880418,16.6,-20.795215468475373,-12.19948443673168,0.5866486190165021,8.595731031743693,121,22,176,2,"{""geodesic"":false,""type"":""Point"",""coordinates"":[7.187465504004497,52.488067977697376]}"
000000000000000006e3_0,2224.0,4521.0,1833.5,4216.5,1106.0,1918.5,1356.0,2359.0,1380.5,2881.0,2010.0,3617.0,0.07268804404434194,0.14427053140096618,0.18566583,0.11326562,29.3,-17.904144226848523,-9.129250701311499,0.5098959540116721,8.774893525537024,288,367,189,3,"{""geodesic"":false,""type"":""Point"",""coordinates"":[12.811458171763174,48.69178758700828]}"
000000000000000008b5_0,2712.0,3250.0,1977.0,2468.5,1555.0,1645.0,1887.5,1926.0,1644.5,2078.0,4430.5,4099.5,-0.15751305356797524,-0.03761571460826372,0.45860082,0.32723594,28.6,-18.384866078671102,-11.430074177408434,0.6217110382255568,6.954791901262668,58,141,176,2,"{""geodesic"":false,""type"":""Point"",""coordinates"":[8.933700584804436,52.138982658288526]}"
00000000000000000907_0,2276.0,3131.0,1866.0,2137.5,2502.0,1413.5,2190.0,1755.0,1860.0,1550.0,2708.0,4884.0,-0.11491547185961909,-0.14724233729562328,0.18563923,0.51818466,19.6,-18.981443405160427,-12.724273383453466,0.6703533083260759,6.25717002170696,0,35,180,0,"{""geodesic"":false,""type"":""Point"",""coordinates"":[11.951770444860792,52.34343921695413]}"
00000000000000000904_0,2833.0,4235.0,2346.0,4009.0,1633.0,2210.0,1914.0,2694.0,2246.0,3046.0,3182.0,3834.0,0.026682838083687082,0.09283302063789868,0.1724392,0.114534885,12.9,-17.55669709005695,-9.984126348255005,0.5686790799568678,7.572570741801945,58,193,176,2,"{""geodesic"":false,""type"":""Point"",""coordinates"":[12.552563706879928,51.03710913078752]}"
000000000000000006e5_0,2406.5,4082.0,1801.0,3714.0,1246.5,1920.0,1574.5,2222.0,1430.0,2512.0,4458.5,3618.0,-0.1958287481004035,0.08704253214638971,0.51430756,0.18042414,41.1,-19.35529254812694,-11.098468130333607,0.5734074079602395,8.256824417793332,37,308,176,2,"{""geodesic"":false,""type"":""Point"",""coordinates"":[13.032892889298635,48.757993423447886]}"
0000000000000000069c_0,2959.5,3432.0,2321.5,2824.0,1455.0,1522.0,1825.5,1897.0,1920.0,2062.0,2909.0,3398.0,0.05576891869962677,0.05511811023622047,0.2048043,0.24468865,23.9,-21.871319912622848,-13.67943975608534,0.6254510386540671,8.191880156537508,281,786,210,10,"{""geodesic"":false,""type"":""Point"",""coordinates"":[8.624769958595731,47.83695076264014]}"
0000000000000000071a_0,3590.0,3255.0,2992.0,2554.0,1702.0,1560.0,1938.0,1899.5,2088.0,1934.0,3009.0,4274.5,0.09307921840408125,-0.058556719735111354,0.18069452,0.37698317,18,-19.075838515519667,-9.99246653757886,0.523828429845913,9.083371977940807,212,242,189,5,"{""geodesic"":false,""type"":""Point"",""coordinates"":[10.320699383484977,49.98599041683927]}"
0000000000000000073a_0,2999.0,3397.5,2476.5,2705.5,1325.5,1630.5,1654.5,1980.0,1901.0,2052.0,2700.5,4847.5,0.09791619986556128,-0.08622930203311675,0.17374769,0.4051743,14.3,-17.967786659576536,-11.396880616545083,0.6342951879646641,6.570906043031453,180,477,180,1,"{""geodesic"":false,""type"":""Point"",""coordinates"":[10.987249324301661,48.489037827382504]}"
000000000000000007ad_0,4132.0,2327.0,3963.0,1777.0,1936.0,1379.0,2226.0,1738.0,2742.0,1616.0,3409.0,4256.0,0.12513298960635078,-0.17665483399457088,0.10843765,0.44959128,11.4,-16.64259840135564,-10.093286036625404,0.6064729673344305,6.549312364730238,158,200,176,4,"{""geodesic"":false,""type"":""Point"",""coordinates"":[8.878364363302673,50.84406117623024]}"
00000000000000000805_0,3666.0,3114.0,2657.0,2340.5,1814.0,1550.0,2210.0,1797.5,2152.0,1802.0,4708.0,5164.0,-0.05705024311183144,-0.15460017196904557,0.37259474,0.48262993,16.9,-17.88068367865978,-10.880164345145538,0.6084870433746773,7.000519333514241,68,175,166,5,"{""geodesic"":false,""type"":""Point"",""coordinates"":[10.247756182414472,52.03567640061478]}"
00000000000000000824_0,3421.0,3773.0,2833.0,3041.0,1628.0,1658.0,1904.0,1990.0,2240.0,2264.0,3597.0,4064.0,0.04005144221936432,0.02678799217620546,0.23248243,0.28445005,31.1,-17.520504050550613,-10.418077826218438,0.5946220380509561,7.102426224332175,0,34,180,2,"{""geodesic"":false,""type"":""Point"",""coordinates"":[9.01257266675013,52.53513969858524]}"
000000000000000008da_0,3124.5,2728.0,2729.5,2142.0,1521.0,1552.0,1762.0,1878.0,2025.0,1820.0,2984.5,4420.0,0.06670119109269808,-0.13536121673003804,0.19153608,0.41666666,18,-17.618217194585476,-11.00533374565409,0.6246564918632237,6.612883448931386,142,185,176,2,"{""geodesic"":false,""type"":""Point"",""coordinates"":[7.9893017266095825,50.382327120192805]}"
000000000000000008e9_0,3003.0,3001.0,2412.0,2176.0,1466.0,1404.0,1756.0,1647.0,1918.0,1581.0,3231.0,4396.0,0.023289665211062592,-0.11731843575418995,0.25500098,0.47097206,21.5,-21.61131997820729,-12.973417076786578,0.6003065564652638,8.637902901420713,293,207,207,9,"{""geodesic"":false,""type"":""Point"",""coordinates"":[7.577244505783958,49.6367254343736]}"
00000000000000000912_0,5126.0,3722.5,4746.0,3629.0,2300.0,1633.0,2632.0,1827.5,3078.0,2048.0,3806.0,2796.0,0.14661076170510132,0.13152605519878424,0.10575247,0.15441784,24.5,-21.18686874952636,-13.934882081044455,0.6577131451459043,7.251986668481907,302,138,185,2,"{""geodesic"":false,""type"":""Point"",""coordinates"":[11.232130070752643,51.79582621975487]}"
00000000000000000924_0,3993.0,4063.0,4136.0,3662.0,2778.0,1601.0,2554.0,1834.0,2860.0,2037.5,3326.0,3468.0,0.05780659103187466,0.09234970231433816,0.07533139,0.25983107,19.9,-20.999542180050828,-12.460185670026416,0.5933551104682349,8.539356510024412,0,55,180,1,"{""geodesic"":false,""type"":""Point"",""coordinates"":[11.564686388933689,52.18740185210257]}"
0000000000000000092b_0,4358.0,3746.5,4260.0,3107.0,1778.0,1594.5,1915.0,1847.0,2182.0,1919.5,2770.0,3892.0,0.17965367965367965,0.016095045953822013,0.1187399,0.33941323,16.3,-20.10595187333859,-10.566111370446153,0.5255215687876633,9.539840502892437,180,56,180,1,"{""geodesic"":false,""type"":""Point"",""coordinates"":[11.797799205162706,52.166111779868935]}"
0000000000000000096d_0,3148.0,3442.5,2901.5,2677.5,1755.5,1705.0,1898.0,2057.0,2103.0,2073.0,2855.0,4538.0,0.06494955128530143,-0.06187013649700217,0.15167406,0.3728634,13.7,-17.162513679616538,-9.224295949685423,0.537467653158574,7.9382177299311145,0,9,180,0,"{""geodesic"":false,""type"":""Point"",""coordinates"":[10.995962982557622,54.20663494774643]}"
00000000000000000984_0,4625.0,3845.5,4453.0,3667.5,1911.0,1644.0,2224.0,1963.0,2772.0,2330.0,3410.0,3068.0,0.16323321276930336,0.13442020665901264,0.10320285,0.1367173,18.1,-19.20135870812144,-10.337967343770199,0.5383976988773005,8.86339136435124,122,229,176,2,"{""geodesic"":false,""type"":""Point"",""coordinates"":[11.466859854493073,50.98401869749606]}"
00000000000000000985_0,3849.0,3332.0,3142.0,2589.0,1506.0,1614.0,1918.0,1971.0,1750.0,2077.0,4000.0,3950.5,0.008374606033318325,-0.014170501663097463,0.39130434,0.31082538,15.3,-19.460282649404764,-12.061561237934157,0.6198040108273086,7.398721411470607,0,294,180,1,"{""geodesic"":false,""type"":""Point"",""coordinates"":[11.543306485171644,50.71335630239085]}"
000000000000000006d9_0,2690.0,3393.0,2092.5,2906.0,1276.5,1642.0,1445.0,1957.0,1558.0,2350.0,2564.0,2966.0,0.05038016937627496,0.10965124142594919,0.24405628,0.1158766,15.5,-16.70128572146685,-10.093594058509305,0.6043603005686918,6.607691662957544,180,435,180,2,"{""geodesic"":false,""type"":""Point"",""coordinates"":[12.45329986798472,48.59234408505625]}"
000000000000000007cc_0,3987.5,3193.0,3328.5,2379.5,1920.0,1478.0,2281.0,1822.0,2716.0,1765.5,3646.5,4684.0,0.09266503667481663,-0.10822355109932108,0.14624755,0.4525157,13.3,-17.805790543494815,-11.038403342022448,0.6199333478094422,6.767387201472367,180,277,180,5,"{""geodesic"":false,""type"":""Point"",""coordinates"":[9.303716650333266,50.88331755414626]}"
0000000000000000081e_0,2462.0,3539.0,2092.0,2868.5,1322.0,1521.0,1456.0,1635.0,1379.0,1807.0,2600.0,2822.5,-0.01043411052428185,0.1034625109654781,0.306861,0.21935414,21.7,-19.941206968817028,-12.069293646254927,0.6052438884531027,7.871913322562101,0,44,180,3,"{""geodesic"":false,""type"":""Point"",""coordinates"":[8.80874492878341,52.443421708076635]}"
0000000000000000075f_0,2854.0,3128.0,2256.0,2094.0,1580.5,1390.5,1936.0,1829.0,1838.5,1534.0,4568.0,5337.5,-0.1343049534175814,-0.181387181738367,0.42605168,0.5535182,12.6,-19.80745711460169,-13.35510771063219,0.6742464534120866,6.4523494039694995,239,40,185,2,"{""geodesic"":false,""type"":""Point"",""coordinates"":[12.805978448530045,52.84793308051565]}"
0000000000000000088e_0,2805.0,3567.0,2490.0,3502.0,1406.0,1640.5,1675.5,2041.0,1968.5,2488.0,3132.0,3049.5,0.02529130644901466,0.1270358306188925,0.22811489,0.10139955,10.5,-18.74942385815077,-11.602472120792903,0.6188175278649463,7.146951737357867,90,59,176,1,"{""geodesic"":false,""type"":""Point"",""coordinates"":[6.6108369231281765,51.15963933554143]}"
00000000000000000891_0,3528.5,3493.5,2968.5,2619.5,1555.0,1340.5,1917.5,1668.0,2266.0,1619.0,3113.0,5158.0,0.10767025089605735,-0.11936956334510378,0.1574642,0.52220744,28.3,-18.29545849416715,-11.489529690089725,0.6279990027991236,6.805928804077425,28,292,176,3,"{""geodesic"":false,""type"":""Point"",""coordinates"":[6.562507560842546,50.654336988224195]}"
00000000000000000926_0,8766.0,5393.5,8031.0,5382.0,8576.0,2582.0,7984.0,3025.0,7844.0,3603.0,9464.0,4466.0,-0.04126984126984127,0.12144348530649132,0.093598336,0.10695253,8.6,-21.535119289494755,-10.647255879005904,0.49441360114498367,10.887863410488851,270,51,185,2,"{""geodesic"":false,""type"":""Point"",""coordinates"":[11.594510456366457,52.205008831671314]}"
00000000000000000928_0,3845.0,3766.0,3714.0,3700.5,1736.0,1632.0,1964.0,1845.0,2330.0,2176.0,2630.0,2793.0,0.1716155962432407,0.14632970000964599,0.06048387,0.12416986,18.6,-21.730362450399078,-12.850983065910809,0.591383742229058,8.879379384488269,0,105,180,1,"{""geodesic"":false,""type"":""Point"",""coordinates"":[11.66359090171525,51.7006047996382]}"
00000000000000000713_0,2986.0,3339.5,2385.0,2436.0,1249.0,1467.5,1426.0,1707.0,1369.0,1837.0,2528.0,4191.0,0.07107722577471717,-0.04448546377480388,0.29740825,0.39051095,10.6,-17.698639313015256,-11.132805665609249,0.629020427430395,6.5658336474060075,193,315,185,7,"{""geodesic"":false,""type"":""Point"",""coordinates"":[9.120370500844471,50.054981030659654]}"
0000000000000000091d_0,4169.0,3301.0,3469.0,2492.5,1679.0,1445.0,1944.0,1817.0,2236.0,1600.0,3096.0,4630.0,0.14579606440071557,-0.10696064139941691,0.16129032,0.48635635,13.1,-21.129242283053255,-12.968322808619675,0.6137618488582026,8.16091947443358,209,74,185,3,"{""geodesic"":false,""type"":""Point"",""coordinates"":[11.451768157719865,52.314693127862306]}"
0000000000000000069a_0,2930.0,3519.0,1952.0,2732.0,1292.0,1442.0,1720.0,1778.0,1324.0,1816.0,5860.0,3968.0,-0.2540768016833246,-0.006979990693345742,0.6314031,0.37206087,36.1,-19.477923511581373,-12.492694018342563,0.6413770960192207,6.98522949323881,270,829,185,1,"{""geodesic"":false,""type"":""Point"",""coordinates"":[8.329403893177233,47.88689709243719]}"
000000000000000006bb_0,5320.5,4082.0,4548.5,3631.0,4687.0,1808.0,4916.0,2202.0,4788.5,2470.0,6866.0,3864.0,-0.0666605114947835,0.07198952879581152,0.17825733,0.22008209,15,-18.744839279154338,-13.061702304017766,0.6968159134094767,5.683136975136572,0,598,180,0,"{""geodesic"":false,""type"":""Point"",""coordinates"":[9.959396976212105,48.49343957227469]}"
000000000000000006de_0,2332.0,3523.0,2175.0,3013.0,1516.0,1756.0,1714.0,2050.0,1806.0,2274.0,2600.0,3800.0,0.002665374363944754,0.02122786928565137,0.1802088,0.25123477,13.9,-18.047114635375884,-10.027202769097256,0.5556125159997584,8.019911866278628,33,408,167,8,"{""geodesic"":false,""type"":""Point"",""coordinates"":[12.69898909819141,48.622617310131076]}"
0000000000000000096f_0,5582.5,3183.5,4998.0,2588.5,4152.0,1468.0,4339.0,1728.5,4706.0,1806.0,5427.0,4132.0,0.0357115892789732,-0.05765144718825251,0.071153656,0.3917144,17.3,-20.5647909839628,-10.498336284527701,0.5105005099597024,10.0664546994351,0,205,180,0,"{""geodesic"":false,""type"":""Point"",""coordinates"":[10.071147397556572,50.95733873355771]}"
00000000000000000747_0,3512.5,3731.5,2462.0,2831.5,1385.5,1430.0,1599.0,1632.5,1539.0,1753.0,4262.0,3509.0,-0.05570614076081877,0.05233366911306183,0.46940184,0.3337134,7.2,-23.763003817025584,-15.520962737821087,0.6531565982706578,8.242041079204498,331,29,185,3,"{""geodesic"":false,""type"":""Point"",""coordinates"":[12.291153959201147,52.661083501418794]}"
000000000000000007ca_0,3797.0,3357.5,2917.0,2501.5,1487.0,1463.5,1701.0,1691.0,1790.0,1724.0,3077.5,3678.5,0.10072403093138944,-0.005917738543551621,0.2645095,0.36177695,11.7,-21.024577220986917,-14.198826428601851,0.6753442068946081,6.825750792385065,190,248,185,8,"{""geodesic"":false,""type"":""Point"",""coordinates"":[9.245415988393908,50.972879587972976]}"
00000000000000000869_0,2946.0,3175.0,2576.0,3065.0,1596.0,1568.0,1709.0,1683.0,1899.0,1888.0,2682.0,2656.0,0.06215060835251562,0.09034133735328954,0.17092338,0.16901408,43,-17.62732800159008,-10.275629569902318,0.582937446275204,7.351698431687762,0,6,180,2,"{""geodesic"":false,""type"":""Point"",""coordinates"":[7.643540173751979,53.325118159439945]}"
0000000000000000089d_0,3076.5,3074.0,2345.5,2389.5,1360.5,1489.5,1760.5,1780.5,1638.5,1685.0,3344.5,4525.5,0.0010615711252653928,-0.11657694449600892,0.34236404,0.45737058,9.5,-20.61690389694265,-11.926542759807134,0.5784836956811814,8.690361137135515,270,67,185,2,"{""geodesic"":false,""type"":""Point"",""coordinates"":[7.105000160922326,51.94647369290171]}"
0000000000000000094d_0,6194.0,3234.5,5272.0,2486.0,9104.0,1489.0,8352.0,1679.5,7992.0,1675.5,8696.0,3588.0,-0.11298693178265491,-0.01672173825973766,0.042186003,0.36335137,32.9,-19.300132431082574,-12.485942822689527,0.6469356035392329,6.814189608393047,60,23,175,2,"{""geodesic"":false,""type"":""Point"",""coordinates"":[9.238319297649365,54.801409497361966]}"
0000000000000000097d_0,2136.0,3657.5,1585.0,3192.5,1265.0,1612.0,1426.0,1815.5,1258.0,2102.0,3458.0,3201.5,-0.16373044228163114,0.08947318641823512,0.46649703,0.20731592,29.3,-17.38650711877084,-12.041105084948596,0.6925545771035727,5.3454020338222445,322,242,190,5,"{""geodesic"":false,""type"":""Point"",""coordinates"":[10.981230611898061,50.91727387188598]}"
00000000000000000982_0,4393.0,3550.5,3484.0,2822.0,1604.0,1493.0,1854.0,1793.5,2090.0,1847.0,3226.0,4126.0,0.14611508883585256,-0.020106204329868833,0.21369451,0.3815503,18.7,-21.594996941836428,-13.906893900058904,0.6439868427634178,7.688103041777524,180,235,180,3,"{""geodesic"":false,""type"":""Point"",""coordinates"":[11.408289697968481,50.93083843267618]}"
0000000000000000098a_0,2889.0,3006.0,2102.0,2523.5,1318.0,1577.5,1562.0,1772.0,1444.0,1978.5,4030.0,2967.5,-0.10484454085321765,0.04611994333385802,0.47241506,0.19995956,36.5,-19.637669071334095,-9.70707676424741,0.4943090103507867,9.930592307086686,47,291,171,4,"{""geodesic"":false,""type"":""Point"",""coordinates"":[11.807860336344843,50.961201489279425]}"
0000000000000000261e_0,2876.0,3685.0,2434.0,3456.0,1642.0,1866.0,1888.0,2182.0,2296.0,2688.0,2762.0,3302.0,0.08020050125313283,0.10441036305346157,0.09213128,0.10250417,14.7,-18.717676099426523,-8.609851652986197,0.45998507545763057,10.107824446440326,90,304,176,1,"{""geodesic"":false,""type"":""Point"",""coordinates"":[10.71479029862821,50.23590172888132]}"
0000000000000000069d_0,3255.0,4052.0,2212.5,3035.0,1392.5,1574.0,1829.0,1843.0,1448.5,1932.0,5494.0,4156.0,-0.18835202761000863,0.021683455694041318,0.58271515,0.3653088,26.1,-15.928110450529951,-9.138042816204706,0.5737053898882695,6.790067634325245,40,475,129,26,"{""geodesic"":false,""type"":""Point"",""coordinates"":[8.945558346554813,47.82257771809423]}"
000000000000000008be_0,3092.0,3006.0,2058.0,2075.0,1575.0,1441.0,1961.0,1736.0,1643.0,1588.0,5137.0,5109.0,-0.17270900672665326,-0.17552045944005742,0.51533926,0.5257578,31.3,-18.614121435199657,-12.183262284266334,0.6545171807694106,6.430859150933323,219,176,190,5,"{""geodesic"":false,""type"":""Point"",""coordinates"":[9.172023629681345,51.8892510093033]}"
000000000000000008d6_0,2681.0,3202.0,1862.0,2259.0,1308.0,1555.0,1584.0,1886.0,1361.5,1836.0,3968.0,4588.0,-0.13237108976766648,-0.09882836955549593,0.48907027,0.4283935,40.1,-19.523473848046763,-13.594564720695836,0.6963189454143127,5.928909127350927,297,325,203,8,"{""geodesic"":false,""type"":""Point"",""coordinates"":[7.8785394520776455,50.34441821520296]}"
000000000000000008ec_0,2893.0,3781.0,2335.5,2956.0,1463.5,1650.0,1717.5,1954.0,1753.5,1984.0,3810.5,4094.0,-0.06325286023889926,0.001824658962551047,0.36969805,0.34715366,19,-19.35978803360713,-12.5156586094439,0.6464770475646562,6.844129424163231,0,131,180,6,"{""geodesic"":false,""type"":""Point"",""coordinates"":[7.953997935943685,49.89606905689891]}"
00000000000000000930_0,5595.0,4101.0,5713.0,3259.0,4452.0,1850.0,4072.0,2210.0,4932.0,2524.0,4785.0,4034.0,0.0652701882210079,0.05923734910864178,-0.015128126,0.23025313,14.2,-19.89823196353747,-12.052727492359704,0.6057185138079471,7.845504471177765,0,35,180,1,"{""geodesic"":false,""type"":""Point"",""coordinates"":[11.92320401882579,52.361944511806996]}"
00000000000000000918_0,3171.0,3759.0,2137.0,2640.5,1258.0,1481.0,1480.0,1703.0,1410.0,1757.5,4158.0,3522.0,-0.08352505751725518,0.048814107134369504,0.49353448,0.33421725,212,-14.430648930337423,-8.351111617619441,0.5787065888674607,6.0795373127179815,29,42,175,3,"{""geodesic"":false,""type"":""Point"",""coordinates"":[11.378375799007301,52.7828950539454]}"
00000000000000000969_0,3078.0,3583.0,2212.0,2830.0,1376.0,1545.0,1730.0,1822.0,1590.0,1788.0,5365.0,4448.0,-0.1816986589534578,-0.05473424850404787,0.542775,0.42655548,28.1,-18.858833282800056,-11.535097497695148,0.611654884727974,7.323735785104908,253,29,190,3,"{""geodesic"":false,""type"":""Point"",""coordinates"":[10.739044811299438,53.54340877348099]}"
00000000000000000848_0,2561.0,2692.5,1934.0,2063.5,2314.0,1287.5,2214.5,1432.5,1979.0,1446.0,3684.0,2947.0,-0.13835642436895046,-0.01146542457900394,0.30107716,0.34167993,21,-16.21806827448179,-11.410510981293633,0.7035678225160406,4.807557293188157,90,71,175,2,"{""geodesic"":false,""type"":""Point"",""coordinates"":[9.805695231099255,53.150126342093465]}"
000000000000000006cd_0,3467.0,3152.0,2334.0,2378.0,1339.0,1761.0,1647.0,2099.0,1522.0,2470.0,4204.0,4022.0,-0.05260159513862514,-0.014116615519508987,0.4683898,0.23906346,98.3,-19.934558411792445,-11.30585668323652,0.5671485893837734,8.628701728555924,149,1077,148,21,"{""geodesic"":false,""type"":""Point"",""coordinates"":[12.036751070738498,47.68262019682841]}"
00000000000000000821_0,3003.0,3275.5,1967.0,2295.5,1340.0,1376.0,1604.0,1679.0,1434.0,1505.0,4540.0,4606.5,-0.1398662401861006,-0.11167889993496237,0.51991963,0.50748587,18.1,-14.941444543002383,-8.993428039417495,0.6019115496854313,5.948016503584888,270,45,185,2,"{""geodesic"":false,""type"":""Point"",""coordinates"":[8.925975073361007,52.462465992099965]}"
000000000000000008f7_0,3052.0,3795.5,2106.0,2822.0,1284.0,1648.0,1599.5,1934.5,1388.5,2028.0,4161.0,4182.0,-0.10161347428051186,-5.577723430728966E-4,0.49959457,0.3468599,45.4,-20.63660342709565,-14.241858933020723,0.690126114180268,6.394744494074928,180,278,180,6,"{""geodesic"":false,""type"":""Point"",""coordinates"":[7.07760154475668,49.19295768401856]}"
00000000000000000684_0,3273.0,3137.0,2043.5,2060.0,1565.0,1335.0,1863.0,1660.0,1494.0,1483.0,5592.0,5092.0,-0.2004360952700436,-0.1635738209468634,0.5783235,0.5488973,55.2,-21.16670785521375,-14.203812638684557,0.6710449605976819,6.962895216529194,180,440,180,3,"{""geodesic"":false,""type"":""Point"",""coordinates"":[9.417443365302798,48.58183379623205]}"
00000000000000000688_0,5262.0,3930.5,5077.0,3034.5,5292.0,1595.0,5336.0,1914.0,5208.0,2280.0,6160.0,4091.5,-0.04479518292126631,0.044044717155585444,0.08374384,0.28431296,48.2,-19.17901763527062,-11.343999985539504,0.5914797202479052,7.835017649731114,108,394,171,3,"{""geodesic"":false,""type"":""Point"",""coordinates"":[9.633488191133543,48.67274330298494]}"
00000000000000000691_0,3370.0,3846.0,2289.0,2808.0,1312.0,1646.0,1590.0,1907.0,1425.0,2054.0,3730.0,4134.5,-0.025109281284944596,0.010230726424382518,0.4471387,0.33618808,40.6,-20.89627013546125,-15.081034904072697,0.7217094154272048,5.815235231388554,270,321,189,3,"{""geodesic"":false,""type"":""Point"",""coordinates"":[9.214424111091786,49.42616033177598]}"
00000000000000000693_0,3264.0,4052.0,2167.0,2949.0,1546.0,1562.0,1832.0,1918.0,1472.0,2094.0,5871.0,4646.0,-0.22060396609890562,-0.005018617451837462,0.59907395,0.37863502,41.9,-19.936637461313865,-12.952844164475852,0.6497005420101687,6.983793296838012,270,779,206,8,"{""geodesic"":false,""type"":""Point"",""coordinates"":[7.966035360750887,47.61066514257043]}"
00000000000000000695_0,2887.0,3316.0,1864.0,2219.0,1418.0,1316.0,1582.0,1632.0,1305.0,1602.0,4873.0,4876.0,-0.20022894209672804,-0.11467146714671467,0.5775332,0.5054029,25.5,-19.81383241473923,-13.49100614757114,0.6808882736655918,6.322826267168091,143,669,176,2,"{""geodesic"":false,""type"":""Point"",""coordinates"":[7.99334414538812,47.59323782605851]}"
00000000000000000697_0,2919.0,3822.5,1863.0,2959.0,1200.0,1554.5,1571.0,1868.0,1250.0,2195.0,5943.0,3636.5,-0.2629066478076379,0.07373868046571798,0.6524399,0.24719198,66.6,-19.205341836267454,-12.476444030083407,0.6496340516325949,6.728897806184047,180,971,180,5,"{""geodesic"":false,""type"":""Point"",""coordinates"":[8.082816347686425,48.04491075091381]}"
00000000000000000699_0,3239.0,4166.0,2088.0,3246.5,1357.5,1653.0,1750.5,1972.0,1343.5,2198.0,6042.0,4174.5,-0.23510265398097147,0.04400606980273141,0.636179,0.31016085,36.9,-21.25509014534766,-14.027733913022614,0.6599705678544497,7.227356232325045,304,881,193,5,"{""geodesic"":false,""type"":""Point"",""coordinates"":[8.254125072368018,47.74172934252347]}"
0000000000000000069b_0,2714.5,3878.5,1816.5,2855.0,1256.0,1593.0,1560.0,1843.5,1291.0,2022.5,4814.5,4163.0,-0.20494243747518856,0.012438877927425582,0.5771026,0.34605125,58.1,-19.368435443796308,-13.185607689039738,0.6807781520248233,6.18282775475657,206,610,185,3,"{""geodesic"":false,""type"":""Point"",""coordinates"":[8.365336504542014,47.59943620151894]}"
000000000000000006a1_0,3120.5,3302.5,2504.0,2803.0,1614.5,1521.0,1933.0,1874.5,1934.0,2183.0,3458.0,2595.0,-0.0017774266811494026,0.142633963443212,0.28264096,0.08622855,46.1,-18.715211099327853,-10.513887875283036,0.5617830234178143,8.201323224044817,304,692,189,3,"{""geodesic"":false,""type"":""Point"",""coordinates"":[9.04895443575697,48.0034984163159]}"
000000000000000006a2_0,2761.0,3584.0,1926.0,2681.5,1175.0,1555.5,1393.5,1766.5,1279.0,1867.5,3416.0,4062.0,-0.06383964778125362,-0.014996838016080948,0.45516506,0.37009865,35.6,-19.50754876279781,-11.640569143746298,0.5967212634088418,7.866979619051513,315,343,189,4,"{""geodesic"":false,""type"":""Point"",""coordinates"":[9.039791619858951,48.489307321967736]}"
000000000000000006a8_0,3066.0,3396.5,2041.0,2443.5,1310.0,1395.5,1680.0,1704.0,1411.0,1629.5,4628.0,4853.5,-0.14027844455112817,-0.10847006651884701,0.5327041,0.49730062,32.3,-17.03974681517829,-9.918436281592342,0.5820765055474543,7.121310533585948,77,634,142,13,"{""geodesic"":false,""type"":""Point"",""coordinates"":[9.400195711847703,47.753946430387494]}"
000000000000000006ad_0,2899.0,3622.0,2014.0,2610.0,1403.0,1602.0,1762.5,1878.0,1447.0,2084.0,4712.0,4212.0,-0.1691042921326833,-0.009375,0.5301185,0.33799237,43.1,-20.736990140291653,-14.996941304289749,0.723197590529347,5.740048836001904,252,770,189,3,"{""geodesic"":false,""type"":""Point"",""coordinates"":[9.635464484758606,48.40288939163544]}"
000000000000000006ae_0,4641.5,3045.0,3799.0,1971.0,2665.5,1321.0,3009.0,1602.0,2681.5,1574.0,6840.0,5060.0,-0.1296907032712363,-0.16018181818181818,0.43674842,0.52547485,46.8,-20.10096436278929,-13.574559139245505,0.6753188003444549,6.526405223543787,206,555,185,3,"{""geodesic"":false,""type"":""Point"",""coordinates"":[9.665288552191374,47.989035540241574]}"
000000000000000006b4_0,3127.0,3518.0,2250.5,2523.0,1341.0,1411.0,1775.0,1758.0,1407.0,1764.0,6912.0,4796.0,-0.29084226167201066,-0.08051179388980764,0.6617382,0.46219513,21.2,-18.92196978841521,-12.511017847508155,0.6611900339872597,6.410951940907056,56,563,176,2,"{""geodesic"":false,""type"":""Point"",""coordinates"":[9.744789454835951,48.15127128055356]}"
000000000000000006b5_0,3294.0,3092.0,2147.0,1996.0,1356.0,1345.0,1800.0,1710.0,1494.0,1514.0,5168.0,5341.0,-0.15346534653465346,-0.18420120439249027,0.551486,0.5582786,32.8,-19.48145389218005,-13.239852883632402,0.6796131827176894,6.241601008547647,124,570,176,2,"{""geodesic"":false,""type"":""Point"",""coordinates"":[9.7737152069846,47.6833388490557]}"
000000000000000006b6_0,3540.0,3689.0,2358.5,2491.0,1369.0,1388.0,1729.0,1725.0,1460.5,1556.5,4878.5,5604.5,-0.11086415362731152,-0.1427520836738029,0.5392018,0.5652842,44.2,-22.169673396816197,-14.19231752319886,0.6401680922027939,7.977355873617338,0,653,180,2,"{""geodesic"":false,""type"":""Point"",""coordinates"":[9.906576037505877,47.827608283685294]}"
000000000000000006b7_0,3091.0,3445.0,1951.0,2217.0,1191.0,1277.0,1525.0,1739.0,1201.0,1397.0,6332.0,5052.0,-0.2734659331358443,-0.13311252349834393,0.6811363,0.5667545,33.2,-19.515855327379228,-12.099991894795167,0.620008280027564,7.415863432584061,56,681,163,7,"{""geodesic"":false,""type"":""Point"",""coordinates"":[9.960025796910989,47.68360834364094]}"
000000000000000006b8_0,3387.5,3937.5,2227.5,2566.0,1342.5,1351.0,1755.5,1702.0,1382.5,1627.5,5725.5,5508.0,-0.1941206284845413,-0.10415325177076626,0.6110017,0.54383016,62.1,-20.091819529026615,-13.22221511485516,0.6580894824260715,6.869604414171455,298,690,202,8,"{""geodesic"":false,""type"":""Point"",""coordinates"":[9.959935965382577,47.80964197800291]}"
000000000000000006bc_0,3069.5,3813.0,1904.0,2637.5,1219.5,1364.5,1607.0,1643.0,1253.5,1556.0,5706.5,5731.0,-0.23139834651969063,-0.13851337799350155,0.6397989,0.5729381,38.4,-20.659722131677917,-12.850473985657393,0.6220061385023923,7.809248146020524,26,658,176,3,"{""geodesic"":false,""type"":""Point"",""coordinates"":[9.986615929320926,47.827608283685294]}"
000000000000000006c0_0,2920.0,3545.5,1866.5,2376.5,1176.5,1399.0,1586.5,1697.5,1220.0,1664.5,5892.0,5086.0,-0.26127492527992147,-0.10902094912355707,0.65691787,0.5068513,51,-20.705223730207695,-13.608860061049302,0.6572669891605557,7.096363669158393,180,750,180,4,"{""geodesic"":false,""type"":""Point"",""coordinates"":[10.893016050997524,47.75197013676243]}"
000000000000000006c2_0,2522.0,3521.5,1972.5,2930.5,1182.5,1698.5,1470.5,1956.0,1474.5,2190.0,2817.0,3221.0,-3.7518759379689845E-4,0.07449910638698147,0.31282768,0.1905378,47.2,-19.384330003107134,-11.746288790416717,0.6059682634650716,7.638041212690418,90,483,176,1,"{""geodesic"":false,""type"":""Point"",""coordinates"":[11.441796858066139,48.30407471038229]}"
000000000000000006c3_0,3087.5,4307.5,2090.0,3236.0,1176.0,1739.0,1600.0,2071.0,1407.5,2365.0,4468.0,4428.0,-0.11332478548180294,0.03937069200514039,0.52089185,0.303695,36,-20.559305439643047,-12.683760295943697,0.6169352526611382,7.87554514369935,252,406,189,3,"{""geodesic"":false,""type"":""Point"",""coordinates"":[11.53297585940427,48.64480569764883]}"
000000000000000006cb_0,3055.0,3727.5,2337.0,3108.5,1556.0,1758.5,1930.0,2087.0,1758.0,2318.0,4616.0,3961.5,-0.12371415566681838,0.02766563256980154,0.44838405,0.26172465,37.5,-19.43060479085341,-12.505001432769623,0.6435724243980361,6.9256033580837855,180,519,180,5,"{""geodesic"":false,""type"":""Point"",""coordinates"":[11.870203417062738,48.22565178607866]}"
000000000000000006cc_0,2753.0,3175.0,1817.0,2148.0,1225.0,1392.0,1615.5,1622.0,1257.5,1540.0,4950.0,4480.0,-0.21250797702616464,-0.10928497213563805,0.59484494,0.4883721,68.6,-19.507380813373665,-11.913800920558478,0.6107329853524334,7.593579892815187,180,489,180,2,"{""geodesic"":false,""type"":""Point"",""coordinates"":[11.987703056225572,47.7915858407921]}"
000000000000000006ce_0,3093.0,3568.5,1990.0,2411.0,1294.0,1369.0,1700.0,1665.0,1350.0,1747.0,4240.0,4738.0,-0.1093515084694798,-0.06929306193915517,0.51699466,0.4612182,87.3,-21.967743705995197,-14.158294344522751,0.64450380221155,7.809449361472446,71,495,172,3,"{""geodesic"":false,""type"":""Point"",""coordinates"":[12.07501930184199,47.96999125621824]}"
000000000000000006cf_0,2950.0,3580.0,2035.0,2691.0,1378.0,1484.5,1802.0,1826.5,1466.0,1666.5,5432.0,5178.0,-0.21325494388027794,-0.11890167100512218,0.57494926,0.51303965,33.2,-20.621042018594803,-12.298237126177167,0.5963926127053795,8.322804892417636,48,512,167,6,"{""geodesic"":false,""type"":""Point"",""coordinates"":[12.134577605179114,48.11291321792166]}"
000000000000000006d0_0,2948.0,3191.0,1916.5,2162.0,1198.0,1257.0,1579.0,1537.0,1228.0,1348.0,4968.0,4996.0,-0.1924192612647457,-0.15882134914751667,0.6036152,0.5750315,72.6,-19.41499751586502,-12.971645736188282,0.6681250268298239,6.443351779676739,270,459,185,1,"{""geodesic"":false,""type"":""Point"",""coordinates"":[12.146255703872669,47.752598957461316]}"
000000000000000006d3_0,3978.0,3564.0,3411.0,2700.5,4148.0,1466.0,4072.0,1721.0,4140.0,1680.0,4908.0,4606.0,-0.054617444974962154,-0.07317073170731707,0.084880635,0.46547884,43.4,-21.082615389967536,-13.161170370506818,0.6242664928929904,7.921445019460718,180,481,180,1,"{""geodesic"":false,""type"":""Point"",""coordinates"":[12.485190060570963,48.14156947548507]}"
000000000000000006d4_0,2467.0,3569.0,1698.0,2379.5,922.0,1323.0,1255.0,1591.5,1058.0,1514.5,4980.0,4387.0,-0.25214808528694177,-0.05804419326446472,0.6495528,0.48674065,38.4,-18.030485784534577,-11.84010083213808,0.6566712052924153,6.190384952396496,119,546,155,9,"{""geodesic"":false,""type"":""Point"",""coordinates"":[12.554001011334519,47.90594137646052]}"
000000000000000006da_0,3247.0,4185.5,2109.0,3054.5,1258.5,1711.5,1581.0,2020.5,1391.5,2276.0,4072.0,4282.0,-0.06941518707994784,0.037575270975511846,0.49061957,0.30588594,60.3,-21.564812295570484,-14.028350751376411,0.6505204199833403,7.536461544194072,0,317,180,2,"{""geodesic"":false,""type"":""Point"",""coordinates"":[12.523817617788103,48.91474944052674]}"
000000000000000006db_0,3261.0,4119.5,2976.0,2922.5,1608.0,1448.0,2164.0,1690.0,2200.0,1874.0,4216.0,4186.5,-0.032166592822330524,0.03087375300997592,0.31421447,0.38156918,31.6,-19.96643469849771,-13.612539429988392,0.6817711642335729,6.353895268509319,33,485,167,8,"{""geodesic"":false,""type"":""Point"",""coordinates"":[12.636286691359867,48.462088368858915]}"
000000000000000006ea_0,2838.0,4297.0,2018.5,3386.0,1120.5,1723.5,1508.0,2048.0,1309.0,2423.0,4138.0,4170.0,-0.11817553559087768,0.06552503270305625,0.51936847,0.26497802,23.9,-20.288102593630832,-13.174890023902798,0.649389954684026,7.113212569728034,64,374,163,6,"{""geodesic"":false,""type"":""Point"",""coordinates"":[13.194769303496974,48.735535541344895]}"
000000000000000006eb_0,1966.5,3196.5,1548.5,2581.0,980.5,1411.0,1147.5,1546.5,1137.0,1826.5,1950.5,2617.5,0.02858563261247825,0.10987129205104126,0.2634818,0.1779928,33.6,-14.28539277148418,-8.9071494650391,0.6235144953675427,5.37824330644508,31,619,155,16,"{""geodesic"":false,""type"":""Point"",""coordinates"":[13.339038738126568,48.85725726234309]}"
000000000000000006ec_0,2428.5,2550.0,1724.5,2105.5,1082.5,6160.0,1370.0,6248.0,1317.5,6448.0,3356.5,6734.0,-0.08466707391569946,-0.17796455326146537,0.43624306,0.021696253,52.2,-20.9723136014947,-14.432423701787853,0.6881655489244282,6.539889899706848,303,736,185,2,"{""geodesic"":false,""type"":""Point"",""coordinates"":[13.504867739575031,48.88824913964522]}"
000000000000000006ed_0,3531.5,4181.0,2350.0,3358.0,1452.5,1610.0,1761.5,1786.0,1681.5,2030.0,4359.0,3364.0,-0.05428817633452764,0.1105945462673223,0.44325802,0.24731183,37.6,-18.016042226322703,-11.900280974665788,0.6605380263418034,6.115761251656915,188,710,185,10,"{""geodesic"":false,""type"":""Point"",""coordinates"":[13.686147763910352,48.756286624408055]}"
000000000000000006ef_0,2361.0,3370.5,1606.0,2368.0,1192.0,1298.5,1578.0,1534.5,1243.0,1625.0,6548.0,3488.0,-0.36459802538787023,0.021365773870374156,0.68091387,0.36436534,43.4,-20.897094070617165,-13.521373348862564,0.6470456276442091,7.3757207217546,27,514,176,3,"{""geodesic"":false,""type"":""Point"",""coordinates"":[11.651463645379636,49.75862681842862]}"
000000000000000006f4_0,3367.0,3636.0,2376.0,2657.0,1339.0,1466.0,1606.0,1797.0,1431.0,1890.0,4061.0,4480.0,-0.059031182584820555,-0.036610878661087864,0.47887838,0.4065934,36.5,-21.75906811225463,-15.460589529913362,0.7105354627391424,6.29847858234127,237,481,194,5,"{""geodesic"":false,""type"":""Point"",""coordinates"":[11.878288254619815,49.8809773601257]}"
000000000000000006f8_0,3250.0,3489.0,2258.0,2582.0,1380.5,1464.0,1649.0,1790.0,1427.5,1844.0,4616.0,4484.0,-0.12357129473486977,-0.05451644357769701,0.52759165,0.4171934,50.6,-19.566292354353116,-13.703043442900736,0.7003392975395298,5.863248911452381,169,603,176,8,"{""geodesic"":false,""type"":""Point"",""coordinates"":[12.405778989454797,49.853039754789584]}"
000000000000000006fd_0,3278.0,4689.0,2164.5,3514.5,1384.5,1858.0,1749.0,2243.0,1549.0,2566.0,4493.5,4293.0,-0.09817842129845866,0.08235118603610324,0.4872983,0.25178596,44.1,-23.605918466580555,-14.915876594551516,0.6318702072816301,8.690041872029038,217,362,185,2,"{""geodesic"":false,""type"":""Point"",""coordinates"":[12.594335367591485,49.219098658786436]}"
000000000000000006ff_0,2905.5,3828.0,1902.5,2783.0,1224.0,1513.0,1574.0,1845.0,1279.0,1974.0,5055.5,4340.0,-0.20021024464831805,-0.004375804375804376,0.59617966,0.37472284,81.5,-21.083023842069338,-14.414808560916734,0.6837163714700754,6.668215281152603,258,505,194,4,"{""geodesic"":false,""type"":""Point"",""coordinates"":[12.84119240766753,49.213079946382834]}"
00000000000000000707_0,2964.0,3629.5,1952.0,2579.5,1191.0,1593.5,1533.0,1928.0,1302.0,2176.0,4652.0,4418.5,-0.15599960431298843,-0.017474085043367886,0.562647,0.34005612,38.3,-20.49226610425079,-13.633263773467876,0.6652882460197936,6.859002330782912,72,428,162,6,"{""geodesic"":false,""type"":""Point"",""coordinates"":[11.462637772657713,49.9410746526333]}"
00000000000000000708_0,3159.0,4293.0,2093.0,3227.5,1176.0,1776.5,1487.0,2157.0,1320.0,2527.0,4500.0,4432.0,-0.11787296898079763,0.046935564339716775,0.5463917,0.27374622,36,-22.03822615879541,-14.234179105589131,0.645885880425467,7.804047053206279,108,566,171,3,"{""geodesic"":false,""type"":""Point"",""coordinates"":[11.777048122099545,50.15244823898662]}"
00000000000000000716_0,3876.0,4144.5,2872.0,3048.5,1522.0,1594.0,1764.0,1894.5,1806.0,2074.0,3151.0,3891.0,0.09744084983099952,0.06267355919169479,0.27133346,0.30461022,19.9,-22.394952899430905,-15.170951437337054,0.6774272536077794,7.224001462093851,180,297,180,7,"{""geodesic"":false,""type"":""Point"",""coordinates"":[9.930471224063457,49.86049577164778]}"
00000000000000000718_0,8162.0,4430.5,6907.0,3396.0,11192.0,1728.5,11040.0,2037.0,11008.0,2417.0,11625.0,4217.5,-0.08686021863910258,0.07046547074686364,0.027261078,0.27138442,28.1,-18.06128101601327,-11.09175115794834,0.6141176336337554,6.9695298580649325,172,615,176,10,"{""geodesic"":false,""type"":""Point"",""coordinates"":[9.985897277093631,50.41799023697235]}"
0000000000000000071c_0,3594.0,3264.0,2322.0,2132.0,1470.0,1234.0,1916.0,1576.0,1510.0,1418.0,6124.0,5592.0,-0.19609387305087414,-0.18630517900590893,0.60440135,0.5954351,49.7,-18.743669691377946,-12.82126247682217,0.6840316057596729,5.922407214555776,100,529,163,6,"{""geodesic"":false,""type"":""Point"",""coordinates"":[9.74748440068831,47.61129396326932]}"
0000000000000000071d_0,3021.0,3378.0,1952.0,2223.0,1189.0,1267.0,1588.0,1524.0,1258.0,1410.0,5684.0,5808.0,-0.23260401721664276,-0.19278428727977745,0.6375684,0.60931003,35.5,-17.644960572359363,-10.786900230330232,0.6113303674493777,6.85806034202913,124,746,176,2,"{""geodesic"":false,""type"":""Point"",""coordinates"":[9.986705760849338,47.611653289382964]}"
0000000000000000071e_0,3195.0,3101.0,2109.0,1948.0,1294.0,1197.0,1718.0,1530.0,1426.0,1241.0,4896.0,5960.0,-0.14512996022569605,-0.24480389599095573,0.54887694,0.65532565,23,-20.467735923248423,-13.534213923357026,0.6612462645653002,6.933521999891397,236,701,185,2,"{""geodesic"":false,""type"":""Point"",""coordinates"":[10.013295893259276,47.68360834364094]}"
00000000000000000722_0,2861.5,3659.5,1831.0,2504.0,1191.0,1394.5,1569.0,1701.5,1206.5,1610.0,5982.0,5620.0,-0.27622097678142515,-0.14205470530771735,0.66432494,0.5546335,39.1,-18.91750780408278,-11.57027232473437,0.6116171561582372,7.347235479348411,22,708,168,11,"{""geodesic"":false,""type"":""Point"",""coordinates"":[10.226915267822898,47.82733878910006]}"
00000000000000000725_0,3049.0,3679.0,2039.0,2556.0,1364.0,1538.0,1687.0,1904.0,1412.0,1861.0,4038.0,4309.0,-0.09540707695427354,-0.026960569069992096,0.48183486,0.3967585,42.1,-18.269364766418256,-12.144887455836493,0.6647679112609629,6.124477310581764,0,830,180,2,"{""geodesic"":false,""type"":""Point"",""coordinates"":[10.387084882981409,47.826889631458]}"
00000000000000000728_0,3385.0,3170.0,2287.0,2160.0,1292.0,1436.0,1722.0,1746.0,1478.0,1531.0,4872.0,5115.0,-0.1179831323115988,-0.16441521507287593,0.5344882,0.5392718,50.9,-22.037897267834147,-14.444412465409911,0.6554351483656539,7.593484802424236,299,826,206,9,"{""geodesic"":false,""type"":""Point"",""coordinates"":[10.440624473914932,47.84467627408357]}"
00000000000000000729_0,3269.0,3427.0,2124.0,2471.0,1256.0,1334.0,1682.0,1596.0,1290.0,1546.0,6201.0,4176.0,-0.24117842876165113,-0.051225794142898025,0.6555867,0.4596295,135.2,-19.351333607886808,-12.885042324464198,0.6658477697481678,6.46629128342261,108,573,172,3,"{""geodesic"":false,""type"":""Point"",""coordinates"":[10.469640057591993,48.09656387975068]}"
0000000000000000072a_0,3151.5,3665.0,2343.0,2546.0,1963.5,1425.0,2294.0,1772.0,2010.0,2092.0,4684.0,4356.0,-0.1258362266068253,-0.0020800832033281333,0.3994622,0.35111663,44.5,-20.32939762019118,-12.1716628529561,0.5987222582958971,8.15773476723508,0,891,180,2,"{""geodesic"":false,""type"":""Point"",""coordinates"":[10.492187771223392,47.646507922406805]}"
0000000000000000072d_0,3705.0,3392.0,3231.0,2282.5,2166.0,1335.0,2460.0,1582.5,2268.0,1505.0,4848.0,4674.0,-0.08015708015708016,-0.1019622226297451,0.36256325,0.51286614,30,-19.17961036554673,-11.244837719106823,0.5862912491333231,7.934772646439907,180,481,180,10,"{""geodesic"":false,""type"":""Point"",""coordinates"":[10.554081694299228,48.45606965645531]}"
0000000000000000072f_0,2836.0,3658.0,1843.0,2666.0,1296.0,1562.5,1622.0,1852.5,1278.0,1888.0,4860.0,4356.5,-0.1988315481986368,-0.03253379851722634,0.5835777,0.39530787,40.8,-20.507552930692434,-12.220784019509122,0.5959162490430051,8.286768911183312,45,432,171,4,"{""geodesic"":false,""type"":""Point"",""coordinates"":[10.556327482509527,48.65396851354684]}"
00000000000000000730_0,3342.0,3468.0,2310.0,2440.5,1370.0,1391.5,1736.0,1735.0,1611.0,1666.5,4317.0,4808.5,-0.06898496240601504,-0.09400502889408444,0.45647773,0.48525098,52.5,-18.367075961540785,-12.586714294152614,0.6852867773023973,5.780361667388171,0,468,180,2,"{""geodesic"":false,""type"":""Point"",""coordinates"":[10.579504016839811,48.31197988488254]}"
00000000000000000731_0,3098.0,3575.5,1991.0,2392.0,1196.0,1353.5,1607.0,1678.0,1238.0,1619.5,6104.0,4966.0,-0.25472671020969406,-0.09765947283859482,0.66276217,0.50816184,69.3,-20.753776482108968,-13.605854089166282,0.6555844957131232,7.147922392942686,323,658,189,5,"{""geodesic"":false,""type"":""Point"",""coordinates"":[10.601692404357562,47.915912676114246]}"
00000000000000000732_0,3091.0,3353.5,2108.0,2283.5,1262.0,1327.0,1732.0,1647.5,1418.0,1506.0,4388.0,5043.0,-0.11231420415395216,-0.13451177701589564,0.51153976,0.54008245,35.6,-20.29646912792611,-13.444043492396943,0.6623833637102502,6.8524256355291655,180,671,180,2,"{""geodesic"":false,""type"":""Point"",""coordinates"":[10.602141561999622,47.95193511900744]}"
00000000000000000733_0,2935.0,2973.0,1918.0,2084.5,1218.0,1375.5,1626.0,1662.5,1268.0,1545.5,5135.0,4709.0,-0.20367563471011746,-0.1476940488540979,0.60393566,0.50579584,56.3,-19.282177040863722,-12.10881141328072,0.6279794749119428,7.173365627583003,333,586,189,6,"{""geodesic"":false,""type"":""Point"",""coordinates"":[10.630707988034624,48.09575539599498]}"
00000000000000000735_0,3251.0,3303.0,2167.0,2198.5,1254.0,1387.0,1662.0,1685.0,1408.0,1575.0,4748.0,5218.0,-0.12597317324828816,-0.15039623791692067,0.5425601,0.53628737,57.2,-21.37798905591451,-13.820221441084215,0.6464696658295211,7.557767614830297,0,560,180,1,"{""geodesic"":false,""type"":""Point"",""coordinates"":[10.711915689719028,48.149294986928496]}"
00000000000000000736_0,3171.5,3698.5,2101.5,2625.0,1182.0,1468.5,1679.0,1753.0,1344.0,1880.0,5182.5,4234.0,-0.16994485294117648,-0.010991933339242975,0.58814067,0.385018,98,-20.29113020788691,-13.262522613019218,0.6536118233504924,7.02860759486769,323,622,185,2,"{""geodesic"":false,""type"":""Point"",""coordinates"":[10.79024878249425,48.004756057713664]}"
0000000000000000073b_0,2883.0,3893.5,1918.5,2945.5,1068.5,1617.5,1436.5,1894.0,1239.0,2133.0,4559.5,3960.5,-0.15446153846153846,0.03864880003446939,0.5726481,0.29990974,60.1,-20.929064117611084,-14.584340510707019,0.6968462817424693,6.344723606904065,304,506,185,2,"{""geodesic"":false,""type"":""Point"",""coordinates"":[11.118403355783112,48.307847634575594]}"
0000000000000000073c_0,2847.0,3747.0,1935.5,2697.0,1122.0,1512.0,1527.0,1816.0,1330.0,1924.0,4325.0,4676.0,-0.13196176226101414,-0.0435955814149591,0.5296198,0.4169697,61.4,-21.12060437608067,-15.061158491581113,0.7131026282864352,6.059445884499558,180,402,180,5,"{""geodesic"":false,""type"":""Point"",""coordinates"":[11.124422068186712,48.577701545925095]}"
00000000000000000749_0,3391.5,4217.0,2500.0,3002.5,1463.0,1692.0,1710.5,1974.5,1625.5,2151.0,3926.0,4196.0,-0.035748606573130885,0.0391644908616188,0.4143925,0.32219946,17.6,-23.16844166698845,-15.491833692912865,0.668661013786974,7.676607974075585,0,23,180,0,"{""geodesic"":false,""type"":""Point"",""coordinates"":[12.325469603054513,52.750286209131865]}"
00000000000000000759_0,3092.0,3035.0,2078.0,2184.0,1327.0,1371.0,1617.0,1590.0,1379.0,1452.5,4948.0,3904.0,-0.16787641913270054,-0.08066581306017925,0.56409043,0.45766824,128.5,-20.318146316517335,-15.21681508901932,0.7489273308682218,5.101331227498015,0,27,180,2,"{""geodesic"":false,""type"":""Point"",""coordinates"":[12.683987232946613,52.79672910932084]}"
00000000000000000762_0,3419.0,4093.5,2266.0,3019.5,1357.0,1581.5,1680.5,1888.5,1591.5,2095.0,4904.0,4194.0,-0.11094353014239454,0.0345202273487128,0.50996846,0.33375734,241.3,-19.921546428109117,-14.260597568752436,0.7158378803681056,5.660948859356681,180,32,180,2,"{""geodesic"":false,""type"":""Point"",""coordinates"":[12.833287233167278,52.811281816923575]}"
00000000000000000798_0,3961.5,3356.5,2999.0,2715.5,1841.0,1513.5,2188.0,1761.5,2476.0,2079.0,3871.5,4217.0,0.059670781893004114,-0.026419487730610782,0.21985033,0.33958068,23.4,-20.56252726821393,-13.553467870974103,0.6591343415225711,7.009059397239827,38,97,176,2,"{""geodesic"":false,""type"":""Point"",""coordinates"":[8.867315085308002,50.12469029670733]}"
0000000000000000079e_0,3783.0,3760.0,2718.0,2628.0,1509.0,1511.0,1777.0,1812.5,1848.0,1899.0,3464.0,4402.0,0.062052055827989436,-0.021949533356377463,0.30421686,0.39723852,13.8,-18.609623824166277,-11.393748000323459,0.6122503124177958,7.2158758238428184,163,271,171,10,"{""geodesic"":false,""type"":""Point"",""coordinates"":[9.097822787213072,49.766981150570935]}"
000000000000000007a0_0,3248.0,3027.0,2231.0,2051.0,1408.0,1395.0,1741.0,1668.5,1608.0,1495.0,4124.0,5030.0,-0.06507508663842895,-0.17383758107243993,0.43893927,0.5417625,25.7,-20.341825002882793,-13.169997149556355,0.647434394293036,7.1718278533264375,218,174,185,2,"{""geodesic"":false,""type"":""Point"",""coordinates"":[9.146331812555525,50.16304835933923]}"
000000000000000007a1_0,3618.0,3981.0,2530.0,2651.0,1495.0,1416.0,1802.0,1665.0,1636.0,1625.0,3814.0,4405.5,-0.005206854113414749,-0.0188580179391818,0.39963302,0.4610729,88,-21.729653801680293,-15.204998904598526,0.6997349816692784,6.524654897081767,237,284,189,3,"{""geodesic"":false,""type"":""Point"",""coordinates"":[9.53629047739181,50.36310317311265]}"
000000000000000007a2_0,1175.0,3311.5,1070.0,2378.0,1090.0,1458.0,1134.0,1760.0,1054.0,1635.5,1445.0,4597.5,-0.06423173803526448,-0.10074982958418541,0.15646258,0.47521257,28.4,-19.96463253197151,-13.779662029283983,0.6902036392213646,6.184970502687527,150,484,167,9,"{""geodesic"":false,""type"":""Point"",""coordinates"":[9.620462619513809,50.38142880490869]}"
000000000000000007a5_0,4005.0,3485.0,2817.0,2379.0,1491.0,1414.0,1816.0,1785.0,1788.0,1740.0,4637.0,5076.0,-0.02810166932304337,-0.107981220657277,0.44342414,0.48943663,24.9,-21.586651986653358,-14.375107054263129,0.6659257333258998,7.211544932390229,72,205,162,6,"{""geodesic"":false,""type"":""Point"",""coordinates"":[8.601413761208624,50.60726526733633]}"
000000000000000007a6_0,4983.0,3094.0,4100.0,2375.0,2962.5,1443.0,3112.0,1626.0,3170.0,1814.0,5086.5,3305.0,0.006418960622145414,0.016570008285004142,0.23212014,0.2912678,19.9,-18.044014751102488,-11.619330385643451,0.643943742338911,6.424684365459036,0,257,180,10,"{""geodesic"":false,""type"":""Point"",""coordinates"":[8.598718815356266,50.69718662727669]}"
000000000000000007af_0,4768.0,3974.0,3277.5,2769.0,1571.0,1540.0,1883.0,1946.0,2201.0,1978.0,3925.0,5139.0,0.11817087845968713,-0.057556804686881485,0.28142345,0.44414783,33.1,-22.83892496633345,-15.955226656072485,0.6985979716467333,6.883698310260966,339,305,185,4,"{""geodesic"":false,""type"":""Point"",""coordinates"":[9.053805338291216,50.59388036960295]}"
000000000000000007b2_0,2504.0,3715.0,1689.0,2574.0,1398.0,1541.0,1644.0,1886.0,1532.0,1862.0,3230.0,4860.0,-0.06832871652816251,-0.06879278677575555,0.35657287,0.44599822,19.5,-21.13302594538591,-14.3753794257081,0.6802328953202632,6.7576465196778095,0,263,180,6,"{""geodesic"":false,""type"":""Point"",""coordinates"":[9.113004315514692,50.450509250257475]}"
000000000000000007b3_0,5030.0,3515.0,3703.5,2431.0,2022.0,1484.0,2340.0,1806.0,2926.0,1689.0,4069.0,5588.0,0.1327685626824233,-0.15216682958618444,0.16340242,0.5357977,37.7,-21.740235675851082,-14.254403757648916,0.6556692379136726,7.485831918202166,342,309,185,5,"{""geodesic"":false,""type"":""Point"",""coordinates"":[9.108961896736155,50.666284581502985]}"
000000000000000007b6_0,3182.0,4034.0,2025.0,3075.0,1498.0,1748.5,1830.0,2049.0,1455.0,2225.0,5572.0,4846.0,-0.2078243785769198,-0.02610183996576808,0.585883,0.37066892,45.9,-19.041172136481837,-13.314372574752998,0.6992412273424803,5.726799561728839,204,561,189,7,"{""geodesic"":false,""type"":""Point"",""coordinates"":[9.253231331365749,50.4875198399632]}"
000000000000000007ba_0,3829.0,3601.5,2708.5,2494.0,1545.0,1491.0,1804.5,1787.0,1866.0,1805.0,3779.0,4738.5,0.03366911697976223,-0.0707287727741492,0.33888397,0.44830748,39.3,-20.74378618060316,-13.232437303598456,0.6378988477991389,7.511348877004703,108,377,171,3,"{""geodesic"":false,""type"":""Point"",""coordinates"":[9.363544448255626,50.66799138054281]}"
000000000000000007bb_0,4831.0,3213.0,3939.0,2238.5,4835.0,1385.5,4752.5,1683.5,4947.0,1537.5,5405.5,5331.5,-0.023103629143042686,-0.17148463047743623,0.044288818,0.5523366,21.8,-21.413543986573046,-14.768526576503024,0.6896815672250864,6.645017410070022,270,344,203,7,"{""geodesic"":false,""type"":""Point"",""coordinates"":[9.362017312272624,50.77578921463716]}"
000000000000000007bc_0,3069.0,3725.0,2085.0,2721.0,1329.0,1578.0,1640.0,1885.0,1426.5,2028.0,4259.0,4260.0,-0.10834531660633709,-0.007333275817444569,0.49819717,0.35496184,35,-20.348321234217313,-14.11539580919224,0.693688469270678,6.232925425025073,122,309,162,7,"{""geodesic"":false,""type"":""Point"",""coordinates"":[8.647048177641896,50.98545600195065]}"
000000000000000007cd_0,3721.5,3398.5,2576.0,2338.0,1513.0,1412.0,1752.5,1711.0,1752.0,1713.0,3641.0,4588.0,0.030063514467184194,-0.0799622013229537,0.35026887,0.45627677,35.4,-20.661225846163653,-13.166708927269104,0.6372665893739252,7.494516918894549,136,327,166,6,"{""geodesic"":false,""type"":""Point"",""coordinates"":[9.29832675862855,51.2429131623793]}"
000000000000000007da_0,3294.0,3120.5,2318.5,2190.0,1401.5,1501.0,1667.0,1791.5,1572.0,1689.0,3989.5,4176.0,-0.05118455688797894,-0.0827254088590092,0.43468487,0.4240409,41.8,-20.481328742308122,-14.2237858126582,0.6944757340511915,6.257542929649922,90,205,176,1,"{""geodesic"":false,""type"":""Point"",""coordinates"":[9.645256121355509,50.8129794673997]}"
000000000000000007e0_0,2728.0,3147.5,1884.0,2245.5,1470.0,1420.5,1807.0,1639.0,1511.0,1554.0,4180.0,3561.5,-0.1426837900697745,-0.028966799194506117,0.46898612,0.39243475,26.1,-20.248529211965597,-12.528809931477106,0.6187516041448272,7.719719280488491,335,452,194,10,"{""geodesic"":false,""type"":""Point"",""coordinates"":[9.81701400367916,50.43577687959792]}"
000000000000000007e2_0,3735.5,3798.5,2746.0,2734.0,1443.5,1434.5,1607.0,1664.0,1596.0,1712.5,3290.0,3588.0,0.05941381023348236,0.04637584848341007,0.34670487,0.35383454,51,-14.194265638314297,-8.487331291425894,0.5979408521506185,5.706934346888403,107,406,153,9,"{""geodesic"":false,""type"":""Point"",""coordinates"":[9.813869900184743,51.244889456004366]}"
000000000000000007e3_0,2218.5,2485.0,1592.0,1831.5,1261.5,1354.5,1434.0,1550.0,1287.0,1548.0,4658.0,3461.0,-0.25612732095490715,-0.08843306775159632,0.56703115,0.38191256,25.8,-15.749829154519443,-9.952331771189176,0.631900935149721,5.797497383330267,341,265,189,9,"{""geodesic"":false,""type"":""Point"",""coordinates"":[9.871990899067276,50.93928259634691]}"
000000000000000007e5_0,3205.5,3378.0,2118.0,2500.5,1386.0,1459.5,1586.0,1723.5,1512.0,1739.0,4065.0,3691.5,-0.0721345331169789,-0.0033112582781456954,0.457773,0.35954332,12,-17.304369398224658,-10.876860824796754,0.6285615253863377,6.427508573427904,180,339,180,5,"{""geodesic"":false,""type"":""Point"",""coordinates"":[9.871092583783156,51.26294559321517]}"
000000000000000007ef_0,2843.0,4075.0,2000.0,2984.0,1288.0,1715.0,1518.0,2005.0,1475.0,2300.0,4252.0,4208.0,-0.12396023534185432,0.03675394373068792,0.4848961,0.29317763,16.8,-22.34427403578711,-15.472733041703007,0.6924697135794843,6.871540994084102,59,45,175,2,"{""geodesic"":false,""type"":""Point"",""coordinates"":[11.940451672280885,53.422315873181674]}"
000000000000000007f2_0,3037.5,3209.5,1997.0,2306.5,1288.0,1382.0,1603.5,1560.0,1372.0,1554.5,5102.0,3654.0,-0.18338811982036204,-0.027755102040816326,0.5761508,0.4030911,370.6,-20.131210285792786,-13.64450873573345,0.677778858897659,6.486701550059337,180,7,180,1,"{""geodesic"":false,""type"":""Point"",""coordinates"":[12.361132719834057,53.954298184437256]}"
000000000000000007f3_0,3041.0,3400.5,1963.0,2588.0,1209.0,1517.0,1584.0,1793.0,1293.0,1778.5,5784.0,4030.0,-0.2347488302286572,-0.03430915532351296,0.6345909,0.38762158,18.8,-18.624200434527168,-12.68667763240347,0.6811931431367008,5.9375228021236985,240,27,185,2,"{""geodesic"":false,""type"":""Point"",""coordinates"":[12.403892527358147,54.16926503192706]}"
00000000000000000806_0,4166.0,3574.0,4013.0,2406.0,2744.0,1376.5,2920.0,1708.5,2926.0,1589.5,4617.0,5419.5,-0.018612052860997718,-0.1365023621388854,0.22418135,0.5464403,40.5,-21.25967150702921,-15.363433692190146,0.7226562125906058,5.896237814839065,248,193,194,5,"{""geodesic"":false,""type"":""Point"",""coordinates"":[10.27434631482441,51.62218187533457]}"
0000000000000000081f_0,3002.0,3544.5,2151.0,2687.5,1288.0,1405.5,1548.0,1707.0,1516.0,1574.5,3824.0,4768.0,-0.0616822429906542,-0.09338056232012397,0.43220973,0.5035081,33.3,-19.56495841418385,-13.411455897353079,0.6854834860078356,6.15350251683077,180,36,180,1,"{""geodesic"":false,""type"":""Point"",""coordinates"":[8.855906481199685,52.89320817083528]}"
0000000000000000083a_0,3387.0,3596.5,2200.5,2663.0,1332.0,1434.0,1593.5,1617.0,1419.0,1571.5,5264.0,3676.0,-0.15699000175407823,0.005643121229811247,0.5753404,0.40104812,407.9,-19.017774647870535,-13.469267350474176,0.7082462380519564,5.548507297396359,270,-2,185,2,"{""geodesic"":false,""type"":""Point"",""coordinates"":[8.605007022345102,53.30400775026314]}"
0000000000000000083b_0,3462.5,3148.0,2539.5,2359.0,1924.0,1383.0,2166.5,1640.5,2220.0,1549.0,4388.0,4212.0,-0.05248238776105715,-0.08725223474543335,0.32808718,0.46224615,29.3,-17.81024437784911,-12.074404413624016,0.6779471498235673,5.735839964225093,0,6,180,0,"{""geodesic"":false,""type"":""Point"",""coordinates"":[8.720171041769225,53.46705197433083]}"
0000000000000000083c_0,3131.0,2749.5,2028.0,2049.5,1294.0,1358.0,1579.0,1503.0,1267.0,1446.0,4948.0,2900.0,-0.17330827067669172,-0.007393387354350269,0.59227675,0.3345605,101.3,-19.60983733926934,-13.907111819303658,0.7091905750515437,5.702725519965682,0,0,180,0,"{""geodesic"":false,""type"":""Point"",""coordinates"":[8.78799384572025,53.19809637826545]}"
0000000000000000083e_0,3838.0,3131.5,2735.5,2138.5,1521.0,1371.5,1896.0,1657.0,1737.5,1421.5,4520.0,5234.0,-0.040072310937029225,-0.18394049379396873,0.4446664,0.5728345,38.8,-21.018492248401806,-14.322946015134093,0.6814449793002243,6.695546233267713,180,7,180,2,"{""geodesic"":false,""type"":""Point"",""coordinates"":[8.87495076522302,53.30679252764391]}"
0000000000000000083f_0,4016.0,3307.0,2835.0,2548.0,1493.0,1437.5,1802.0,1659.5,1850.0,1732.0,4748.0,3223.5,-0.030973816800198232,0.03896907216494845,0.439224,0.30097872,292.1,-19.866340202460094,-12.505006501700022,0.6294569797083963,7.361333700760072,239,6,185,2,"{""geodesic"":false,""type"":""Point"",""coordinates"":[8.93801249816821,53.181567377037645]}"
00000000000000000841_0,2832.0,3116.0,2074.5,2345.0,1512.5,1476.0,1723.0,1711.0,1588.0,1680.0,4380.0,4164.0,-0.1427878787878788,-0.08087389804522806,0.46782842,0.42505133,31.4,-18.570652328679564,-12.427883589933064,0.6692217036845861,6.142768738746501,90,4,175,2,"{""geodesic"":false,""type"":""Point"",""coordinates"":[9.112734820929456,53.416656486891725]}"
0000000000000000084a_0,2070.0,2723.0,1522.0,1934.0,1213.0,1396.0,1526.0,1558.0,1193.0,1539.0,5480.0,4358.0,-0.34451586982723986,-0.14896166134185304,0.64243966,0.47803968,75.7,-20.22745689037893,-13.926262379808174,0.6884831076531482,6.301194510570758,309,9,195,6,"{""geodesic"":false,""type"":""Point"",""coordinates"":[10.225028805726247,53.31182309323498]}"
0000000000000000085f_0,3210.0,3298.0,2067.0,2163.0,1320.0,1294.5,1670.0,1616.0,1368.0,1389.0,5449.0,5991.5,-0.19309068476249228,-0.21707174475904117,0.59865046,0.62360275,30.5,-20.93392409118843,-14.328595789672418,0.684467743709057,6.605328301516012,320,-3,185,2,"{""geodesic"":false,""type"":""Point"",""coordinates"":[7.3258060577589035,53.12066160077434]}"
00000000000000000860_0,3607.0,2908.5,2394.5,2187.0,1681.0,1324.5,1944.0,1563.5,1610.5,1503.0,5523.0,3130.0,-0.1599243247594896,-0.004849988720956463,0.5484685,0.35117635,75.2,-20.231725272773538,-13.90062199225362,0.6870705194361313,6.331103280519917,0,-2,180,0,"{""geodesic"":false,""type"":""Point"",""coordinates"":[7.315834758105177,53.28226852038744]}"
00000000000000000862_0,4284.0,2714.5,3394.0,1886.5,1612.0,1334.5,1808.0,1564.0,2010.0,1546.5,3499.0,3794.5,0.10372643577378343,-0.09243876464323748,0.27028498,0.42089495,510.7,-19.476709920323792,-11.30076594755045,0.5802194515285249,8.175943972773341,0,5,180,0,"{""geodesic"":false,""type"":""Point"",""coordinates"":[7.477172183133043,53.08796292443239]}"
00000000000000000866_0,3768.0,3136.0,2548.0,2082.0,1480.0,1391.0,1852.0,1672.0,1692.0,1602.0,5412.0,4972.0,-0.11593264248704663,-0.14638320871993515,0.5236486,0.5126255,152.3,-19.70103210491104,-14.17912133322348,0.7197146452895192,5.52191077168756,180,-1,180,1,"{""geodesic"":false,""type"":""Point"",""coordinates"":[7.59251586561399,53.162253598429075]}"
0000000000000000086d_0,3341.0,2642.5,2171.0,1814.0,1440.0,1343.0,1776.0,1562.0,1410.0,1393.0,5048.0,4672.0,-0.15455111664738855,-0.19695537535445998,0.5633323,0.54064304,62.8,-19.336113865691058,-13.8526734289852,0.7164145559550426,5.483440436705857,239,25,185,2,"{""geodesic"":false,""type"":""Point"",""coordinates"":[7.81987946402464,52.8069699035598]}"
0000000000000000086f_0,3399.0,4053.5,2167.0,2967.0,1354.0,1740.5,1668.0,2067.0,1405.0,2271.0,6340.0,4524.0,-0.23123699791966715,0.004766065612836603,0.6371853,0.33156732,18.7,-19.34490487336646,-13.6107489245559,0.7035831405557754,5.73415594881056,212,87,195,9,"{""geodesic"":false,""type"":""Point"",""coordinates"":[7.864435902116969,52.502081696129636]}"
00000000000000000870_0,3447.0,2881.0,2299.0,1909.5,1408.0,1345.0,1719.0,1641.5,1442.0,1338.0,4540.0,5682.0,-0.0977207714312079,-0.24968877823226035,0.517887,0.61880344,30.9,-19.38469436505336,-13.876323212970398,0.715839153904153,5.508371152082962,59,3,175,2,"{""geodesic"":false,""type"":""Point"",""coordinates"":[7.8352406553830845,53.09496978364852]}"
00000000000000000874_0,2594.0,3047.0,1748.0,2147.0,1199.0,1333.0,1466.0,1758.0,1203.0,1456.0,5260.0,5700.0,-0.2595553822152886,-0.21931345353675452,0.6277271,0.5930688,55.8,-19.02971924196562,-11.583545503527827,0.6087081662236514,7.446173738437793,0,-2,180,1,"{""geodesic"":false,""type"":""Point"",""coordinates"":[7.8390135795763864,53.616441806079905]}"
00000000000000000877_0,3370.5,3188.5,2231.0,2077.5,1349.0,1323.0,1643.0,1655.0,1418.5,1362.0,4484.0,5718.0,-0.09828657503295048,-0.21485571323814864,0.5193562,0.6152542,84.8,-21.38572898338444,-14.496950297790129,0.6778796415615983,6.8887786855943105,0,-2,180,0,"{""geodesic"":false,""type"":""Point"",""coordinates"":[7.905668573658055,53.4916658131157]}"
00000000000000000879_0,2989.0,2848.0,2002.0,1978.0,1314.0,1329.5,1616.0,1607.0,1392.5,1403.0,4738.0,4876.0,-0.16010926343029663,-0.1869172285181466,0.5457141,0.5531136,68.6,-19.298358348424387,-12.070970055027814,0.6254920671018294,7.227388293396572,79,8,166,5,"{""geodesic"":false,""type"":""Point"",""coordinates"":[7.944385962403606,53.31263157699068]}"
0000000000000000087c_0,3358.0,2914.0,2230.0,1993.0,1419.0,1280.0,1768.0,1504.5,1657.0,1313.5,5320.0,4452.0,-0.14667347286030288,-0.15106180029117927,0.52501076,0.5443587,30.1,-17.88755699594862,-11.522800130640649,0.644179645842664,6.364756865307973,112,11,166,5,"{""geodesic"":false,""type"":""Point"",""coordinates"":[8.037631088895212,53.24220365871571]}"
00000000000000000885_0,3917.0,3115.5,2768.0,2287.5,1499.0,1390.5,1726.0,1629.0,1816.0,1505.0,3886.0,4338.0,0.03130059363194819,-0.1070634843946275,0.36303052,0.48485368,169.7,-21.3069980277235,-14.854490564581756,0.6971648725575469,6.4525074631417425,301,-2,185,2,"{""geodesic"":false,""type"":""Point"",""coordinates"":[8.307215505659482,53.24633590902266]}"
00000000000000000887_0,3399.5,3050.5,2263.5,2065.5,1444.0,1355.0,1835.0,1654.0,1573.0,1487.5,4776.0,4892.0,-0.11145856600402054,-0.15846082522021326,0.5044889,0.5336625,52.9,-19.355171931487043,-14.437572790660408,0.7459284186038837,4.917599140826635,0,-2,180,1,"{""geodesic"":false,""type"":""Point"",""coordinates"":[8.391657142366716,53.39123416435114]}"
00000000000000000888_0,2957.0,1911.5,1888.0,1579.0,1186.0,1300.0,1295.0,1419.5,1195.0,1367.5,2456.0,2188.0,0.06543494996150885,-0.030885178070045812,0.34538484,0.23076923,76.1,-15.997989451588953,-9.400914445042787,0.5876309941002661,6.5970750065461665,90,25,175,2,"{""geodesic"":false,""type"":""Point"",""coordinates"":[8.44384926037406,52.78073909726351]}"
00000000000000000889_0,3349.0,3281.0,2168.0,2259.0,1352.0,1373.0,1724.0,1665.5,1459.0,1509.0,5228.0,5458.0,-0.1556023884791008,-0.17563032441270116,0.56363094,0.56681496,40.8,-20.88472734604902,-13.996741525793404,0.6701902923545379,6.887985820255615,270,-1,185,2,"{""geodesic"":false,""type"":""Point"",""coordinates"":[8.459569777846152,53.17644697991816]}"
00000000000000000899_0,3021.5,3583.0,2239.5,2779.5,1311.0,1474.5,1536.5,1795.0,1328.5,1792.0,4771.5,4446.5,-0.16606757728253055,-0.0483356940509915,0.56442624,0.42550293,21.5,-20.181308305838318,-10.128635007286128,0.5018819817720134,10.05267329855219,270,49,185,2,"{""geodesic"":false,""type"":""Point"",""coordinates"":[6.870000882596658,51.97647742339131]}"
000000000000000008a1_0,3172.5,3311.0,2452.0,2611.5,1436.0,1782.0,1668.0,2030.0,1567.5,2161.0,3545.5,3964.0,-0.024841845394229286,-0.024425031199857374,0.38685703,0.29436734,13.5,-18.44595323847162,-11.939525395147275,0.6472707179071516,6.506427843324346,208,48,185,3,"{""geodesic"":false,""type"":""Point"",""coordinates"":[7.35230635864043,51.70051496810979]}"
000000000000000008a6_0,3140.5,3787.0,2103.0,2750.0,1329.0,1521.0,1652.5,1806.0,1354.0,1827.0,4506.5,4284.0,-0.1298160696999032,-0.016726508450827567,0.5379234,0.40206185,26.2,-21.25706431069969,-13.798101556391702,0.6491066383727532,7.458962754307988,238,52,185,2,"{""geodesic"":false,""type"":""Point"",""coordinates"":[7.7338208598059905,52.17608307952266]}"
000000000000000008ac_0,3118.5,3150.0,2224.5,2215.0,1349.5,1452.0,1619.5,1692.0,1455.5,1578.0,3844.0,4338.0,-0.06342462247248529,-0.10096976611523104,0.4507029,0.46653143,56.6,-18.356031138741464,-12.527455794259101,0.6824708293188271,5.828575344482363,270,55,185,2,"{""geodesic"":false,""type"":""Point"",""coordinates"":[7.975737165819377,52.00064210453412]}"
000000000000000008b1_0,3322.0,3007.0,2241.0,2184.0,1437.0,1352.0,1695.0,1606.0,1503.5,1496.0,4445.5,4494.0,-0.09871124392977214,-0.1297709923664122,0.4945369,0.50050086,27.4,-17.77013681674285,-11.694086071694226,0.6580751849178884,6.076050745048622,0,126,180,0,"{""geodesic"":false,""type"":""Point"",""coordinates"":[8.649204134323783,51.88440010676906]}"
000000000000000008c6_0,2866.5,3604.0,1858.0,2542.0,1200.0,1436.0,1515.0,1790.0,1188.0,1814.0,4908.0,4859.0,-0.20206642066420663,-0.0748740715444378,0.6102362,0.4563165,38.2,-20.083363564499724,-14.006350294639262,0.6974105831255044,6.077013269860462,338,333,185,4,"{""geodesic"":false,""type"":""Point"",""coordinates"":[8.079762075720419,50.9234722473464]}"
000000000000000008c9_0,3225.5,3435.0,2146.5,2455.5,1302.5,1340.5,1630.0,1628.5,1380.0,1640.0,4858.0,4132.0,-0.14443618799925692,-0.03768665560559374,0.5575505,0.43173942,45.5,-20.266762127926842,-13.882139117383774,0.6849707432177686,6.384623010543068,270,358,185,1,"{""geodesic"":false,""type"":""Point"",""coordinates"":[8.259964121714795,51.42976274147617]}"
000000000000000008ca_0,2992.0,3603.0,2312.5,2897.0,1386.5,1660.0,1614.5,1982.0,1726.5,2226.0,3434.0,3911.0,-0.010692944753118775,0.022631578947368423,0.3308788,0.27456412,42.2,-20.43397701196168,-11.946483160123877,0.5846381814529116,8.487493851837803,129,534,149,13,"{""geodesic"":false,""type"":""Point"",""coordinates"":[8.361653411877123,50.99973921496815]}"
000000000000000008d3_0,2902.0,3102.5,1966.0,2222.0,1233.0,1350.0,1557.0,1633.0,1356.0,1546.0,4464.0,4816.5,-0.14455047714716224,-0.1403606102635229,0.5340206,0.5140275,26.5,-19.80876812965001,-13.548032039038148,0.6839411694036281,6.260736090611861,338,176,194,12,"{""geodesic"":false,""type"":""Point"",""coordinates"":[7.632221401172073,50.77129763821656]}"
000000000000000008d7_0,3148.5,3954.0,2057.0,2827.0,1256.5,1653.5,1566.5,1987.0,1334.0,2163.0,4542.0,4584.0,-0.1280031125376909,-0.009753531102027601,0.54594964,0.35882613,34,-22.616664257592888,-15.548637415919757,0.687485883807987,7.068026841673131,122,334,176,2,"{""geodesic"":false,""type"":""Point"",""coordinates"":[7.900188850424926,50.488687649832556]}"
000000000000000008d8_0,3267.0,3329.0,2295.0,2275.0,1368.5,1467.0,1685.0,1783.0,1512.0,1646.0,3822.5,5277.0,-0.04132397191574724,-0.15095144636914412,0.433124,0.5244836,24.4,-19.16361524216056,-12.818248137739651,0.6688846533267429,6.345367104420909,165,292,176,6,"{""geodesic"":false,""type"":""Point"",""coordinates"":[7.9330671898237,50.381338973380274]}"
000000000000000008db_0,2933.0,3488.0,1992.0,2582.0,1286.5,1643.0,1475.5,1872.0,1396.5,2200.0,4426.0,3536.0,-0.13772156940848437,0.046839054016747955,0.52030915,0.23291492,60.4,-19.866253786858323,-13.255854143648131,0.6672548476359936,6.610399643210192,345,508,185,6,"{""geodesic"":false,""type"":""Point"",""coordinates"":[7.975467671234141,50.70590028553266]}"
000000000000000008dd_0,3258.5,3370.0,2215.0,2284.0,1395.0,1654.0,1699.0,1990.0,1634.0,2108.0,4333.5,4188.0,-0.07871198568872988,-0.03215547703180212,0.45236698,0.3303685,84.6,-19.499844775046917,-13.7307833974725,0.7041483435315943,5.769061377574417,90,594,176,1,"{""geodesic"":false,""type"":""Point"",""coordinates"":[8.118389632937557,50.67230329390659]}"
000000000000000008df_0,3489.0,4075.0,2364.0,2863.0,1370.5,1598.0,1713.0,1936.0,1572.5,2100.0,4522.0,4738.0,-0.07586269855760452,-0.012868675565502358,0.48396096,0.3857853,30.5,-21.718163284168458,-13.91080496033176,0.6405147976059328,7.807358323836699,10,426,176,8,"{""geodesic"":false,""type"":""Point"",""coordinates"":[6.592511291332138,50.24138145211445]}"
000000000000000008e0_0,3220.0,3388.0,2399.0,2589.0,1349.0,1520.0,1648.0,1758.0,1645.0,1866.0,3810.0,3888.0,-0.029329608938547486,-0.014443819170887263,0.3968836,0.3514077,29,-21.029641115435243,-13.580896882224831,0.6457978435141617,7.448744233210412,180,332,180,4,"{""geodesic"":false,""type"":""Point"",""coordinates"":[6.638235539293822,49.9907514878451]}"
000000000000000008e2_0,2905.0,3183.0,2000.0,2261.0,1197.0,1311.0,1567.0,1608.0,1231.0,1445.0,5228.5,4947.0,-0.21677791980305827,-0.14973360279257764,0.61885595,0.54787236,21.1,-20.987065084794104,-13.767506384156924,0.6559996039718763,7.2195587006371795,102,161,167,4,"{""geodesic"":false,""type"":""Point"",""coordinates"":[6.732828138711607,49.83148018797071]}"
000000000000000008e4_0,3216.5,4240.0,2198.0,3022.0,1296.0,1684.0,1600.5,2054.0,1323.5,2372.0,4702.5,4764.0,-0.13839730511932438,0.012557427258805513,0.56073684,0.3352018,52.7,-21.555656947835892,-13.581240440947774,0.6300545826004751,7.974416506888119,322,516,185,2,"{""geodesic"":false,""type"":""Point"",""coordinates"":[6.730043361330837,50.28135648225777]}"
000000000000000008e6_0,3203.5,3774.0,2114.0,2636.0,1276.0,1576.0,1573.0,1906.0,1361.5,2078.0,4658.0,4816.0,-0.13039337079721877,-0.044103234237177394,0.54763687,0.39715695,31,-19.44920605186853,-13.216181695795552,0.6795229409647724,6.233024356072978,142,536,154,14,"{""geodesic"":false,""type"":""Point"",""coordinates"":[6.789781327724786,50.22907453272202]}"
000000000000000008e8_0,3264.0,3954.0,2173.0,2653.0,1332.0,1614.0,1700.0,1916.0,1364.0,2032.0,5219.0,5008.0,-0.17201896412917075,-0.05044416243654822,0.58559924,0.4227273,34.3,-20.440643841117225,-15.26540103151546,0.7468160567823434,5.175242809601766,207,393,185,3,"{""geodesic"":false,""type"":""Point"",""coordinates"":[7.580837766920435,49.56486021164404]}"
000000000000000008ea_0,2331.5,2980.0,1752.5,2195.0,1186.0,1344.0,1466.0,1623.0,1275.5,1581.0,3072.0,3593.0,-0.0827717736808646,-0.03958728153295431,0.41322598,0.3888674,27.6,-19.092619145136602,-12.950477662715665,0.6782975957499522,6.1421414824209375,13,300,172,12,"{""geodesic"":false,""type"":""Point"",""coordinates"":[7.63347904256984,49.61992693856057]}"
000000000000000008f5_0,2791.5,3104.0,1861.0,2218.0,1178.5,1379.5,1426.0,1574.0,1214.5,1582.0,4464.0,3676.0,-0.1696118567653003,-0.037930503515885644,0.5722462,0.39825028,83,-17.999172987041927,-11.061749782347333,0.6145698910894947,6.9374232046945945,229,209,194,6,"{""geodesic"":false,""type"":""Point"",""coordinates"":[6.700668451540128,49.48859324402229]}"
000000000000000008f6_0,2669.5,3752.0,1844.0,2688.0,1233.5,1618.0,1532.5,1944.0,1311.5,2066.0,4010.5,4444.0,-0.13691056910569105,-0.02053872053872054,0.50714016,0.36528417,36.7,-17.46450185456444,-11.517581882488946,0.6594852792482464,5.946919972075493,78,379,167,4,"{""geodesic"":false,""type"":""Point"",""coordinates"":[6.779810028071059,49.54482778080818]}"
000000000000000008f8_0,2938.0,4150.5,1956.5,3077.5,1207.5,1769.5,1535.0,2113.0,1234.0,2337.0,4967.0,4854.0,-0.19354371043347993,-0.010372969262451376,0.6019997,0.35002086,23.8,-21.134151996548965,-15.58839467692934,0.7375926263554269,5.545757319619625,327,339,194,8,"{""geodesic"":false,""type"":""Point"",""coordinates"":[7.119732531581885,49.410080488190246]}"
00000000000000000900_0,3001.0,3134.0,2006.0,2219.0,1296.0,1327.0,1632.0,1610.0,1375.0,1518.0,4976.0,4556.0,-0.17806160781367392,-0.11684859990507832,0.56699735,0.5001646,47.9,-20.07067684118808,-13.571185003435868,0.6761697729887082,6.499491837752213,326,469,194,8,"{""geodesic"":false,""type"":""Point"",""coordinates"":[12.411438375744751,50.518511717265326]}"
0000000000000000091b_0,3890.0,4226.5,3108.0,3534.0,1298.0,1601.0,1654.0,1902.0,1634.0,1918.5,3444.0,4454.0,0.07617377751802065,0.007377049180327869,0.35643953,0.3978815,52.4,-22.744179445465996,-14.933137441818952,0.6565696281822047,7.811042003647044,0,36,180,1,"{""geodesic"":false,""type"":""Point"",""coordinates"":[11.401103175695525,52.566940059643066]}"
00000000000000000921_0,3095.0,3573.0,2092.0,2382.5,1279.0,1400.5,1641.0,1685.5,1330.0,1562.0,4704.0,4862.5,-0.14969254419677172,-0.09896473065450079,0.55916476,0.5137365,17.1,-23.144422796967298,-16.088334246864417,0.6951279099936133,7.056088550102881,59,28,176,2,"{""geodesic"":false,""type"":""Point"",""coordinates"":[11.493270323846188,52.67365991539647]}"
00000000000000000922_0,3595.0,3832.0,2348.0,2710.5,1271.0,1498.0,1621.0,1783.0,1371.0,1760.0,4972.0,4414.5,-0.11392630921580872,-0.02785866400104307,0.5677124,0.42991334,74.6,-21.40583317258209,-14.571808447298286,0.6807400735030841,6.834024725283802,90,32,166,5,"{""geodesic"":false,""type"":""Point"",""coordinates"":[11.520309613898185,52.60143536655326]}"
00000000000000000925_0,3143.0,3494.5,2210.0,2418.5,1298.0,1432.5,1611.0,1716.5,1429.0,1652.0,4060.0,4828.0,-0.07915407854984895,-0.09765933198912949,0.47932228,0.49012345,33.7,-21.981091864922714,-14.380008640481467,0.6541990147190546,7.601083224441247,180,18,180,1,"{""geodesic"":false,""type"":""Point"",""coordinates"":[11.591725678985688,52.94207652229138]}"
00000000000000000932_0,3381.0,4456.5,2261.0,3266.0,1246.0,1806.0,1597.0,2120.0,1404.0,2466.0,4226.0,4296.0,-0.06697864872769815,0.06299666014050444,0.50124335,0.27063,38.6,-22.847676022436488,-15.261621262249705,0.6679725871140131,7.586054760186784,59,23,175,2,"{""geodesic"":false,""type"":""Point"",""coordinates"":[11.946111058570839,52.882877545067906]}"
00000000000000000934_0,3905.0,4257.5,2802.0,3054.0,1477.0,1689.0,1687.0,1965.0,1766.0,2265.0,3463.0,4097.5,0.06889077372537933,0.05979364692501422,0.32453623,0.28801572,14.2,-23.716745264195296,-15.815320257950752,0.6668419330635064,7.901425006244544,151,33,176,3,"{""geodesic"":false,""type"":""Point"",""coordinates"":[11.985187773430038,52.43282158772402]}"
00000000000000000936_0,3215.0,3802.0,2148.0,2607.0,1318.0,1428.0,1565.0,1696.0,1366.0,1684.0,4420.0,4604.0,-0.11212326775850373,-0.04740406320541761,0.5278258,0.4643766,88.5,-20.200905011890796,-13.94030501114461,0.6900831919628834,6.260600000746187,180,29,180,3,"{""geodesic"":false,""type"":""Point"",""coordinates"":[12.077534584637524,52.52112598015297]}"
0000000000000000093b_0,3249.5,3887.0,2274.0,2889.5,1393.0,1550.0,1679.0,1770.0,1542.0,1926.0,3901.0,3761.0,-0.04982400475930792,0.04512765192376843,0.4334007,0.32266572,8,-19.903800842899066,-12.722442661437459,0.6391966419808883,7.181358181461608,180,23,180,1,"{""geodesic"":false,""type"":""Point"",""coordinates"":[12.209766594459918,52.80643091438933]}"
0000000000000000093f_0,2842.0,3637.5,1973.5,2712.5,1320.0,1608.0,1579.5,1897.5,1401.5,1944.5,3531.0,4044.0,-0.06679861454725383,-0.006231084208652305,0.43172833,0.35058862,15.9,-19.244147587541743,-13.312405448260915,0.6917638408094047,5.9317421392808285,0,80,180,1,"{""geodesic"":false,""type"":""Point"",""coordinates"":[12.418265571904058,51.74147814506564]}"
00000000000000000943_0,3357.5,3759.5,2217.0,2750.0,1298.5,1583.5,1587.5,1885.0,1453.0,1980.0,4268.0,4340.0,-0.07285342584562012,-0.01577638686444311,0.49204683,0.37341774,46.3,-23.638026704914097,-16.17147602236887,0.6841296959448393,7.4665506825452255,0,68,180,1,"{""geodesic"":false,""type"":""Point"",""coordinates"":[12.828975319803504,51.82223668910799]}"
00000000000000000945_0,3225.0,3506.5,2102.5,2615.0,1452.0,1589.0,1741.0,1865.0,1613.5,1909.0,5720.0,3779.0,-0.19428833104367013,0.004404877822599342,0.55996454,0.3287623,23.5,-15.866769872934558,-10.386337265383666,0.6545968302660404,5.480432607550892,240,-2,185,2,"{""geodesic"":false,""type"":""Point"",""coordinates"":[8.7387661681505,54.869322132841404]}"
0000000000000000094a_0,3012.0,2937.0,1995.0,2009.0,1241.0,1336.0,1565.0,1601.0,1218.0,1391.0,4300.0,4842.0,-0.1341725514276942,-0.176089853417095,0.5585357,0.553666,176.3,-20.258012718646572,-13.820698249349434,0.6822336643430041,6.437314469297139,0,-2,180,0,"{""geodesic"":false,""type"":""Point"",""coordinates"":[9.18792381021026,54.20798242067261]}"
0000000000000000094f_0,8407.0,3218.0,6668.0,2256.0,7916.0,1391.0,7332.0,1639.5,6584.0,1527.5,10216.0,4410.0,-0.09482836699574314,-0.10008059545820888,0.21619047,0.4854737,29.1,-18.492374735862278,-12.836625991881093,0.6941577907237091,5.655748743981185,300,15,185,2,"{""geodesic"":false,""type"":""Point"",""coordinates"":[9.309555699680043,54.26259998994708]}"
00000000000000000951_0,3294.0,2980.5,2288.0,2092.0,1303.0,1388.0,1608.0,1574.0,1298.0,1439.0,5412.0,4224.0,-0.18775979481736976,-0.11887554204256592,0.6131148,0.4917888,210.5,-20.216907780508436,-14.40083845087939,0.7123165722091067,5.816069329629046,0,15,180,0,"{""geodesic"":false,""type"":""Point"",""coordinates"":[9.30290816657756,54.65803837801649]}"
00000000000000000952_0,3087.0,3194.0,2023.0,2416.0,1319.0,1408.5,1624.0,1619.5,1342.0,1596.5,6404.0,3885.0,-0.2710664911125741,-0.04988099960333201,0.6534986,0.41749522,30.5,-17.164059701444437,-11.302359807376334,0.6584898913177974,5.861699894068103,180,9,180,1,"{""geodesic"":false,""type"":""Point"",""coordinates"":[9.43181640984871,54.299251253539154]}"
00000000000000000954_0,2689.0,3477.5,1844.0,2457.5,1222.0,1362.0,1563.0,1599.5,1226.0,1513.5,5276.0,4656.0,-0.2480553154710458,-0.09328731038241439,0.6228853,0.50936055,146,-20.89746946516122,-14.000480864736517,0.6699605848486644,6.896988600424702,90,-3,175,2,"{""geodesic"":false,""type"":""Point"",""coordinates"":[9.525600525510788,54.15579030266527]}"
00000000000000000955_0,3454.0,3166.5,2245.0,2197.5,1354.0,1333.0,1650.0,1602.5,1469.0,1479.0,5460.0,4776.0,-0.16111442446962596,-0.13608257008694036,0.575985,0.5270983,99.7,-18.924199415363095,-12.78567800534216,0.6756258336065967,6.138521410020935,0,15,180,1,"{""geodesic"":false,""type"":""Point"",""coordinates"":[9.522276758959546,54.44334102511193]}"
00000000000000000958_0,3557.0,3019.0,2257.0,1976.5,1400.0,1315.0,1771.0,1560.0,1592.0,1349.5,4836.0,4426.0,-0.09547650417215635,-0.1357633908699738,0.5046671,0.53268117,258.4,-20.43610214202604,-13.569620103916865,0.6640023625646044,6.866482038109176,270,-2,185,2,"{""geodesic"":false,""type"":""Point"",""coordinates"":[9.586057144132031,54.22792501998006]}"
0000000000000000095c_0,2488.0,2859.0,2036.0,2006.5,1295.0,1317.0,1598.0,1510.5,1407.0,1395.0,4296.0,4294.0,-0.1787897954880877,-0.1375570197668525,0.50657547,0.5095799,39.3,-19.433525193413374,-12.49680942835254,0.6430541707681577,6.936715765060834,311,6,190,4,"{""geodesic"":false,""type"":""Point"",""coordinates"":[9.707060212902931,54.4619361514932]}"
0000000000000000095f_0,2554.0,2706.0,1795.0,1870.5,1157.0,1310.0,1348.0,1499.5,1172.0,1373.0,4208.0,4376.0,-0.18028819711802882,-0.1645673323092678,0.5643123,0.52235174,23.2,-19.073836165137987,-12.845669800403455,0.6734707003451146,6.228166364734532,0,0,180,2,"{""geodesic"":false,""type"":""Point"",""coordinates"":[9.798059551184238,54.76763284267907]}"
00000000000000000962_0,2546.0,2887.5,1774.0,1960.0,1221.0,1339.5,1508.0,1589.5,1229.0,1347.5,4844.0,5610.0,-0.23272357723577236,-0.24270195359649516,0.5952577,0.61264825,24.6,-19.840578652498536,-13.498080440242365,0.6803269539995268,6.342498212256171,240,12,185,2,"{""geodesic"":false,""type"":""Point"",""coordinates"":[9.984549804167452,54.623992228748364]}"
00000000000000000966_0,2893.0,2852.5,1893.0,1907.0,1284.0,1332.0,1580.0,1573.0,1357.0,1390.0,5400.0,5364.0,-0.222608377537955,-0.2242994926178178,0.5983425,0.5883921,28.8,-20.60161314570527,-14.892666848790633,0.7228883846843442,5.708946296914636,0,33,180,2,"{""geodesic"":false,""type"":""Point"",""coordinates"":[10.353038733713278,54.28200360008406]}"
00000000000000000970_0,1806.5,3859.0,1531.5,2828.0,1438.0,1579.0,1491.5,1844.5,1440.0,1989.0,2189.0,4368.0,-0.055357532552556925,-0.008393387028401865,0.20639294,0.37423313,61.7,-19.702970182679664,-12.07368599328204,0.6127850715571648,7.629284189397623,90,698,153,9,"{""geodesic"":false,""type"":""Point"",""coordinates"":[10.098815508307455,50.57977681964228]}"
00000000000000000978_0,2727.0,4224.0,2072.0,3505.0,1370.0,1836.0,1658.0,2110.0,1512.0,2444.0,3120.0,3193.0,-0.02875472562721961,0.1401213986492263,0.34715027,0.13287209,37.8,-19.26144275544182,-10.931898877082995,0.5675534805924375,8.329543878358825,197,422,185,5,"{""geodesic"":false,""type"":""Point"",""coordinates"":[10.717215749895333,50.39777814307966]}"
0000000000000000097b_0,2679.0,4181.5,1883.0,3078.0,1415.0,1680.0,1529.0,1956.5,1624.0,2229.0,2582.0,4244.5,0.03686746987951807,0.03940008107012566,0.22776985,0.31134626,53.6,-19.04266050205398,-12.727852988745333,0.6683862786595645,6.314807513308647,142,274,176,2,"{""geodesic"":false,""type"":""Point"",""coordinates"":[10.83902730242194,50.91835185022692]}"
00000000000000000983_0,3111.0,3971.0,2436.0,3088.0,1393.0,1614.0,1584.0,1899.0,1629.0,2064.0,3218.0,3870.5,0.013795316008982997,0.047788532488389254,0.32783166,0.30440643,40.2,-18.602248618114697,-12.959339044844215,0.6966544373686379,5.642909573270481,326,232,194,8,"{""geodesic"":false,""type"":""Point"",""coordinates"":[11.440629048196783,51.056333077867684]}"
0000000000000000098b_0,3515.0,3701.0,2358.0,2458.5,1254.0,1392.0,1656.0,1738.5,1318.0,1708.0,5396.0,5450.0,-0.15823391099886788,-0.11697004326177454,0.60738754,0.5227717,25.1,-20.175202424576067,-13.71457185339236,0.6797736927132982,6.460630571183707,199,300,194,13,"{""geodesic"":false,""type"":""Point"",""coordinates"":[11.91718530642219,50.85160702461684]}"
0000000000000000098d_0,2755.0,3163.0,1849.0,2235.0,1268.0,1244.0,1494.0,1574.0,1266.0,1468.0,3731.0,4483.0,-0.10842572062084258,-0.10581193280556092,0.49329597,0.5066375,38.6,-20.116755547710284,-12.585961039306385,0.6256456718110758,7.530794508403899,0,254,180,4,"{""geodesic"":false,""type"":""Point"",""coordinates"":[12.054447881835653,50.74129390772696]}"
0000000000000000246a_0,2343.0,3269.0,1660.0,2181.5,2722.0,1342.0,2573.0,1614.0,2109.0,1415.5,4247.0,4760.0,-0.22038350407144733,-0.13141426783479349,0.3363751,0.5415756,42.5,-19.664692495950785,-13.998140339590307,0.7118413035175967,5.666552156360478,90,-4,175,2,"{""geodesic"":false,""type"":""Point"",""coordinates"":[7.274422423507267,53.46121292498405]}"
0000000000000000246d_0,3628.5,2935.0,2542.0,2227.0,1375.5,1393.0,1599.5,1673.0,1554.0,1686.0,5168.0,3762.0,-0.116066859969299,-0.05462356792144026,0.5376376,0.38105726,26.3,-18.822491671882883,-11.12829857713044,0.5912234560185217,7.694193094752443,338,360,185,4,"{""geodesic"":false,""type"":""Point"",""coordinates"":[9.105817793241735,50.82807116417291]}"
000000000000000006dd_0,1963.0,4197.5,1801.0,3663.5,1408.0,2098.0,1588.0,2533.0,1612.0,2815.0,2330.0,4186.5,-0.02228907425133324,0.05474919154696548,0.18214105,0.1958866,10.5,-18.863782166784382,-9.236597992784661,0.4896471932891907,9.627184173999721,168,388,176,7,"{""geodesic"":false,""type"":""Point"",""coordinates"":[12.67096166132688,48.60527982514757]}"
000000000000000006e1_0,2532.0,3910.0,2248.5,3493.0,1350.0,1848.0,1610.0,2172.0,1709.0,2538.0,2474.5,3138.0,0.05163969995660529,0.12786426447437468,0.18298076,0.10570825,17.4,-16.36315679446121,-8.26764600366796,0.5052598412102539,8.095510790793252,0,316,180,3,"{""geodesic"":false,""type"":""Point"",""coordinates"":[12.739862443618847,48.873606600514066]}"
00000000000000000751_0,3960.0,4221.0,3557.5,4147.5,1654.0,1702.0,1926.5,1919.0,2141.5,2291.0,3315.0,3036.0,0.10229890248859581,0.15768888888888888,0.2150646,0.13985358,10.7,-24.003037624103577,-15.370817552183308,0.6403696812418487,8.632220071920269,121,61,175,2,"{""geodesic"":false,""type"":""Point"",""coordinates"":[12.525883742941577,53.14186184147956]}"
000000000000000007b5_0,3835.5,2983.0,3343.0,2205.5,1854.0,1486.5,2247.5,1816.5,2662.0,1770.5,3353.0,4308.5,0.11025673886112179,-0.09873441721571788,0.11487947,0.41750288,15.8,-19.302175163848965,-11.828470878825307,0.6128050739576152,7.473704285023658,0,283,180,6,"{""geodesic"":false,""type"":""Point"",""coordinates"":[9.16259131919809,50.82852032181497]}"
000000000000000007cb_0,3910.5,3460.0,3292.5,2577.0,2107.5,1494.5,2351.0,1791.0,2551.0,1805.0,4199.5,4482.0,0.012100090065395308,-0.0632922652670907,0.24420413,0.42579928,16.5,-15.651577292666936,-8.986145040029665,0.5741367066078283,6.66543225263727,345,262,185,6,"{""geodesic"":false,""type"":""Point"",""coordinates"":[9.27586887652556,50.847205279724655]}"
000000000000000007d0_0,3982.0,2645.5,3505.0,1830.0,2123.0,1339.0,2421.0,1692.0,2776.0,1403.5,3623.5,6094.5,0.08089087928345795,-0.2947528848247333,0.13243222,0.6256335,16.6,-21.86516123581208,-13.074523331749553,0.5979614415253115,8.790637904062528,227,198,199,8,"{""geodesic"":false,""type"":""Point"",""coordinates"":[9.386631151057498,51.06360943166905]}"
000000000000000007d2_0,2203.0,4070.5,1965.0,3867.0,1497.0,2100.0,1630.0,2526.0,1817.0,2961.0,2071.5,3603.0,0.059497924491006125,0.10432290235187876,0.0654494,0.097806215,15.5,-18.03248586878349,-9.818192349388829,0.5444724826533961,8.21429351939466,332,292,185,3,"{""geodesic"":false,""type"":""Point"",""coordinates"":[9.416006060848206,50.9918340404679]}"
000000000000000007d3_0,4262.5,3322.0,3401.0,2640.0,2047.5,1595.5,2367.0,1955.0,2737.0,1934.5,3764.5,4418.5,0.09269016118331187,-0.06721086021028348,0.15804045,0.39099637,14.9,-19.42441953258493,-11.74855664124826,0.6048343746663716,7.675862891336671,0,170,180,3,"{""geodesic"":false,""type"":""Point"",""coordinates"":[9.414478924865204,51.11768801177305]}"
00000000000000000810_0,4327.0,2775.5,3613.0,2246.5,1974.0,1421.0,2204.0,1582.0,2498.0,1554.5,3742.0,3226.0,0.08842994976477155,-0.03531246518881586,0.19935897,0.3496496,44.2,-19.85745840612094,-12.765418199774418,0.6428525714972444,7.092040206346523,180,82,180,1,"{""geodesic"":false,""type"":""Point"",""coordinates"":[10.657567615029796,52.15991340440851]}"
00000000000000000960_0,3062.0,4562.0,2288.0,3851.0,1422.0,1743.0,1690.0,2029.0,1581.0,2275.0,3614.0,3944.0,-0.040603368116540965,0.09182369849888215,0.3913378,0.26837113,< LOD,-18.327709834101483,-9.797051102245387,0.5345485710394917,8.530658731856096,60,6,175,2,"{""geodesic"":false,""type"":""Point"",""coordinates"":[9.861390778714664,54.42627303471365]}"
0000000000000000069e_0,3586.5,3028.0,2829.5,2458.0,2294.0,1438.0,2527.0,1724.0,2391.0,1792.0,4160.0,2846.0,-0.038330048666693484,0.058875219683655534,0.27003512,0.22725312,31.5,-18.52415470810559,-11.956061219074993,0.6454308662107747,6.568093489030598,217,461,185,2,"{""geodesic"":false,""type"":""Point"",""coordinates"":[8.854199682159857,48.32554444567275]}"
000000000000000006d7_0,2634.0,3592.0,1719.0,2850.0,1238.0,1795.0,1756.0,2200.0,1404.0,2422.0,3424.0,4212.0,-0.07172413793103448,5.823142833374927E-4,0.41839272,0.26982212,14,-18.318921904896943,-10.96166922575309,0.5983796034865381,7.357252679143853,207,430,185,3,"{""geodesic"":false,""type"":""Point"",""coordinates"":[12.270941865308458,48.75817308650471]}"
000000000000000007b7_0,3807.0,2908.0,2713.0,1967.0,1517.5,1391.0,1779.0,1704.0,1839.0,1460.0,3789.0,5919.0,0.030997489157726547,-0.25192669977735915,0.3464819,0.60428244,9.2,-19.695252007953275,-13.55447402382432,0.688210235560875,6.140777984128956,195,270,185,6,"{""geodesic"":false,""type"":""Point"",""coordinates"":[9.248021102717855,50.81109300530305]}"
000000000000000007c8_0,3929.0,2910.0,3592.0,2186.5,1872.0,1448.0,2208.0,1786.0,2670.0,1615.5,3269.0,4276.0,0.124190800681431,-0.11693253329430704,0.10085873,0.4515828,12.7,-18.719572667543495,-11.85588615340729,0.6333417094484933,6.863686514136205,180,188,180,1,"{""geodesic"":false,""type"":""Point"",""coordinates"":[9.156752269851312,51.15209348715482]}"
000000000000000007c9_0,5667.5,2903.5,4829.5,2235.0,5651.0,1456.5,5672.0,1732.0,5916.0,1687.0,6611.0,4528.0,-0.028454005996938626,-0.13182033096926715,0.055480164,0.45711988,12.3,-20.00605296727225,-12.045051530980437,0.602070360939504,7.961001436291813,180,276,180,2,"{""geodesic"":false,""type"":""Point"",""coordinates"":[9.183701728374897,51.24219451015201]}"
000000000000000007cf_0,3857.0,3186.5,3605.0,2711.5,1932.0,1558.5,2228.0,1874.5,2711.0,2173.0,3411.0,3498.0,0.10284610863907312,0.029089861751152073,0.11434172,0.23364486,13.2,-19.00086303393814,-10.414129179036141,0.5480871663794998,8.586733854901997,238,234,185,2,"{""geodesic"":false,""type"":""Point"",""coordinates"":[9.358603714192968,51.027497157247446]}"
000000000000000007d4_0,3161.5,3054.5,2447.0,2057.0,2099.5,1371.0,2270.0,1715.0,2214.5,1453.5,3586.0,5626.0,-0.027979930389187724,-0.21634072142546718,0.23644513,0.58937776,21.4,-19.744746918724573,-13.459357063311929,0.6816677427527821,6.285389855412644,133,270,171,4,"{""geodesic"":false,""type"":""Point"",""coordinates"":[9.47277958680456,51.010069840735525]}"
0000000000000000080a_0,3442.0,3661.0,2880.5,3172.5,1450.0,1563.0,1606.0,1719.0,1761.0,1859.0,2789.0,2754.0,0.10209701334463038,0.12229338212869777,0.22593407,0.1940169,15.7,-21.38060503146056,-9.237088987466358,0.43203122520968945,12.143516043994204,0,58,180,0,"{""geodesic"":false,""type"":""Point"",""coordinates"":[10.426341260897432,52.430575799513726]}"
0000000000000000080e_0,2519.0,3668.5,1967.0,2997.0,1446.5,1583.5,1527.5,1739.0,1495.0,1938.5,2814.0,2715.0,-0.029790319656776844,0.13209832921104436,0.3061035,0.16686365,36.2,-19.65170665656865,-11.353779081025664,0.5777502829369084,8.297927575542985,270,85,190,3,"{""geodesic"":false,""type"":""Point"",""coordinates"":[10.597739817107437,52.052385064899404]}"
00000000000000000813_0,3489.0,3555.5,2706.0,3075.5,1676.0,1673.0,1818.0,1916.0,2046.0,2105.0,3078.0,2881.0,0.07590630770726019,0.10832639874687944,0.20140515,0.15563577,15.8,-19.480940028552027,-11.617052396746013,0.5963291494003681,7.863887631806014,0,157,180,1,"{""geodesic"":false,""type"":""Point"",""coordinates"":[10.715419119327095,52.12362146693008]}"
000000000000000008f3_0,3529.0,3689.0,2994.0,3314.0,1584.0,2266.0,2090.0,2510.0,2096.0,2820.0,3657.0,4042.0,0.0353395913859746,0.015682296949364127,0.2713367,0.1780822,9,-18.31258377356228,-9.624601593411745,0.525573109312226,8.687982180150536,0,112,180,4,"{""geodesic"":false,""type"":""Point"",""coordinates"":[8.364977178428367,49.27308740736202]}"
0000000000000000097e_0,4746.0,3570.0,4591.0,2829.5,3480.0,1668.5,3464.0,1980.0,3526.0,2102.0,4532.0,3457.5,0.01596659297469909,0.050564919429523986,0.12484487,0.2438169,31.6,-19.42710499213522,-11.961764991663124,0.6157255543996736,7.4653400004720964,90,370,176,1,"{""geodesic"":false,""type"":""Point"",""coordinates"":[11.094148843111885,50.88026328218025]}"
00000000000000000769_0,2667.5,2870.5,1887.5,2214.5,1142.5,1342.0,1312.5,1448.0,1350.5,1510.0,2833.5,2834.0,0.005253940455341506,0.02389995909542453,0.35444552,0.3047882,33.2,-13.684574505402482,-7.794071880527504,0.5695516420660731,5.890502624874978,97,64,157,8,"{""geodesic"":false,""type"":""Point"",""coordinates"":[13.042954020480774,52.41045353714945]}"
000000000000000008c7_0,2378.5,2685.0,1607.5,2057.0,1244.5,1328.0,1349.0,1456.0,1284.0,1462.0,3379.0,2396.0,-0.11597875935312575,0.05374158302629907,0.44928157,0.24209435,31.6,-15.390545032335453,-9.310136418977578,0.6049257124693785,6.080408613357875,270,231,199,6,"{""geodesic"":false,""type"":""Point"",""coordinates"":[8.085241798953547,51.48105654419939]}"
000000000000000008fd_0,2318.0,2458.0,1557.0,1916.0,1200.0,1236.0,1278.0,1378.0,1157.0,1304.0,3322.0,2221.0,-0.13092409653620107,0.04224961906081175,0.48336682,0.26014185,41.4,-16.809173952523903,-9.909106260924498,0.5895058429945418,6.900067691599405,270,153,203,7,"{""geodesic"":false,""type"":""Point"",""coordinates"":[13.948006669231193,50.99803241592832]}"
00000000000000000973_0,3524.0,2834.0,3056.0,2166.0,2426.0,1265.5,2431.5,1370.5,2378.0,1435.0,4876.5,2484.5,-0.10606232723692681,0.06472128694350916,0.34440693,0.26776373,118.6,-13.833637108620398,-6.6105928586866725,0.4778636888318617,7.223044249933725,101,346,135,15,"{""geodesic"":false,""type"":""Point"",""coordinates"":[10.413675015391346,51.06450774695317]}"
00000000000000000929_0,4409.0,3687.5,3477.0,2670.0,3546.0,1486.0,3598.0,1786.5,3350.0,1892.5,5125.0,4282.5,-0.05550821667681071,-0.016610124686081862,0.20943953,0.38704455,58,-19.825393979446503,-13.407493224336806,0.6762787785320534,6.417900755109697,39,85,176,2,"{""geodesic"":false,""type"":""Point"",""coordinates"":[11.683802995607937,51.466593668125064]}"
000000000000000007ee_0,3134.0,3353.0,2080.0,2493.0,1272.0,1452.0,1489.0,1698.0,1429.0,1720.0,3958.0,3706.0,-0.06810987440008169,-0.008308083276317076,0.46946353,0.3660155,12.9,-17.794064776368284,-10.826013771709587,0.6084058874556454,6.968051004658697,106,40,170,3,"{""geodesic"":false,""type"":""Point"",""coordinates"":[11.438293428458072,53.69899698069049]}"
00000000000000000717_0,3246.0,3032.0,2580.0,2244.5,1602.0,1459.0,1852.0,1654.0,2013.0,1625.0,2946.0,4564.0,0.0724992352401346,-0.12790262172284644,0.18814278,0.47487476,20.1,-19.816701757418883,-10.764390713850178,0.5431978966843085,9.052311043568706,142,379,171,5,"{""geodesic"":false,""type"":""Point"",""coordinates"":[9.985987108622043,50.25611382277401]}"
00000000000000000830_0,3816.0,4008.0,3206.0,3776.0,1754.0,1918.0,2106.0,2274.0,2324.0,2610.0,3819.0,3520.0,0.04840775207034918,0.09787657597876576,0.24336644,0.14845024,13.2,-16.50566529077649,-9.931783193628338,0.6017196531410524,6.573882097148154,0,54,180,1,"{""geodesic"":false,""type"":""Point"",""coordinates"":[9.544824472590946,52.37658705093814]}"
000000000000000008dc_0,3100.0,3787.0,2092.5,2789.0,1418.5,1674.0,1668.0,1983.0,1527.0,2118.0,4250.0,4469.0,-0.10116070127725706,-0.019754316069057105,0.47135192,0.35691515,41.2,-19.5636909646259,-13.696903158680197,0.7001185606257153,5.866787805945702,202,512,185,4,"{""geodesic"":false,""type"":""Point"",""coordinates"":[8.035834458326974,50.616967072404826]}"
00000000000000000760_0,3086.0,4127.0,2018.0,4029.5,1355.5,1879.5,1821.0,2189.0,1304.0,2580.0,5997.5,3312.0,-0.25232053138039684,0.12736899609194435,0.64281315,0.124236256,8.3,-22.14864560552007,-14.42443904403746,0.6512560316754755,7.72420656148261,141,62,176,2,"{""geodesic"":false,""type"":""Point"",""coordinates"":[12.78873079507495,52.110955221424]}"
0000000000000000082a_0,3190.0,2960.0,2522.0,2384.0,1447.0,1493.0,1572.0,1670.0,1706.0,1750.0,2418.0,3052.0,0.11768063006506106,0.017828200972447326,0.17264791,0.27113703,20.9,-20.413098824950268,-12.187326062973188,0.5970345887943782,8.22577276197708,321,155,190,5,"{""geodesic"":false,""type"":""Point"",""coordinates"":[9.282516409628045,52.24947543823523]}"
00000000000000000854_0,1511.0,3004.0,1240.0,2353.5,1077.0,1454.5,1072.0,1539.0,1046.0,1635.5,1397.0,2552.0,0.016497714172132777,0.07321304649548924,0.1436758,0.21886568,7.8,-19.413561314635288,-12.31366745231655,0.6342817401067806,7.099893862318739,29,79,175,3,"{""geodesic"":false,""type"":""Point"",""coordinates"":[10.816569420318952,52.859970505322856]}"
00000000000000000856_0,3202.0,3905.0,2317.0,2996.5,1296.0,1662.0,1629.0,1907.5,1596.0,2128.0,3337.0,3476.5,0.017495493584985686,0.08006982052544422,0.35292926,0.24061023,12.8,-19.929054444608227,-13.500098565307443,0.6774078821867975,6.4289558793007835,0,11,180,0,"{""geodesic"":false,""type"":""Point"",""coordinates"":[11.210031514763303,53.12623115553588]}"
0000000000000000087b_0,3917.0,3945.0,2913.0,2837.0,1550.0,1552.0,1762.0,1798.0,1840.0,1746.0,3250.0,4196.0,0.09065075305484513,-0.004982953055337005,0.27701375,0.4123191,32,-21.761744354006368,-14.6829242844945,0.674712653803938,7.078820069511867,90,29,175,2,"{""geodesic"":false,""type"":""Point"",""coordinates"":[8.052273628026361,52.918810156432684]}"
0000000000000000090a_0,3321.0,4075.5,2602.0,3488.5,1378.0,1702.0,1778.0,1934.0,1654.0,2203.0,3457.0,3610.0,0.014271151885830785,0.08338725680514214,0.35276854,0.24204369,8.9,-21.44971391972226,-14.112552787198698,0.6579366438180185,7.337161132523562,320,30,185,2,"{""geodesic"":false,""type"":""Point"",""coordinates"":[10.99551382491556,52.89455564376146]}"
00000000000000000931_0,3122.0,3496.0,2040.0,2711.5,1316.0,1378.5,1570.0,1525.0,1540.0,1663.0,3120.0,2372.0,0.024840624313035832,0.1580896795555306,0.3390558,0.17571251,40.8,-20.747408624763317,-13.049295632946452,0.6289602653013403,7.698112991816865,180,30,180,1,"{""geodesic"":false,""type"":""Point"",""coordinates"":[11.930300709570336,52.52364126294851]}"
00000000000000000694_0,2311.0,2588.0,1622.0,1709.0,1154.0,1996.0,1294.0,2072.0,1381.0,2138.0,4247.0,3750.0,-0.18794677224238426,-0.09740259740259741,0.5092395,0.2737772,81.1,-16.25228510848072,-10.645587439726016,0.6550209628165437,5.606697668754704,287,1074,234,18,"{""geodesic"":false,""type"":""Point"",""coordinates"":[7.956782713324456,47.844586442555155]}"
000000000000000006a6_0,2267.5,2557.0,1582.5,1919.0,1181.0,1334.0,1367.0,1490.0,1277.0,1513.0,3413.0,2581.0,-0.1289549671315353,0.019411396368190358,0.4554371,0.26086956,49.1,-18.39100783229656,-12.21074729200425,0.6639520467475896,6.180260540292309,254,794,211,10,"{""geodesic"":false,""type"":""Point"",""coordinates"":[9.287097817577054,48.22125004118647]}"
000000000000000006b0_0,2416.5,3609.0,1651.0,2701.0,1240.0,1512.0,1355.5,1708.0,1225.0,1860.0,3486.0,3256.0,-0.12960860472064537,0.06847709289831005,0.47994056,0.27286944,57,-16.285135533569132,-10.22580089766674,0.6279223698561139,6.059334635902392,23,776,172,7,"{""geodesic"":false,""type"":""Point"",""coordinates"":[9.688734581106893,48.52901285752582]}"
0000000000000000074c_0,3050.0,3627.0,2173.0,2825.0,1242.5,1451.5,1430.0,1618.0,1710.0,1846.0,4010.5,3060.5,-0.04923599320882852,0.09624436654982474,0.40215015,0.24752879,32.7,-13.360400973624582,-7.776468173752175,0.5820535019198959,5.583932799872407,141,31,176,2,"{""geodesic"":false,""type"":""Point"",""coordinates"":[12.376853237306149,52.60547778533179]}"
0000000000000000075c_0,2500.0,3320.5,1872.5,2644.5,1290.5,1485.0,1592.5,1708.5,1561.0,1791.0,3571.5,3222.0,-0.0897680152415107,0.04119773896216326,0.39171943,0.28545782,29.2,-17.919220630271454,-12.084818292238326,0.6744053517496791,5.834402338033128,0,43,180,0,"{""geodesic"":false,""type"":""Point"",""coordinates"":[12.747767618119099,52.86724685912422]}"
00000000000000000763_0,2476.5,3540.5,1831.0,2602.0,1249.5,1427.0,1454.0,1676.0,1318.5,1665.5,3465.0,3695.0,-0.10805570245020271,0.008133230054221533,0.44873002,0.37860274,22,-17.917689848406138,-13.096067276669913,0.7309015496679595,4.821622571736224,59,44,171,4,"{""geodesic"":false,""type"":""Point"",""coordinates"":[12.845414489502891,52.54124824251725]}"
0000000000000000076a_0,1981.5,2302.5,1478.5,1727.5,1158.0,1249.5,1246.0,1340.5,1234.5,1309.5,2607.0,2303.0,-0.07864202836269875,0.008304836345872008,0.3572823,0.2750173,22.4,-14.541673931071681,-9.157845164799095,0.6297655420007198,5.383828766272586,90,43,171,3,"{""geodesic"":false,""type"":""Point"",""coordinates"":[13.054093130003857,52.57206045676255]}"
00000000000000000770_0,2056.5,2642.0,1495.5,1994.0,1195.0,1313.5,1262.0,1415.5,1274.5,1429.5,2206.0,2227.0,-0.010398098633392751,0.06975827640567525,0.26763397,0.21810475,55.7,-16.43084358896141,-10.81450842273375,0.6581833954039443,5.616335166227659,325,48,195,8,"{""geodesic"":false,""type"":""Point"",""coordinates"":[13.440099207590015,52.975314187803804]}"
00000000000000000776_0,2489.0,3319.5,1675.0,2597.0,1282.0,1423.5,1463.0,1559.5,1391.0,1688.0,4380.0,2704.0,-0.18675330119471809,0.0963327859879584,0.5179345,0.2313297,32.1,-16.63790728082336,-10.772538922370572,0.6474695849992422,5.865368358452788,0,76,180,4,"{""geodesic"":false,""type"":""Point"",""coordinates"":[13.722080375275132,52.78702730425235]}"
0000000000000000077e_0,2481.0,3269.5,1638.5,2587.5,1224.5,1437.0,1410.5,1566.5,1329.0,1722.5,4060.0,2740.0,-0.16213095827148277,0.0888864652633875,0.50677305,0.2280112,25.8,-15.802194842231543,-9.597091025903202,0.607326458236983,6.205103816328341,129,133,166,6,"{""geodesic"":false,""type"":""Point"",""coordinates"":[13.919619906253015,52.672761600112345]}"
00000000000000000782_0,2476.0,3205.0,1696.5,2487.5,1189.5,1397.5,1355.0,1519.0,1321.0,1708.5,3185.0,2716.5,-0.07067245915682555,0.08856272500692329,0.41367066,0.22779661,10.6,-15.377445781905088,-9.42827855903538,0.613123836868266,5.949167222869708,202,64,185,4,"{""geodesic"":false,""type"":""Point"",""coordinates"":[13.975764611510485,52.310920203669006]}"
0000000000000000078c_0,2602.0,3393.0,1728.5,2622.5,1262.0,1434.0,1478.5,1576.0,1428.0,1715.0,3776.0,2832.5,-0.11116012351124835,0.08976478745533095,0.4511914,0.24573942,17.8,-14.808268630316235,-9.022120463586745,0.6092623444928738,5.78614816672949,73,54,171,3,"{""geodesic"":false,""type"":""Point"",""coordinates"":[14.239330315871152,52.3018472192994]}"
0000000000000000078e_0,2292.0,3112.0,1675.5,2302.0,1206.0,1329.0,1406.0,1510.0,1336.0,1730.0,2776.0,3039.0,-0.046517739816031536,0.051465798045602605,0.35019454,0.27448103,13.2,-14.248289381189334,-7.977573143673197,0.5598969062353009,6.270716237516137,122,108,171,4,"{""geodesic"":false,""type"":""Point"",""coordinates"":[14.482863589395956,52.09487537783826]}"
0000000000000000079f_0,9256.0,2950.0,8078.0,1946.0,10920.0,1320.0,10816.0,1560.0,10816.0,1461.0,11648.0,3237.0,-0.05853658536585366,-0.016280107047279214,0.037037037,0.3780332,25.9,-15.297533038737807,-9.843584801989579,0.6434753091928455,5.453948236748229,270,282,194,4,"{""geodesic"":false,""type"":""Point"",""coordinates"":[9.085515867820634,50.41430714430746]}"
000000000000000007a4_0,2705.0,2995.0,1825.5,2139.0,1175.0,1221.0,1406.0,1392.0,1337.0,1580.0,4432.0,2908.0,-0.16219297336511557,0.05124080882352941,0.5364881,0.29590017,56.1,-14.378603345036026,-8.368693479791737,0.5820240866913468,6.009909865244289,180,529,180,4,"{""geodesic"":false,""type"":""Point"",""coordinates"":[8.397586023241905,50.7844130413647]}"
000000000000000007a7_0,2995.5,3971.0,1964.0,2951.0,1283.5,1469.0,1540.5,1678.0,1429.5,1904.0,4744.0,3430.0,-0.15331260464003826,0.09058845368479673,0.5368916,0.28608924,42.1,-17.32145089650491,-11.331725851430214,0.6542018863856669,5.989725045074696,200,282,194,13,"{""geodesic"":false,""type"":""Point"",""coordinates"":[8.652797395460261,50.78773680791594]}"
000000000000000007b4_0,2592.0,2907.0,1724.0,2174.0,1217.5,1332.0,1418.0,1548.0,1294.5,1560.0,3979.5,2906.0,-0.14427258215445588,0.02630672027570362,0.5091013,0.30138826,36.9,-15.706063660560218,-9.383374107665903,0.5974363984802038,6.322689552894316,252,342,190,3,"{""geodesic"":false,""type"":""Point"",""coordinates"":[9.13591135525974,50.73841929881778]}"
000000000000000007b8_0,2317.0,2684.5,1536.0,1986.5,1153.0,1303.0,1332.0,1440.5,1154.5,1433.5,4036.0,2941.0,-0.19831418509323942,-0.015068165510643387,0.55514884,0.3446108,46,-15.394683802274198,-9.906299556235334,0.643488342045188,5.488384246038864,180,426,180,5,"{""geodesic"":false,""type"":""Point"",""coordinates"":[9.307489574526569,50.631699443064385]}"
000000000000000007b9_0,2122.5,3830.5,1487.5,2841.5,1145.0,1475.5,1280.0,1664.5,1140.5,1910.0,3496.0,3568.5,-0.17434210526315788,0.06458342992257407,0.50803405,0.30272886,21.3,-11.945027699360885,-6.111025360069277,0.5115957462699099,5.834002339291608,95,375,144,12,"{""geodesic"":false,""type"":""Point"",""coordinates"":[9.334169538464918,50.73967694021555]}"
000000000000000007c1_0,2539.0,3597.0,1636.0,2709.0,1174.0,1337.0,1429.5,1558.0,1211.5,1734.0,4706.5,2812.0,-0.22116083480427784,0.12468354430379747,0.59057117,0.23713155,40.6,-14.435060288232563,-8.320642203843974,0.5764189437176752,6.114418084388589,161,362,163,17,"{""geodesic"":false,""type"":""Point"",""coordinates"":[8.843689393335659,51.09540979272688]}"
000000000000000007c5_0,2649.0,2717.5,1728.0,1942.0,1328.0,1238.0,1449.0,1350.0,1352.5,1436.0,5206.0,2736.5,-0.24037777039533006,0.02202263779527559,0.58755815,0.31168365,27,-14.797373716961076,-8.723387862343916,0.5895227105297055,6.07398585461716,41,340,145,18,"{""geodesic"":false,""type"":""Point"",""coordinates"":[8.948882113106055,51.491926159137236]}"
000000000000000007c6_0,2683.0,3112.5,1701.0,2303.5,1238.0,1296.0,1516.0,1470.5,1240.0,1605.5,4689.0,2886.5,-0.2034517766497462,0.06016515926071569,0.58171695,0.28517365,21.8,-11.4785403663187,-4.672370456116385,0.4070526658447312,6.806169910202316,104,267,135,15,"{""geodesic"":false,""type"":""Point"",""coordinates"":[9.0379051577623,51.3668806715878]}"
000000000000000007db_0,5902.0,2848.0,5040.5,2246.0,4942.0,1278.0,5125.0,1398.0,5160.0,1513.0,7304.5,2661.5,-0.05081837098054358,0.05078007348954882,0.17204861,0.27512276,25.5,-14.76514602287532,-8.141544876653303,0.5514029366211335,6.623601146222018,51,423,149,13,"{""geodesic"":false,""type"":""Point"",""coordinates"":[9.64211201786109,51.22647399267992]}"
000000000000000007e1_0,2674.0,3216.5,1737.0,2395.0,1294.5,1354.0,1432.0,1485.0,1265.0,1568.0,5332.0,2936.0,-0.25436562396479107,0.05449336051573089,0.61649233,0.30373,81.4,-13.90591367460071,-7.954950215416495,0.5720551990730599,5.950963459184215,35,330,162,10,"{""geodesic"":false,""type"":""Point"",""coordinates"":[9.814588552412038,51.04708043044125]}"
000000000000000007e7_0,1563.0,3840.0,1284.0,3080.0,1311.0,1686.0,1370.0,1910.0,1214.0,2199.0,2274.0,3407.0,-0.1270040867651682,0.08498023715415019,0.30389908,0.21548341,34,-18.717740827658954,-12.689777720383024,0.6779545585774706,6.02796310727593,259,724,225,15,"{""geodesic"":false,""type"":""Point"",""coordinates"":[9.929483077250925,50.5078217653843]}"
000000000000000007e8_0,2336.0,2712.5,1559.0,2113.5,1239.5,1288.5,1419.5,1386.0,1205.0,1445.0,4541.5,2564.0,-0.24029178287921046,0.038077403245942575,0.58061427,0.27912197,45.2,-15.421273498370377,-8.55705682490214,0.5548865225564151,6.864216673468237,0,404,180,0,"{""geodesic"":false,""type"":""Point"",""coordinates"":[9.92876442502363,50.99327134492249]}"
000000000000000007ea_0,3307.0,3579.0,2515.0,2697.0,1927.5,1338.0,2088.0,1488.5,2013.5,1737.5,4232.0,2944.0,-0.07308362369337978,0.10777725686305152,0.35521576,0.25771654,70.6,-13.566620997072881,-7.2086921222928915,0.5313550163926766,6.35792887477999,152,414,158,15,"{""geodesic"":false,""type"":""Point"",""coordinates"":[10.014284040071807,51.08319270486285]}"
000000000000000007eb_0,4277.0,3614.5,3643.0,2761.0,3286.5,1423.0,3117.0,1649.0,2861.0,1733.5,6053.5,3199.0,-0.13363272241776913,0.0728184553660983,0.3581244,0.297111,57.7,-15.875519099078119,-10.25338649786758,0.6458614949140774,5.622132601210538,213,514,190,5,"{""geodesic"":false,""type"":""Point"",""coordinates"":[10.071596555198633,51.24497928753278]}"
000000000000000007ff_0,3031.0,3175.0,1883.0,2382.0,1482.0,1342.0,1636.0,1506.0,1382.0,1700.0,6535.0,3136.0,-0.2899436846339501,0.04244627392280552,0.65087783,0.2969396,62.7,-14.95169080559538,-8.77135338483975,0.5866462528476875,6.180337420755629,232,311,199,8,"{""geodesic"":false,""type"":""Point"",""coordinates"":[9.493800164452956,51.69332844583683]}"
00000000000000000800_0,10806.0,3470.5,9706.0,2647.5,14000.0,1368.0,13600.0,1560.0,13976.0,1709.0,13904.0,3154.5,-0.05925672854268686,0.06771799628942486,-0.0025824965,0.29721394,62.7,-13.563268379209614,-7.777508598386874,0.5734243680017855,5.7857597808227395,11,306,176,8,"{""geodesic"":false,""type"":""Point"",""coordinates"":[9.724128203301202,51.87388981794486]}"
00000000000000000801_0,2084.0,2722.5,1472.0,2116.0,1107.0,1285.5,1224.0,1421.5,1134.0,1427.0,3768.0,2411.0,-0.2047448412208081,0.05773642620443538,0.5373317,0.25638354,53.8,-14.44178688958914,-8.889212357134198,0.6155202555677022,5.552574532454942,58,230,176,2,"{""geodesic"":false,""type"":""Point"",""coordinates"":[9.811713943502856,51.76618181537893]}"
00000000000000000808_0,2108.0,2932.5,1541.0,2230.5,1450.0,1346.5,1494.0,1466.0,1370.0,1608.0,3185.0,2828.0,-0.14261062492296314,0.04199655765920826,0.39846322,0.27502254,94.5,-15.553350097851382,-10.001328885076603,0.643033740136682,5.552021212774779,350,260,189,16,"{""geodesic"":false,""type"":""Point"",""coordinates"":[10.334353775803594,51.92760907193521]}"
00000000000000000809_0,2963.0,3225.5,2202.0,2428.0,1478.0,1372.0,1756.0,1560.0,1662.0,1648.0,4202.0,3032.5,-0.10237748665696264,0.050549687432636346,0.43315142,0.29580173,15.2,-17.33065665273678,-11.053037162632023,0.6377737084120569,6.277619490104758,225,74,195,6,"{""geodesic"":false,""type"":""Point"",""coordinates"":[10.397146014163548,52.44872176825294]}"
0000000000000000080b_0,2423.5,2953.0,1642.5,2267.5,1140.5,1337.5,1328.0,1463.0,1261.0,1561.5,3582.0,2756.0,-0.12346853812299274,0.04890799256505576,0.4792484,0.27666473,28.5,-15.035696202007625,-10.05641355043922,0.6688359099126018,4.979282651568404,90,81,176,2,"{""geodesic"":false,""type"":""Point"",""coordinates"":[10.455536507631317,52.41251966230292]}"
00000000000000000812_0,2120.0,2903.0,1535.0,2188.0,1156.0,1388.0,1190.0,1528.5,1168.0,1590.5,2176.0,2858.0,-0.006646525679758308,0.028319697923222153,0.3014354,0.28492752,471,-17.796335844747247,-12.632013131642488,0.709809774430108,5.1643227131047595,0,58,180,5,"{""geodesic"":false,""type"":""Point"",""coordinates"":[10.662418517564042,52.483486569748365]}"
00000000000000000814_0,2716.0,2767.5,1930.5,2170.5,1316.0,1324.0,1524.5,1426.0,1414.0,1467.5,3975.0,2461.0,-0.12323532533701305,0.05610972568578554,0.47522733,0.2528955,40.6,-15.39418784078097,-9.31173081257668,0.6048861368255386,6.08245702820429,141,106,171,5,"{""geodesic"":false,""type"":""Point"",""coordinates"":[10.776953716289281,52.303015029168755]}"
00000000000000000818_0,2649.0,3642.5,1697.0,2787.0,1314.0,1488.5,1336.0,1633.0,1276.0,1826.0,3916.0,3039.0,-0.14254505734571274,0.09413765506202482,0.5084746,0.24933197,26.7,-15.951672436441026,-10.352462410882609,0.648989154719149,5.599210025558417,33,229,171,6,"{""geodesic"":false,""type"":""Point"",""coordinates"":[10.86247333133746,52.176622068693135]}"
0000000000000000081a_0,2098.0,3162.5,1565.0,2368.5,1063.0,1349.5,1191.0,1497.0,1155.0,1549.5,2704.0,2910.0,-0.07321937321937322,0.050437496516747476,0.4013993,0.30507904,58.8,-15.731284551589043,-9.955373187434697,0.6328391781858074,5.7759113641543465,18,74,176,5,"{""geodesic"":false,""type"":""Point"",""coordinates"":[10.929936809174835,52.607454078956856]}"
0000000000000000081d_0,1829.0,2248.0,1385.0,1712.5,1117.0,1321.0,1227.0,1415.0,1128.0,1381.0,3257.0,2625.5,-0.19328877370072295,-0.04191142498844961,0.4855188,0.31062025,52.2,-15.739382921830863,-10.9689709521327,0.6969123889170078,4.770411969698163,309,52,195,6,"{""geodesic"":false,""type"":""Point"",""coordinates"":[8.768320740998032,52.83841093850399]}"
00000000000000000827_0,2390.0,2742.0,1672.0,2037.5,1192.0,1323.5,1310.0,1449.0,1228.0,1524.5,4002.0,2641.0,-0.17884702678166137,0.03669056007775483,0.5304015,0.26803505,132,-16.530712084084612,-9.834695630916443,0.5949347844721741,6.69601645316817,248,303,195,5,"{""geodesic"":false,""type"":""Point"",""coordinates"":[9.168071042431219,52.1049365090204]}"
00000000000000000829_0,1277.0,2842.0,1107.0,2100.0,1111.0,1461.0,1152.0,1632.0,1081.0,1689.0,1978.0,3232.0,-0.13420231319992657,-0.01756287944492628,0.2932331,0.31355417,41.5,-15.969324146091754,-9.535413749338181,0.5971081595004023,6.433910396753573,321,224,199,9,"{""geodesic"":false,""type"":""Point"",""coordinates"":[9.22798867188199,52.015464306722095]}"
0000000000000000082d_0,1348.0,3370.0,1157.0,2584.0,1059.0,1403.0,1146.0,1679.0,1061.0,1652.0,1896.0,3352.0,-0.1017897091722595,0.027308990487879718,0.2823808,0.3397282,23.6,-14.129593104931338,-8.342674685850566,0.5904398395548212,5.786918419080772,263,161,204,8,"{""geodesic"":false,""type"":""Point"",""coordinates"":[9.46038283588371,52.07071069669544]}"
0000000000000000082e_0,1490.0,3073.0,1228.0,2332.0,1156.0,1317.0,1234.0,1548.0,1143.0,1603.0,2378.0,2992.0,-0.14610021079941624,0.04084585420144685,0.35075262,0.3022851,96.5,-14.067240096239985,-8.040976747208838,0.571610116284153,6.026263349031147,332,381,185,3,"{""geodesic"":false,""type"":""Point"",""coordinates"":[9.492812017640425,51.783249805777196]}"
0000000000000000082f_0,5585.0,3426.0,5009.0,2578.0,10512.0,1314.0,9800.0,1590.0,9656.0,1618.0,9903.0,2956.0,-0.1451088175903074,0.08310070861069357,0.0126284575,0.29252297,24,-14.819569116111971,-9.495171670691482,0.6407184713871501,5.324397445420489,222,238,208,13,"{""geodesic"":false,""type"":""Point"",""coordinates"":[9.48796111510618,52.21462080521139]}"
00000000000000000836_0,1676.0,2942.0,1308.0,2246.0,1114.0,1301.0,1236.0,1493.5,1110.0,1515.0,2832.0,2829.5,-0.17231134878193702,0.03802037845705968,0.4368341,0.30256647,46.6,-13.107304975350992,-6.83563244844735,0.5215131914075497,6.271672526903642,23,200,158,18,"{""geodesic"":false,""type"":""Point"",""coordinates"":[10.014553534657043,52.05391220088241]}"
00000000000000000851_0,2636.0,2900.5,1757.0,2200.0,1232.0,1309.0,1485.0,1458.0,1446.0,1543.0,4328.0,3095.0,-0.15328769964737607,0.004464538005086183,0.49913406,0.334627,16.7,-14.815334870423378,-9.180819613342955,0.6196835706812879,5.634515257080423,270,77,185,2,"{""geodesic"":false,""type"":""Point"",""coordinates"":[10.666730430927815,52.771037292195025]}"
00000000000000000852_0,2320.0,2487.0,1616.0,1845.5,1137.0,1324.0,1348.0,1453.0,1284.0,1411.0,3896.0,2537.0,-0.1654509667708695,0.004768655754607553,0.5042471,0.2852077,34.3,-14.983058145855997,-9.475712449329396,0.6324284640082093,5.507345696526601,335,59,190,7,"{""geodesic"":false,""type"":""Point"",""coordinates"":[10.669784702893823,52.96875648622973]}"
00000000000000000859_0,2397.5,2572.0,1661.5,1949.0,1213.5,1245.5,1359.0,1371.5,1277.5,1370.0,3912.5,2985.5,-0.16486762867855925,-0.03536033280313226,0.5077071,0.37091035,151.2,-15.517814353602786,-9.501592117426826,0.6123022160798587,6.01622223617596,270,30,195,5,"{""geodesic"":false,""type"":""Point"",""coordinates"":[7.105089992450737,52.396170324131944]}"
0000000000000000086a_0,2073.0,2946.0,1505.0,2156.0,999.0,1280.0,1056.0,1440.0,1045.0,1374.0,2240.0,2626.0,-0.019034135598552777,0.05032822757111598,0.36377475,0.313,21.6,-16.207307370342594,-11.269274251069747,0.6953205732181739,4.938033119272847,90,1,175,2,"{""geodesic"":false,""type"":""Point"",""coordinates"":[7.625573868069588,53.64842183019456]}"
00000000000000000871_0,2535.0,2699.0,1715.0,2113.0,1217.0,1385.5,1416.0,1566.5,1260.0,1490.0,4324.0,2902.0,-0.1870179948586118,-0.011620362177785643,0.5487106,0.32149363,42.7,-13.608656849008788,-8.28330564762803,0.6086791473643014,5.325351201380759,73,33,171,3,"{""geodesic"":false,""type"":""Point"",""coordinates"":[7.885276816708542,52.682283742124014]}"
00000000000000000875_0,2379.0,2901.5,1837.0,2258.5,1249.0,1371.0,1392.0,1537.0,1286.0,1535.5,4244.0,2921.0,-0.19960690107010265,0.016611295681063124,0.53490055,0.3108942,33.8,-13.733828384743926,-7.312832464959156,0.5324686067202162,6.420995919784771,59,29,176,2,"{""geodesic"":false,""type"":""Point"",""coordinates"":[7.946002929915021,52.64742910910018]}"
00000000000000000882_0,2451.0,2617.5,1750.0,2084.0,1215.0,1360.0,1336.0,1466.0,1235.0,1479.0,4177.0,2546.0,-0.18792685613571272,0.02380506091846298,0.5436068,0.26509318,27.2,-16.155035469854102,-9.16221283619777,0.567142848636563,6.992822633656331,270,58,185,2,"{""geodesic"":false,""type"":""Point"",""coordinates"":[8.234272304588975,52.8317634054015]}"
00000000000000000886_0,2489.0,2819.0,1690.0,2137.5,1181.0,1369.0,1286.0,1519.5,1207.0,1571.0,3882.0,2970.5,-0.1560680442972942,0.005784981957729538,0.5256435,0.3081581,37.3,-14.438922012024648,-8.721802555863682,0.6040480410241303,5.717119456160965,0,61,180,0,"{""geodesic"":false,""type"":""Point"",""coordinates"":[8.37162471153085,52.33032381380599]}"
0000000000000000088d_0,2657.0,2530.0,1719.0,1871.0,1158.0,1289.5,1353.0,1470.0,1220.0,1398.0,4957.0,3278.5,-0.22397918334667735,-0.07532956685499058,0.60498625,0.40211695,27.8,-14.744304873733318,-9.465571372017989,0.6419815279919173,5.27873350171533,327,32,190,5,"{""geodesic"":false,""type"":""Point"",""coordinates"":[6.391198836160953,51.40496923963447]}"
0000000000000000088f_0,2306.5,2539.0,1608.5,1846.0,1128.0,1293.0,1327.0,1459.5,1319.5,1399.0,3763.5,2772.0,-0.14857646022894042,-0.015869049106585032,0.48081842,0.32917765,46.5,-14.382458952407482,-8.95729600406699,0.6227930866138593,5.425162948340493,258,59,194,5,"{""geodesic"":false,""type"":""Point"",""coordinates"":[6.740194324041387,51.75710883100932]}"
00000000000000000893_0,2156.0,2835.0,1563.0,2216.0,1114.0,1319.0,1294.0,1434.0,1193.0,1507.0,3395.0,2457.0,-0.14762025960804276,0.06972160630697216,0.4799477,0.23965691,33.9,-13.663303956320789,-7.707627414071812,0.5641115383740096,5.955676542248977,166,385,171,12,"{""geodesic"":false,""type"":""Point"",""coordinates"":[6.857154974033749,50.48284860048578]}"
00000000000000000894_0,2275.5,2624.0,1639.5,1942.0,1130.5,1254.5,1316.5,1419.5,1225.0,1338.5,3104.0,2439.0,-0.09489334195216548,0.03513584117032393,0.43404943,0.29133025,16.2,-12.908030184081174,-7.588517462444551,0.5878912083582737,5.319512721636623,158,44,176,4,"{""geodesic"":false,""type"":""Point"",""coordinates"":[7.02010936657303,51.02695816807697]}"
00000000000000000895_0,1815.0,2457.0,1390.0,1826.0,1072.0,1245.0,1202.0,1355.0,1117.0,1386.0,3081.0,2318.0,-0.17233592095977418,0.03780718336483932,0.46784183,0.25161988,56.2,-14.41795739806974,-8.859804838888486,0.6144979204942461,5.558152559181254,28,194,162,12,"{""geodesic"":false,""type"":""Point"",""coordinates"":[7.4279445055632936,50.874873390475535]}"
0000000000000000089f_0,2527.0,2612.0,1785.5,2031.0,1115.5,1248.5,1400.0,1377.0,1361.0,1347.0,3686.0,2806.0,-0.10512687726566546,-0.011917389405378424,0.4606697,0.3513123,47.5,-13.733289470778743,-8.04359311177143,0.5857003982102272,5.689696359007312,122,122,171,4,"{""geodesic"":false,""type"":""Point"",""coordinates"":[7.217918392136149,52.00315738732966]}"
000000000000000008aa_0,2547.0,2910.0,1731.0,2308.0,1198.0,1352.0,1338.0,1469.0,1235.0,1430.0,3665.0,2484.0,-0.12504337767495663,0.06164383561643835,0.49591836,0.26928973,26,-14.904112833645978,-8.277550992020554,0.5553870320502414,6.626561841625424,201,104,194,13,"{""geodesic"":false,""type"":""Point"",""coordinates"":[7.9082736879820015,52.197193488699476]}"
000000000000000008b3_0,2688.0,2942.0,1796.0,2203.0,1254.5,1330.0,1398.0,1532.0,1302.0,1592.0,4008.0,2814.0,-0.13753039718994867,0.04494123069831758,0.5096045,0.27734905,35.3,-15.73128592350843,-9.4209717218228,0.5988685074844607,6.31031420168563,332,222,185,3,"{""geodesic"":false,""type"":""Point"",""coordinates"":[8.764457985276318,51.921590359531606]}"
000000000000000008b4_0,2528.0,2892.0,1747.0,2221.0,1200.5,1304.0,1434.5,1466.0,1348.0,1545.0,3822.0,2841.0,-0.12884193965275045,0.034024702866464696,0.47853,0.29548565,59.9,-14.111932832358727,-8.371541415016825,0.5932242956698917,5.740391417341902,270,386,185,1,"{""geodesic"":false,""type"":""Point"",""coordinates"":[8.918429224974403,51.56361171880997]}"
000000000000000008c1_0,1613.5,2364.0,1265.5,1807.0,1079.5,1232.5,1129.0,1310.5,1095.0,1341.0,1714.0,2426.0,-0.015448927662668121,0.006314931757995518,0.22036313,0.2880276,59,-16.484456174388647,-10.233678081028101,0.6208077459617883,6.250778093360546,90,200,148,10,"{""geodesic"":false,""type"":""Point"",""coordinates"":[7.314666948235821,51.357897518746604]}"
000000000000000008c2_0,2219.0,2485.5,1561.0,1931.0,1171.0,1254.0,1314.0,1336.0,1174.0,1380.0,3458.0,2600.0,-0.15407629020194466,0.001489733791048643,0.49309152,0.30653265,46.2,-13.60932908584081,-7.93899419980082,0.5833494178681133,5.67033488603999,53,196,157,9,"{""geodesic"":false,""type"":""Point"",""coordinates"":[7.373147273232003,51.341278685990396]}"
000000000000000008c3_0,2091.0,2810.0,1512.0,2171.0,1120.5,1328.0,1317.5,1469.0,1181.0,1579.0,3047.0,2732.0,-0.12037099267423886,0.03893951946975974,0.44134343,0.26745534,100.8,-12.94288403654634,-8.063756812263986,0.6230262737033458,4.879127224282355,227,493,190,4,"{""geodesic"":false,""type"":""Point"",""coordinates"":[7.934414662749879,50.992912018808845]}"
000000000000000008d4_0,2113.0,2610.5,1498.0,2000.0,1128.0,1297.0,1339.0,1435.0,1183.0,1460.5,4089.0,2738.0,-0.22565488077058615,0.0044411547002220575,0.551214,0.30427533,40.9,-13.348117275254953,-7.451887641546705,0.5582725629299935,5.8962296337082485,50,232,153,11,"{""geodesic"":false,""type"":""Point"",""coordinates"":[7.716393543294072,50.790970742938775]}"
000000000000000008fa_0,2208.0,2886.5,1656.5,2096.0,1274.0,1255.5,1366.5,1466.0,1382.0,1598.0,2444.5,3153.0,-0.017582267223096394,0.008546047453052963,0.2776689,0.3272995,69.8,-14.430381095935301,-8.420049278725724,0.5834945884483573,6.010331817209577,302,386,185,2,"{""geodesic"":false,""type"":""Point"",""coordinates"":[13.573858353395412,50.956170923688354]}"
00000000000000000902_0,2703.0,3112.0,1888.0,2311.0,1213.0,1326.0,1355.0,1491.0,1380.0,1604.0,3276.0,3004.0,-0.047363509099393374,0.04267079372098165,0.4072165,0.30381945,65.2,-16.21141919187981,-10.886362986091187,0.6715243654635797,5.325056205788622,313,175,190,4,"{""geodesic"":false,""type"":""Point"",""coordinates"":[12.50719878503189,51.253962440373975]}"
0000000000000000090f_0,2467.0,3270.5,1735.5,2508.5,1162.5,1359.5,1315.5,1519.0,1321.5,1583.0,2981.0,2722.0,-0.04475542107917297,0.0864017907106883,0.38570598,0.26457608,30.3,-14.287466891557015,-8.315103260780736,0.5819858288311719,5.972363630776279,0,164,180,1,"{""geodesic"":false,""type"":""Point"",""coordinates"":[11.187932958773962,52.31756773677149]}"
0000000000000000093e_0,2510.5,2720.0,1774.0,1997.5,1225.0,1293.0,1377.0,1479.5,1302.5,1383.0,3360.0,2894.0,-0.091926649202191,-0.010132689987937274,0.44128686,0.353285,45.1,-15.305422103507675,-9.479416202069729,0.6193501974635021,5.826005901437947,270,85,190,3,"{""geodesic"":false,""type"":""Point"",""coordinates"":[12.298789639116162,51.67194854207479]}"
00000000000000000942_0,2599.0,3320.0,1769.5,2569.0,1193.5,1362.0,1321.0,1488.0,1387.5,1655.0,3296.0,2922.0,-0.05934403020292591,0.07463008964250999,0.4074944,0.27681887,32.3,-15.342648951649025,-9.895115119350605,0.6449417666098056,5.44753383229842,158,183,176,4,"{""geodesic"":false,""type"":""Point"",""coordinates"":[12.616703418166061,51.665211177443894]}"
00000000000000000950_0,1246.0,2985.5,1111.0,2306.5,1081.0,1385.0,1122.0,1527.5,1072.0,1632.5,1728.0,3017.0,-0.09576750536376048,0.02394678492239468,0.23428571,0.29777396,31,-13.459420987839703,-8.262542879042165,0.6138854625698382,5.196878108797538,150,26,175,3,"{""geodesic"":false,""type"":""Point"",""coordinates"":[9.307489574526569,54.388453961252225]}"
0000000000000000097f_0,2715.0,3396.0,1771.0,2559.5,1215.0,1340.5,1394.0,1502.0,1219.0,1708.0,4344.0,3016.0,-0.17117876329927315,0.07901273717033984,0.56174725,0.276884,57.3,-12.875622892619198,-7.151380022757966,0.5554201208282833,5.724242869861232,136,400,153,13,"{""geodesic"":false,""type"":""Point"",""coordinates"":[11.237160636343711,50.91475858909045]}"
00000000000000000696_0,1302.0,1388.5,1130.0,1184.0,1021.5,1112.0,1108.0,1151.0,1063.0,1119.5,1976.0,2449.0,-0.11794871794871795,-0.17350469599604548,0.30042776,0.3725655,120.5,-16.108358216894352,-9.314602858485728,0.5782465682142968,6.7937553584086245,0,1035,180,0,"{""geodesic"":false,""type"":""Point"",""coordinates"":[8.088924891618436,47.88294450518706]}"
00000000000000000698_0,1535.0,1730.0,1231.5,1369.0,1088.0,1118.0,1193.0,1284.0,1116.5,1171.0,2931.5,3060.0,-0.20506670664068355,-0.1803927108348637,0.44836956,0.44646657,122.5,-15.624210956579915,-8.659697084414196,0.5542486022801226,6.964513872165719,329,1030,189,5,"{""geodesic"":false,""type"":""Point"",""coordinates"":[8.215587346679289,48.08308915048889]}"
0000000000000000069f_0,2205.0,3473.0,1642.5,2613.0,1312.5,1620.0,1523.0,1843.0,1434.5,2108.0,3631.0,3858.0,-0.1519282302225329,0.009313681164662265,0.4336196,0.29332885,38.6,-16.348207214421983,-8.658630922402633,0.5296379479924994,7.68957629201935,124,864,163,7,"{""geodesic"":false,""type"":""Point"",""coordinates"":[8.992899562027912,48.128993061507394]}"
000000000000000007bd_0,2673.5,2866.0,1970.5,2213.0,1266.5,1204.0,1357.5,1386.0,1454.5,1488.0,2681.0,2689.0,0.022351557179122034,0.05589911482963502,0.2965784,0.28752694,26.7,-15.77014674299727,-10.021036154452858,0.6354434310449709,5.749110588544411,58,468,176,2,"{""geodesic"":false,""type"":""Point"",""coordinates"":[8.672919657824538,51.075646856476254]}"
000000000000000007c0_0,2926.0,3372.0,2167.5,2389.0,1389.5,1423.0,1533.0,1616.0,1611.0,1674.0,2903.5,3050.0,0.027633069082672705,0.06019539867633155,0.2862997,0.29127857,55.6,-17.885335963588325,-10.882886158330361,0.6084809466529548,7.002449805257964,104,350,157,8,"{""geodesic"":false,""type"":""Point"",""coordinates"":[8.78709553043613,51.07690449787402]}"
000000000000000007c2_0,1650.0,1670.0,1285.0,1332.0,1087.0,1122.0,1168.5,1258.0,1106.0,1194.0,2498.0,2615.0,-0.1307364768963886,-0.13225268898651718,0.3862375,0.3730638,33.7,-15.888301001727179,-9.821727414561432,0.618173548795037,6.066573587165747,228,369,212,14,"{""geodesic"":false,""type"":""Point"",""coordinates"":[8.874411776052547,51.00584775890017]}"
000000000000000007d9_0,2653.0,3413.0,1826.0,2591.0,1228.0,1428.0,1315.0,1569.5,1272.0,1739.0,2565.0,2807.0,0.01710287639284789,0.0976882923191648,0.336982,0.23493181,259.8,-16.111664254581044,-9.574751081220558,0.5942744914448028,6.536913173360485,141,315,176,2,"{""geodesic"":false,""type"":""Point"",""coordinates"":[9.611838792786262,51.42410335518621]}"
000000000000000007e4_0,4135.0,1747.5,3782.5,1401.5,4189.0,1135.0,4207.0,1222.5,4051.0,1174.0,5137.5,2499.5,-0.0651249107780157,-0.10875533862111043,0.11824563,0.36082754,78.5,-16.26808164597643,-9.29248077452379,0.5712093765414615,6.97560087145264,197,423,198,20,"{""geodesic"":false,""type"":""Point"",""coordinates"":[9.871272246839979,51.190990538957195]}"
000000000000000007ec_0,5022.0,3731.5,4811.0,2788.0,4273.0,1465.0,4250.0,1682.5,4312.0,1861.0,5383.5,3109.5,-0.016982175298175403,0.10012786466017508,0.110515185,0.25118196,35.5,-17.17478515080262,-10.824365914963913,0.6302475297315765,6.350419235838707,162,328,171,10,"{""geodesic"":false,""type"":""Point"",""coordinates"":[10.100162981233634,51.22701298185039]}"
00000000000000000807_0,2166.0,1488.0,1693.0,1242.5,1200.0,1121.0,1246.0,1176.0,1292.0,1132.5,2181.0,2229.0,0.011258955987717503,-0.12218407168578846,0.25597465,0.32619366,108.1,-16.25644462256578,-9.795893389581614,0.6025852280137447,6.460551232984166,253,595,190,3,"{""geodesic"":false,""type"":""Point"",""coordinates"":[10.304529708370826,51.81981123784086]}"
00000000000000000831_0,2841.0,3327.0,1957.0,2470.0,1220.0,1426.0,1439.0,1607.0,1330.0,1724.0,3200.0,2940.0,-0.028983820277034104,0.07274078793671021,0.41280353,0.2607204,68,-11.531931068106815,-4.608493633836036,0.3996289612397595,6.923437434270778,102,303,152,9,"{""geodesic"":false,""type"":""Point"",""coordinates"":[9.664120742322018,52.12532826596991]}"
00000000000000000832_0,4336.0,2989.0,3714.0,2190.5,5428.0,1384.5,5380.0,1575.0,5304.0,1564.5,6068.0,3547.5,-0.08781226343679031,-0.03990300985715039,0.067182556,0.38791078,38.1,-16.208853176699357,-10.328010120117572,0.6371832730871023,5.880843056581785,231,338,194,6,"{""geodesic"":false,""type"":""Point"",""coordinates"":[9.723858708715966,51.909822429309635]}"
0000000000000000084e_0,2007.0,1838.5,1716.0,1417.5,1153.0,1207.5,1289.0,1303.5,1241.0,1218.0,2912.0,2960.0,-0.11171885683030221,-0.15379291251384275,0.40235975,0.4169459,35.6,-13.523445947678354,-8.2237047824865,0.6081071950376901,5.299741165191854,132,102,171,4,"{""geodesic"":false,""type"":""Point"",""coordinates"":[10.400379949186378,52.80813771342916]}"
00000000000000000867_0,1873.5,1938.5,1469.0,1504.5,1250.5,1279.0,1335.5,1373.0,1229.5,1261.5,3079.0,3030.0,-0.1650184998318197,-0.14768943933945933,0.42926773,0.41209367,17.6,-14.786807785736961,-9.025842109370911,0.6103982847519697,5.76096567636605,121,34,175,2,"{""geodesic"":false,""type"":""Point"",""coordinates"":[7.643989331394038,52.767713525643785]}"
0000000000000000088a_0,1790.5,1952.5,1361.0,1517.5,1078.0,1142.5,1245.5,1274.0,1154.5,1248.0,3046.0,2584.0,-0.16678455227047673,-0.07593474808719504,0.45030352,0.348643,168.2,-15.254142574050903,-9.556807311310589,0.6265057026258458,5.697335262740314,338,493,185,4,"{""geodesic"":false,""type"":""Point"",""coordinates"":[6.2503429996110125,50.66260148883809]}"
0000000000000000088c_0,2099.5,2113.0,1652.5,1755.0,1263.0,1200.0,1258.0,1298.0,1254.0,1368.0,2044.0,1869.0,0.006981457848509872,0.06290076335877863,0.23953912,0.15477294,269.4,-13.467390400305291,-7.331248686671136,0.5443703990718903,6.136141713634155,58,390,127,20,"{""geodesic"":false,""type"":""Point"",""coordinates"":[8.97116033215222,51.77983620769754]}"
00000000000000000896_0,3258.0,3984.0,2303.0,3009.0,1385.0,1538.0,1556.0,1820.5,1565.0,2081.0,3836.0,3700.0,-0.03962564715252887,0.07316641599575334,0.4204777,0.28005534,229.2,-16.333233887099635,-10.570229253634752,0.6471608333474832,5.763004633464883,340,393,202,21,"{""geodesic"":false,""type"":""Point"",""coordinates"":[7.704895107657341,51.02453271680985]}"
000000000000000008b6_0,1808.5,1558.0,1417.5,1273.0,1203.5,1080.0,1268.0,1198.0,1195.0,1163.0,2623.5,2416.0,-0.12056218432032795,-0.12465819527103104,0.3740998,0.3500978,271.6,-16.503388487674084,-9.813046706804755,0.5946079930272407,6.690341780869328,248,395,194,5,"{""geodesic"":false,""type"":""Point"",""coordinates"":[8.972417973549987,51.72584745912196]}"
000000000000000008cc_0,2970.0,3243.5,2093.5,2451.5,1270.0,1354.5,1419.0,1532.0,1437.5,1704.0,3157.0,3017.0,-0.0022072556454807856,0.061809206996458844,0.3742518,0.27811906,60.1,-15.766150518520494,-9.43804847282929,0.5986273226138756,6.328102045691203,102,450,166,5,"{""geodesic"":false,""type"":""Point"",""coordinates"":[8.518768755069628,51.43335600261265]}"
000000000000000008ce_0,3667.0,4628.0,2717.0,3472.5,1424.0,1597.5,1633.0,1839.0,1748.5,2225.0,3602.0,3569.5,0.03730306948235407,0.14026622296173044,0.34641623,0.23203038,34.5,-12.06849852128618,-5.656830055591119,0.46872691293069413,6.411668465695062,80,463,148,10,"{""geodesic"":false,""type"":""Point"",""coordinates"":[8.721069357053345,51.39975901098657]}"
000000000000000008fc_0,1808.0,2141.0,1404.0,1632.0,1199.0,1226.0,1258.0,1279.0,1231.0,1348.0,2227.0,2190.0,-0.05986078886310905,0.010572049239681391,0.28802776,0.23798756,89.4,-16.470455268610614,-10.673785167674406,0.6480564740682366,5.796670100936208,152,260,176,3,"{""geodesic"":false,""type"":""Point"",""coordinates"":[13.868595598115027,51.07268241603866]}"
00000000000000000908_0,3770.0,3912.5,2792.0,3001.0,1557.0,1564.0,1700.0,1725.0,1960.0,1973.5,3090.0,2987.0,0.10436542353281295,0.12791031905720035,0.22376238,0.20431408,196.8,-18.513376700743184,-12.226001137386296,0.6603874233756345,6.287375563356887,222,483,203,11,"{""geodesic"":false,""type"":""Point"",""coordinates"":[10.795369179613731,51.691711478325416]}"
0000000000000000090c_0,3160.0,3161.0,2171.0,2385.5,1746.0,1373.5,1706.0,1550.0,1523.0,1609.0,3980.0,3329.0,-0.10020174848688634,0.007125890736342043,0.44648373,0.34831914,101.4,-15.96620059360091,-8.700024172202916,0.5449025972835264,7.266176421397994,340,429,190,9,"{""geodesic"":false,""type"":""Point"",""coordinates"":[11.056509432707276,51.725577964536726]}"
0000000000000000093c_0,2428.0,3223.0,1793.0,2429.0,1245.0,1408.0,1385.0,1650.0,1340.0,1769.0,2730.0,3083.0,-0.02673382409918636,0.052831382473900665,0.34152335,0.27081615,72.2,-18.700068501360466,-14.058253754921422,0.751775521779434,4.641814746439044,227,274,190,4,"{""geodesic"":false,""type"":""Point"",""coordinates"":[12.20796996389168,50.990306904484896]}"
00000000000000000988_0,1851.0,1795.5,1384.0,1511.0,1117.0,1201.0,1180.0,1279.0,1130.0,1267.0,2606.0,2615.5,-0.11068019093078758,-0.1096089547899404,0.39507493,0.34732774,20.9,-17.54484209113833,-11.079614782344292,0.6315026789520357,6.46522730879404,198,296,185,5,"{""geodesic"":false,""type"":""Point"",""coordinates"":[11.66044679822083,50.81962700050219]}"
0000000000000000246b_0,3240.0,3924.0,2427.0,3049.0,1404.0,1562.0,1544.5,1789.0,1666.0,2080.0,2619.0,3056.0,0.09889125321984545,0.13048390133684806,0.22240373,0.19003116,103.1,-18.124868996402313,-13.337623403510364,0.7358741961753108,4.787245592891949,266,295,225,14,"{""geodesic"":false,""type"":""Point"",""coordinates"":[7.77568235204596,50.73814980423255]}"
0000000000000000073f_0,1872.5,1951.5,1425.5,1488.0,1286.5,1197.0,1359.5,1313.5,1276.0,1226.5,3156.5,3041.5,-0.17051966014621617,-0.14299197734780558,0.4242527,0.42525774,31,-15.457229868948154,-11.14717216411881,0.7211623465930485,4.310057704829344,90,43,176,2,"{""geodesic"":false,""type"":""Point"",""coordinates"":[13.722709195974016,52.445128507116465]}"
00000000000000000740_0,1750.5,2510.5,1408.0,1868.0,1209.5,1310.0,1268.5,1448.5,1225.0,1451.5,2750.5,3281.5,-0.14195083267248215,-0.07359560413865669,0.38372532,0.38664696,3.1,-15.570573473089704,-9.509094479113314,0.6107093290781924,6.06147899397639,78,51,166,5,"{""geodesic"":false,""type"":""Point"",""coordinates"":[12.359605583851055,52.28208428304877]}"
00000000000000000748_0,2255.0,2409.5,1633.5,1737.0,1225.5,1224.5,1324.5,1347.0,1277.0,1306.0,3044.5,3230.0,-0.09459113047936427,-0.09045287637698898,0.4090015,0.42416227,21.8,-16.0355273761751,-11.217730616181584,0.6995548292878978,4.8177967599935165,40,33,175,2,"{""geodesic"":false,""type"":""Point"",""coordinates"":[12.29492688339445,52.73294872414836]}"
0000000000000000074a_0,2099.0,2644.5,1490.5,1955.0,1271.0,1285.0,1447.0,1390.5,1376.0,1380.0,2954.5,2910.5,-0.0974612038179339,-0.020802919708029197,0.36450756,0.35671833,6.4,-15.393313655218762,-10.85617025367193,0.7052523255765263,4.537143401546832,312,33,190,4,"{""geodesic"":false,""type"":""Point"",""coordinates"":[12.332206967685408,52.8760503489086]}"
00000000000000000750_0,2323.0,2266.5,1662.0,1657.0,1283.0,1264.0,1404.0,1372.0,1327.0,1302.0,3334.0,3127.0,-0.11697108987540825,-0.10333563666059425,0.4305943,0.4120569,7.8,-16.083174817454413,-11.57915671355326,0.7199546634901259,4.504018103901153,0,131,180,0,"{""geodesic"":false,""type"":""Point"",""coordinates"":[12.442520084575285,52.19054595559699]}"
00000000000000000752_0,1979.0,2163.0,1483.5,1595.5,1181.5,1284.5,1309.0,1395.5,1235.5,1319.5,2961.0,3071.0,-0.12613837161886637,-0.11138045419749937,0.41117597,0.3989295,18.5,-15.81717107571369,-11.012877721121964,0.6962608969964024,4.804293354591726,180,42,180,2,"{""geodesic"":false,""type"":""Point"",""coordinates"":[12.520314188180036,52.53055829063623]}"
00000000000000000753_0,1843.5,1910.0,1396.5,1473.0,1226.5,1193.5,1321.0,1327.0,1228.0,1232.5,3113.5,3126.5,-0.17115293800175402,-0.1577889447236181,0.4342969,0.43450332,24.2,-15.775845271263481,-10.302088841193838,0.6530292776108565,5.473756430069644,90,36,161,6,"{""geodesic"":false,""type"":""Point"",""coordinates"":[12.529566835606468,52.69225504177774]}"
00000000000000000755_0,2063.0,2089.5,1520.0,1582.5,1163.5,1253.5,1326.5,1348.0,1262.0,1275.0,2915.0,2952.0,-0.10177618693861011,-0.11109643328929987,0.39573857,0.39673528,10,-15.103337046303164,-10.459309798914727,0.6925164794276274,4.644027247388436,219,66,185,2,"{""geodesic"":false,""type"":""Point"",""coordinates"":[12.547712804345682,52.493996858572565]}"
00000000000000000756_0,1827.5,1989.0,1395.5,1521.0,1172.5,1225.5,1280.0,1316.0,1238.0,1280.5,2838.5,2856.0,-0.13361124849855155,-0.11046116174670113,0.3926162,0.38087755,13.1,-16.167515626477865,-11.326114396238523,0.7005476078024949,4.841401230239342,238,134,185,2,"{""geodesic"":false,""type"":""Point"",""coordinates"":[12.552294212294692,52.06235636455313]}"
00000000000000000757_0,1863.5,1972.5,1390.5,1498.0,1225.5,1244.0,1324.5,1353.5,1223.0,1251.0,3247.5,3170.0,-0.18341160129638204,-0.15587561374795417,0.4528576,0.4340647,18.4,-15.859783410108125,-11.323096037819727,0.7139502315399231,4.536687372288398,0,107,180,3,"{""geodesic"":false,""type"":""Point"",""coordinates"":[12.588675981301533,52.18740185210257]}"
00000000000000000764_0,1798.0,1961.5,1376.0,1508.0,1174.5,1248.0,1318.5,1413.0,1212.5,1295.0,3047.0,3387.0,-0.16745022123893805,-0.17468161946398023,0.43068436,0.4468176,19.9,-18.428164819583316,-13.570563347971289,0.7364034064612918,4.857601471612027,0,135,180,4,"{""geodesic"":false,""type"":""Point"",""coordinates"":[12.841461902252766,52.019776220085866]}"
00000000000000000765_0,1837.0,1999.5,1398.5,1508.5,1176.5,1205.5,1300.5,1340.0,1228.5,1266.0,3145.0,2976.0,-0.17002842832002166,-0.12300255136296495,0.4382074,0.40311173,10.3,-16.199914066754893,-11.12808190748825,0.6869222800585748,5.071832159266643,0,78,180,0,"{""geodesic"":false,""type"":""Point"",""coordinates"":[12.890240422180456,52.32430510140239]}"
00000000000000000766_0,1954.0,2202.0,1470.0,1692.0,1198.0,1300.0,1333.0,1426.0,1231.0,1378.0,3068.0,3084.0,-0.14508119715474432,-0.10095429432446007,0.42730868,0.38233975,9.3,-14.540995851488232,-9.083726698655948,0.6246977023740952,5.457269152832284,99,54,161,6,"{""geodesic"":false,""type"":""Point"",""coordinates"":[12.970998966222801,52.21444114215457]}"
00000000000000000767_0,1833.5,2150.5,1398.5,1621.5,1194.0,1265.5,1316.0,1398.5,1203.5,1288.5,3129.0,3006.0,-0.17472826086956522,-0.10796965177355554,0.44443163,0.39993015,6.2,-16.032466318062973,-11.20551708670611,0.6989265945989493,4.826949231356863,231,54,195,6,"{""geodesic"":false,""type"":""Point"",""coordinates"":[13.0123214692923,52.824936209242196]}"
00000000000000000768_0,1905.0,2132.0,1437.5,1596.5,1235.0,1257.5,1390.0,1395.0,1296.0,1327.0,3278.0,3093.0,-0.170080373347161,-0.11415583584096294,0.43331876,0.39954752,11.4,-16.37459801510731,-11.81977125708909,0.7218358121636997,4.554826758018219,122,61,176,2,"{""geodesic"":false,""type"":""Point"",""coordinates"":[12.996600951820207,52.1598235728801]}"
0000000000000000076b_0,1959.0,2133.0,1486.0,1594.0,1185.0,1246.0,1323.0,1356.0,1230.0,1284.0,2919.0,2990.0,-0.12546277252159604,-0.10701685613484908,0.40708604,0.3991577,17.1,-15.582924808383842,-11.039877803904208,0.7084599290349262,4.543047004479634,0,44,180,0,"{""geodesic"":false,""type"":""Point"",""coordinates"":[13.176892829342995,52.22710738766065]}"
0000000000000000076e_0,1891.5,1999.0,1441.5,1537.0,1233.0,1265.0,1347.0,1372.0,1225.0,1286.5,3036.5,2937.5,-0.15610614676414838,-0.12246260683760683,0.42508507,0.39086175,34.8,-15.76445837409744,-10.800252233398396,0.6851013829402649,4.964206140699044,180,50,180,1,"{""geodesic"":false,""type"":""Point"",""coordinates"":[13.307418040125562,52.799154560587965]}"
00000000000000000773_0,1878.0,2048.5,1434.5,1595.0,1159.0,1248.5,1267.0,1365.0,1222.0,1300.0,2829.0,2865.0,-0.1252821670428894,-0.10251943178772448,0.3966922,0.3757503,17.3,-16.855444918761084,-11.211152437369947,0.6651353607931931,5.644292481391137,0,72,180,1,"{""geodesic"":false,""type"":""Point"",""coordinates"":[13.535679953820331,52.684709193391136]}"
00000000000000000778_0,1886.5,2137.0,1440.0,1566.5,1223.0,1235.5,1343.5,1370.5,1273.0,1319.5,2806.5,2954.0,-0.12101822228404507,-0.09586712006277792,0.3759039,0.38247338,8.8,-16.631573938555004,-11.011629322935825,0.6620918359030874,5.619944615619179,0,49,180,2,"{""geodesic"":false,""type"":""Point"",""coordinates"":[13.784782782106674,52.1372758592487]}"
00000000000000000784_0,2754.5,2960.0,1927.5,2233.0,1273.0,1273.5,1390.5,1445.5,1380.0,1410.0,3309.0,3096.0,-0.05133941375552114,5.7211510956004346E-5,0.41138837,0.37416777,6.3,-14.498691262110526,-9.976446855725868,0.6880929233797362,4.522244406384658,301,31,195,5,"{""geodesic"":false,""type"":""Point"",""coordinates"":[14.08230480420706,52.82924812260597]}"
00000000000000000787_0,2048.5,2160.0,1515.0,1644.5,1207.0,1226.0,1394.0,1377.0,1289.5,1295.0,2978.0,2885.0,-0.1125880632726306,-0.08670367433254031,0.3956649,0.38038278,10.8,-15.204346217333978,-10.327195488846058,0.6792265409657905,4.877150728487919,238,64,185,2,"{""geodesic"":false,""type"":""Point"",""coordinates"":[14.032717800523663,51.96704511290805]}"
0000000000000000078a_0,2654.0,3151.0,2056.5,2559.0,1432.0,1610.0,1714.0,1823.5,1677.0,1988.0,3221.5,3328.0,-0.03589515276309199,0.019946412622804405,0.3153006,0.25206923,25.4,-13.545889737401275,-7.0733428310104856,0.5221763182879324,6.4725469063907894,50,39,156,10,"{""geodesic"":false,""type"":""Point"",""coordinates"":[14.232233625126609,53.14806021693999]}"
0000000000000000078f_0,2008.0,2184.0,1497.0,1631.0,1254.0,1260.0,1396.5,1372.0,1299.5,1329.0,3117.0,3172.0,-0.13850361398710687,-0.1156702328508496,0.41152495,0.40946457,15.3,-16.68668803024114,-11.74598658390736,0.7039135964320907,4.9407014463337795,151,46,176,3,"{""geodesic"":false,""type"":""Point"",""coordinates"":[14.524725081635925,52.219292044688814]}"
00000000000000000815_0,1867.0,1930.0,1451.0,1480.0,1136.0,1251.0,1336.0,1375.0,1259.0,1250.5,3011.0,3024.0,-0.1403822356661625,-0.1468043726108242,0.41030446,0.41490233,71.5,-16.54041723292517,-11.568559616948768,0.699411596094476,4.9718576159764005,239,97,185,2,"{""geodesic"":false,""type"":""Point"",""coordinates"":[10.782702934107647,52.62649836298019]}"
00000000000000000817_0,2074.0,2185.5,1519.0,1632.0,1307.0,1277.5,1438.0,1402.5,1312.0,1326.0,3752.0,3193.5,-0.19810538780343398,-0.12020043845912935,0.48183253,0.41320944,27.5,-15.434608213121095,-11.796067676744482,0.7642609072977014,3.6385405363766132,0,110,180,0,"{""geodesic"":false,""type"":""Point"",""coordinates"":[10.8417222482743,52.62613903686655]}"
0000000000000000082b_0,1975.0,2005.0,1500.0,1527.0,1168.5,1251.0,1315.0,1350.0,1226.5,1275.0,3004.0,2942.0,-0.1316788717114185,-0.12217315669744414,0.4201631,0.3953047,26.8,-14.504320080419514,-10.023761974143182,0.6910880288470068,4.480558106276332,151,51,171,6,"{""geodesic"":false,""type"":""Point"",""coordinates"":[9.278473990849507,52.501093549317105]}"
00000000000000000837_0,3309.5,3534.5,2639.5,3048.5,1385.5,1573.0,1616.5,1751.5,1763.5,1967.0,3586.5,3464.0,0.010054753608760578,0.044076481472695356,0.34074765,0.27563983,18,-17.082089943410082,-10.514400819768767,0.6155219211818402,6.5676891236413155,180,51,180,4,"{""geodesic"":false,""type"":""Point"",""coordinates"":[10.014733197713868,52.503249505998994]}"
00000000000000000843_0,3116.0,2556.0,2273.0,1889.0,1455.0,1324.0,1647.5,1460.0,1760.5,1456.0,4274.5,3562.0,-0.08042617386385065,-0.09822432007192627,0.41657,0.41968912,26.1,-15.775685718261517,-10.300192539702088,0.6529156781932375,5.475493178559429,320,60,185,2,"{""geodesic"":false,""type"":""Point"",""coordinates"":[9.330216951214792,52.96875648622973]}"
00000000000000000849_0,1956.5,1995.5,1469.5,1534.0,1215.5,1223.0,1370.5,1360.5,1265.5,1256.5,3274.5,3049.0,-0.16441908713692946,-0.13556618819776714,0.44251102,0.41632795,22.5,-14.631107790698511,-10.253547447543646,0.7008045866535254,4.377560343154865,180,76,180,2,"{""geodesic"":false,""type"":""Point"",""coordinates"":[10.133310815217644,52.77283392276326]}"
00000000000000000850_0,2210.0,2171.0,1601.0,1650.5,1255.0,1260.0,1384.0,1324.0,1304.0,1257.5,2734.0,2713.5,-0.06330801012928162,-0.07362874898676033,0.35413572,0.36665827,37.7,-15.181279080518653,-10.18586590192718,0.6709491241089278,4.995413178591473,338,93,185,4,"{""geodesic"":false,""type"":""Point"",""coordinates"":[10.638164004892815,52.84308217798141]}"
00000000000000000853_0,2707.0,2995.5,2071.0,2261.0,1271.0,1360.5,1371.0,1485.5,1399.0,1563.0,2888.0,2868.0,-0.006412583182093164,0.037555479685899625,0.34732914,0.2945159,28.8,-17.06503100773159,-11.212902625606077,0.6570689863104198,5.852128382125514,320,76,190,5,"{""geodesic"":false,""type"":""Point"",""coordinates"":[10.757190780038652,52.8603298314365]}"
0000000000000000085d_0,1521.0,2154.0,1246.0,1590.5,1121.0,1210.0,1219.5,1311.0,1148.5,1233.0,2545.5,3087.0,-0.15735479797979798,-0.11842790213430505,0.37818083,0.42916667,14.7,-15.34367852427749,-9.394439850104552,0.6122677710719908,5.949238674172937,198,29,185,5,"{""geodesic"":false,""type"":""Point"",""coordinates"":[7.296341316439784,52.63449336900886]}"
0000000000000000089e_0,2195.0,2440.5,1554.5,1802.5,1163.0,1308.0,1309.5,1432.0,1271.5,1452.0,3333.0,3000.0,-0.12929356357927788,-0.050667642216937994,0.44771418,0.34770888,28,-18.65859172629035,-13.035638370498845,0.6986399917916288,5.6229533557915055,270,102,194,4,"{""geodesic"":false,""type"":""Point"",""coordinates"":[7.237771159915191,51.67994354810345]}"
000000000000000008fe_0,1609.0,2449.0,1349.0,1839.0,1103.0,1305.0,1176.0,1469.0,1113.0,1423.0,2099.0,3280.0,-0.08102633355840648,-0.08430885656852312,0.30697384,0.39485434,55.8,-17.523655744691396,-12.775195597416761,0.7290257115035411,4.748460147274635,302,171,185,2,"{""geodesic"":false,""type"":""Point"",""coordinates"":[13.975764611510485,51.3210665920977]}"
000000000000000008ff_0,1955.0,2027.0,1483.5,1565.0,1192.5,1247.0,1300.0,1351.0,1232.0,1281.0,2701.0,2642.0,-0.0997810889061507,-0.0807280811449215,0.37350622,0.34692836,45.5,-14.735824997935193,-10.67372546317699,0.7243385059657406,4.062099534758204,270,121,185,1,"{""geodesic"":false,""type"":""Point"",""coordinates"":[14.168902397596183,51.54834035897994]}"
0000000000000000090e_0,2036.0,1961.5,1537.0,1488.0,1168.0,1238.0,1396.0,1351.5,1311.0,1252.5,3287.0,3216.0,-0.14201486798256857,-0.16171100678142933,0.42975205,0.4394092,33.8,-15.511236054282703,-11.222479173070308,0.7235064397057993,4.288756881212395,48,49,171,4,"{""geodesic"":false,""type"":""Point"",""coordinates"":[11.138884944261036,52.69557880832898]}"
00000000000000000910_0,1952.0,2085.0,1459.0,1560.0,1157.0,1249.5,1296.0,1378.5,1221.0,1300.5,3164.0,3034.0,-0.15318921804109956,-0.11709479723562394,0.4431015,0.39993078,93.2,-15.54206409245063,-10.965159975756144,0.7055150403788605,4.576904116694486,270,116,190,3,"{""geodesic"":false,""type"":""Point"",""coordinates"":[11.22467405389445,52.58688265895052]}"
0000000000000000091e_0,2107.0,2119.0,1526.0,1568.0,1217.0,1243.0,1354.0,1381.0,1284.0,1304.0,3122.0,3027.0,-0.12263906856403622,-0.11010009099181074,0.41715842,0.3978296,10,-15.622380432252983,-10.578277798736526,0.6771233004220841,5.044102633516458,151,89,176,3,"{""geodesic"":false,""type"":""Point"",""coordinates"":[11.454193608986989,52.38655835059187]}"
00000000000000000920_0,1934.0,2019.0,1479.0,1553.0,1116.0,1180.5,1249.0,1306.5,1209.0,1250.0,2642.0,2762.0,-0.08911751920011593,-0.09339249809332316,0.37211114,0.37686938,8.7,-15.202196278015393,-10.68579360222906,0.7029111719654801,4.516402675786333,0,84,180,0,"{""geodesic"":false,""type"":""Point"",""coordinates"":[11.484736328647053,52.422131635843]}"
0000000000000000092f_0,3694.0,2086.0,3239.0,1527.0,2917.5,1200.0,2971.5,1338.0,2886.0,1295.0,4517.0,3136.0,-0.060972564130008206,-0.12375275366074899,0.22031608,0.41548184,4.8,-15.151725919861754,-11.092564422345351,0.7320990678563278,4.059161497516403,158,51,176,4,"{""geodesic"":false,""type"":""Point"",""coordinates"":[11.890864668597487,52.29052844671949]}"
00000000000000000938_0,1974.0,2922.5,1555.5,2195.0,1220.5,1375.5,1337.0,1492.5,1308.0,1585.5,2237.5,2642.0,-0.026112759643916916,0.0575332825054249,0.2621633,0.2499113,21.4,-16.945765315573993,-10.271710008785117,0.6061520278074966,6.674055306788876,15,73,176,6,"{""geodesic"":false,""type"":""Point"",""coordinates"":[12.105741684558877,51.873350828774385]}"
00000000000000000940_0,2191.5,2687.5,1575.0,2009.0,1202.0,1360.0,1349.5,1502.5,1303.5,1532.5,2957.0,3048.0,-0.08675202508492291,-0.021789522484932777,0.3881,0.33085907,31.9,-16.245083287874163,-11.16438659993339,0.6872471136092504,5.0806966879407724,219,112,190,5,"{""geodesic"":false,""type"":""Point"",""coordinates"":[12.47126617366711,51.65038897525592]}"
0000000000000000076f_0,1942.5,2308.0,1451.5,1753.0,1207.5,1246.5,1383.5,1398.5,1317.5,1324.0,3266.0,2951.0,-0.15691472166548134,-0.07222683440832747,0.4251118,0.3805848,28.5,-14.594098006399234,-9.892599757509595,0.6778493438355614,4.701498248889639,39,92,176,2,"{""geodesic"":false,""type"":""Point"",""coordinates"":[13.267622673039067,51.86481683357525]}"
0000000000000000086b_0,5642.0,1908.0,4639.0,1510.5,5512.0,1272.5,5288.0,1367.0,4984.0,1280.0,6812.0,2628.0,-0.07398692810457516,-0.1005149185300134,0.15496778,0.34493348,25.9,-15.90141967526365,-9.797057189632945,0.6161121075795081,6.1043624856307055,0,29,180,0,"{""geodesic"":false,""type"":""Point"",""coordinates"":[7.736515805658349,52.697555101954045]}"
00000000000000000692_0,1670.0,1682.0,1324.5,1373.0,1082.5,1257.5,1195.0,1445.5,1154.0,1440.5,2897.0,2776.5,-0.16983905342838246,-0.12736672954656605,0.43026415,0.3168129,51.5,-15.347259572456466,-8.29239969770051,0.5403179413595621,7.054859874755955,204,1186,193,10,"{""geodesic"":false,""type"":""Point"",""coordinates"":[7.902614301692048,47.861564601425016]}"
000000000000000006aa_0,1585.5,2584.0,1337.5,2172.0,1146.0,1314.0,1203.5,1477.0,1151.5,1444.0,2004.0,2396.0,-0.07015457788347206,0.0410958904109589,0.2701632,0.24791667,42.4,-19.39616215427106,-13.012695589748215,0.6708902248934232,6.383466564522845,0,690,180,3,"{""geodesic"":false,""type"":""Point"",""coordinates"":[9.445111476053679,48.52802471071329]}"
000000000000000006b2_0,2080.0,2198.0,1481.0,1719.5,1153.0,1176.5,1296.5,1351.0,1192.0,1358.0,3006.5,2435.5,-0.11942407320191079,-0.0078125,0.43217817,0.28403848,33.6,-17.369789497119267,-11.139282600513381,0.6413021068770466,6.2305068966058865,246,679,193,5,"{""geodesic"":false,""type"":""Point"",""coordinates"":[9.746675916932602,47.77335004052448]}"
00000000000000000771_0,1789.5,1921.5,1369.0,1489.5,1177.0,1198.0,1255.0,1283.5,1180.5,1212.0,2533.0,2695.0,-0.11077844311377245,-0.10809079911762613,0.36421165,0.37957513,11.8,-15.17479051600768,-8.83745333856023,0.5823772874648728,6.33733717744745,331,85,190,6,"{""geodesic"":false,""type"":""Point"",""coordinates"":[13.510437294336572,52.73941659419402]}"
000000000000000007ac_0,2320.5,2539.0,1588.0,1920.0,1141.5,1169.0,1281.5,1330.0,1175.5,1334.0,3714.0,2578.0,-0.1627851284200443,0.01653543307086614,0.51917374,0.3179959,56.4,-15.187296555533985,-9.250408563031106,0.60908855827013,5.936887992502879,294,277,212,11,"{""geodesic"":false,""type"":""Point"",""coordinates"":[8.794551547294322,50.789263943898945]}"
000000000000000007b1_0,2306.0,2026.0,1527.0,1580.0,1163.0,1218.0,1285.0,1360.0,1164.0,1248.0,4454.5,2412.0,-0.23631361760660247,-0.051564310544611816,0.58565456,0.3180328,21.3,-14.50191582298665,-8.332676773990219,0.5745914454131837,6.169239048996431,204,337,190,7,"{""geodesic"":false,""type"":""Point"",""coordinates"":[9.047247636717143,50.9174535349428]}"
000000000000000007c3_0,3008.0,3745.0,1943.5,2726.0,1257.5,1433.0,1581.0,1620.0,1410.0,1741.0,4766.5,3363.0,-0.1538019536487263,0.06710756662127991,0.54343075,0.31778997,68.4,-14.248556498129213,-7.3820164401899175,0.5180887229635613,6.866540057939296,141,427,176,2,"{""geodesic"":false,""type"":""Point"",""coordinates"":[8.900373087763601,51.114004919108154]}"
000000000000000007d8_0,2242.5,1953.5,1669.5,1474.0,1346.5,1197.5,1481.0,1289.0,1359.0,1245.0,3763.0,2662.0,-0.17311445299047182,-0.09365259280249362,0.46934792,0.36268237,36.2,-13.044697546744366,-7.952635072632619,0.6096450334808567,5.0920624741117475,90,478,176,1,"{""geodesic"":false,""type"":""Point"",""coordinates"":[9.61543205392274,50.99273235575202]}"
000000000000000007dd_0,2123.0,2711.5,1716.0,2068.5,1323.5,1245.0,1370.5,1329.0,1324.5,1423.5,2379.0,2621.0,-0.03566433566433566,0.03362079740032496,0.28473067,0.2960811,42.7,-13.427443953170847,-8.583712951096361,0.6392663399700391,4.843731002074486,321,381,185,2,"{""geodesic"":false,""type"":""Point"",""coordinates"":[9.728979105835448,51.06495690459523]}"
0000000000000000080f_0,3209.0,4171.0,2072.0,3179.5,1417.0,1594.0,1613.0,1784.5,1494.0,2061.0,4512.0,3502.0,-0.1153122648607976,0.10028248587570622,0.5024975,0.2590329,92.4,-12.682896749001106,-5.639571415159052,0.44465957003105144,7.043325333842054,60,452,120,23,"{""geodesic"":false,""type"":""Point"",""coordinates"":[10.650021766643192,51.638710876562364]}"
00000000000000000816_0,2141.0,2894.0,1641.0,2213.5,1225.0,1380.5,1382.0,1496.5,1361.0,1567.0,3380.0,2853.0,-0.13605526088565437,0.026165966990626257,0.4258595,0.29095024,21.3,-14.894682674951616,-8.031811969718536,0.5392402204865789,6.86287070523308,121,130,176,2,"{""geodesic"":false,""type"":""Point"",""coordinates"":[10.807586267477758,52.37470058884149]}"
00000000000000000820_0,1761.0,1957.0,1353.0,1514.5,1108.0,1194.0,1195.0,1244.5,1100.0,1214.5,3170.0,2663.0,-0.1984871830788626,-0.0975314789784449,0.4847775,0.37356544,182,-14.751418585552592,-8.328119256099443,0.5645639575475085,6.423299329453149,180,56,180,2,"{""geodesic"":false,""type"":""Point"",""coordinates"":[8.88932380976893,52.74974721996139]}"
000000000000000008c5_0,2013.0,1945.0,1508.0,1548.0,1196.0,1143.0,1287.5,1306.0,1174.5,1234.0,3253.0,3142.0,-0.16519347868788056,-0.14817792068595928,0.4694523,0.43601462,80,-15.850852943812532,-9.773832887761031,0.6166124259941672,6.0770200560515,0,430,180,16,"{""geodesic"":false,""type"":""Point"",""coordinates"":[8.015263038320636,51.10223698888619]}"
000000000000000008cd_0,1831.5,1917.0,1373.5,1467.0,1134.5,1329.0,1276.5,1526.0,1185.0,1451.0,3429.0,3713.0,-0.204089709762533,-0.1990487514863258,0.48634592,0.43803254,142.9,-16.46206129691201,-9.957346017825824,0.6048662945808398,6.504715279086188,318,784,199,9,"{""geodesic"":false,""type"":""Point"",""coordinates"":[8.608330788896344,51.326636146859244]}"
000000000000000008d9_0,2913.5,3669.0,1931.0,2579.0,1259.0,1432.0,1497.0,1650.0,1362.5,1951.0,4652.0,3548.0,-0.16049867478158436,0.06037735849056604,0.5469282,0.29041645,60.1,-15.804906084245136,-9.378014482449775,0.5933609749062727,6.4268916017953615,70,388,149,11,"{""geodesic"":false,""type"":""Point"",""coordinates"":[7.917256840823197,50.740844750084904]}"
0000000000000000090b_0,2311.5,2674.5,1645.0,2068.0,1166.5,1261.5,1237.0,1391.0,1193.0,1372.0,2835.0,2528.0,-0.0662136957100986,0.03279734558448188,0.40764648,0.29641026,33.6,-15.137269851552217,-9.90364638325169,0.6542557859095142,5.233623468300527,301,110,190,4,"{""geodesic"":false,""type"":""Point"",""coordinates"":[11.040878746763596,52.30103873554369]}"
00000000000000000981_0,1848.0,1932.0,1374.0,1518.0,1168.0,1194.5,1245.0,1281.0,1127.0,1296.5,3828.0,2721.5,-0.2535440973529043,-0.0962278675904542,0.54510593,0.35465404,33.7,-14.447896510363298,-8.83693394175261,0.6116415587150688,5.610962568610688,295,447,199,6,"{""geodesic"":false,""type"":""Point"",""coordinates"":[11.3498093729723,50.8775683363279]}"
0000000000000000073e_0,2110.5,2482.0,1520.0,1884.0,1161.5,1270.5,1307.0,1427.5,1269.0,1417.0,2968.0,2709.0,-0.0998801438274071,-0.010217681030653044,0.40099126,0.31313622,27.1,-15.40356344529145,-9.67812758547763,0.6283044582411892,5.725435859813819,101,54,166,5,"{""geodesic"":false,""type"":""Point"",""coordinates"":[13.264388738016237,52.62047965057659]}"
00000000000000000741_0,1938.5,2158.0,1447.0,1674.0,1233.5,1219.5,1301.5,1354.0,1229.0,1329.0,3171.5,2869.0,-0.16342027071640805,-0.07940069962378721,0.4414271,0.36684135,40.5,-13.926018644470059,-8.90499238485733,0.6394499829564317,5.021026259612729,59,67,171,4,"{""geodesic"":false,""type"":""Point"",""coordinates"":[13.849551314091693,52.54906358548909]}"
0000000000000000075b_0,2566.5,3365.5,1769.5,2477.0,1217.0,1397.5,1349.0,1577.0,1418.5,1710.5,3129.0,2995.5,-0.043332132997239224,0.07213010877600591,0.37614074,0.27305567,27.5,-17.129398592225794,-10.805855758170138,0.6308368446207092,6.323542834055656,198,40,185,5,"{""geodesic"":false,""type"":""Point"",""coordinates"":[12.72755552422641,52.54403301989802]}"
0000000000000000076c_0,1794.0,1979.5,1406.5,1524.0,1240.5,1227.0,1298.0,1341.0,1235.0,1271.5,2725.0,2796.0,-0.13389091428979913,-0.10613142700027495,0.37626263,0.37480024,43.1,-15.775293870807923,-10.876204770342186,0.6894454619617915,4.899089100465737,270,48,185,2,"{""geodesic"":false,""type"":""Point"",""coordinates"":[13.276426162823437,52.781996738661284]}"
00000000000000000772_0,1963.5,2252.5,1475.0,1704.5,1280.5,1268.0,1348.0,1397.5,1267.0,1354.0,2981.5,2971.0,-0.13767100433767102,-0.08061946338665477,0.4035542,0.37387285,28,-15.172590523320991,-10.497787950617852,0.6918916011397166,4.67480257270314,121,66,175,2,"{""geodesic"":false,""type"":""Point"",""coordinates"":[13.536578269104451,53.0624507703634]}"
0000000000000000077a_0,1911.0,2193.5,1433.0,1688.0,1187.5,1248.0,1328.5,1349.5,1221.0,1346.0,3140.0,2737.0,-0.1602654333400362,-0.05920659180011961,0.44003668,0.34068087,9.8,-15.353739035568804,-9.925720909261885,0.6464692988637977,5.4280181263069185,40,118,175,2,"{""geodesic"":false,""type"":""Point"",""coordinates"":[13.863744695580781,52.71058067357378]}"
00000000000000000788_0,1982.5,2194.0,1468.0,1642.5,1251.5,1245.5,1372.5,1388.0,1311.0,1329.5,3086.5,2972.0,-0.13686693310620454,-0.0896524996770443,0.40375212,0.38184354,28.4,-15.824867436417435,-10.957804379413595,0.6924420961781095,4.86706305700384,122,77,176,2,"{""geodesic"":false,""type"":""Point"",""coordinates"":[14.047270508126399,52.12856220099274]}"
0000000000000000078b_0,2039.5,2472.0,1509.0,1929.0,1126.0,1239.5,1272.5,1368.5,1198.5,1357.5,2966.0,2687.0,-0.1165075034106412,-0.012506446621970087,0.42442068,0.328718,15.5,-14.483829403105759,-8.990599706085513,0.6207336095906836,5.493229697020245,101,69,166,5,"{""geodesic"":false,""type"":""Point"",""coordinates"":[14.192617921096938,52.42949782117278]}"
0000000000000000078d_0,1720.5,2081.0,1319.0,1588.0,1137.0,1208.0,1198.0,1285.5,1121.5,1257.5,2624.0,2444.0,-0.13917916098742997,-0.044846577498033044,0.40114805,0.32054573,15,-14.904319435932717,-9.414486956620161,0.6316616466178819,5.489832479312556,180,89,180,1,"{""geodesic"":false,""type"":""Point"",""coordinates"":[14.366980917744536,52.405243308501554]}"
000000000000000007b0_0,2034.5,1937.0,1464.0,1518.0,1200.0,1206.0,1301.5,1398.0,1211.0,1246.0,3491.0,2820.0,-0.18213318213318214,-0.1169371618809821,0.48490006,0.38711265,88.6,-15.110938215622529,-10.139140923766398,0.6709802382279606,4.971797291856131,313,308,207,12,"{""geodesic"":false,""type"":""Point"",""coordinates"":[9.047966288944439,50.88152092357802]}"
000000000000000007d5_0,2029.5,2129.5,1468.0,1622.5,1197.5,1260.0,1349.0,1398.0,1210.0,1324.0,3833.5,2958.0,-0.21661326401064024,-0.09965456559994786,0.5201745,0.38159737,67,-15.33798462373169,-10.344052642547187,0.6744075506857893,4.993931981184504,290,378,212,11,"{""geodesic"":false,""type"":""Point"",""coordinates"":[9.503412137993037,50.812440478229234]}"
000000000000000007df_0,2159.0,2763.0,1516.0,2018.0,1146.0,1304.5,1253.5,1454.5,1136.5,1513.0,3816.5,2764.0,-0.20186485831920561,0.024866678650608185,0.5410862,0.29249474,20.9,-14.686558806373398,-9.244728861873057,0.6294686851940566,5.441829944500341,295,339,199,6,"{""geodesic"":false,""type"":""Point"",""coordinates"":[9.758443847154568,50.88520401624291]}"
000000000000000007e6_0,2093.0,2547.0,1506.5,1894.5,1243.5,1261.0,1342.0,1439.5,1204.5,1422.5,3433.0,3023.0,-0.172937045397542,-0.03810504634397528,0.48053908,0.360027,36.4,-13.73535127653279,-8.126900824979677,0.5916776834724788,5.608450451553113,32,390,171,5,"{""geodesic"":false,""type"":""Point"",""coordinates"":[9.900377662045452,50.9753050392401]}"
000000000000000007fe_0,2019.0,2052.0,1547.0,1589.0,1140.0,1174.5,1338.0,1299.5,1229.0,1212.5,2882.0,2649.0,-0.10646492434662999,-0.07886568848758466,0.40209195,0.3720057,51.3,-16.335775469813324,-11.024873764043814,0.674891362483314,5.31090170576951,90,85,176,2,"{""geodesic"":false,""type"":""Point"",""coordinates"":[10.546895172026272,52.663778447271156]}"
0000000000000000084b_0,2030.0,2448.0,1507.0,1854.5,1193.0,1294.5,1406.0,1425.5,1288.0,1433.0,2970.0,2840.5,-0.1129528137949472,-0.031686626746506984,0.39502114,0.32935533,50.5,-14.123509786135006,-8.6034592255355,0.6091587258275901,5.520050560599506,121,99,175,2,"{""geodesic"":false,""type"":""Point"",""coordinates"":[10.252966411062365,52.95231731653034]}"
00000000000000000909_0,2033.0,2046.0,1557.0,1563.0,1181.0,1246.0,1377.0,1402.0,1330.0,1339.5,3263.0,2993.0,-0.13846547969770717,-0.11194176667322447,0.42085782,0.38165033,33.7,-15.821358665112495,-10.905583227208727,0.6892949877469442,4.915775437903768,209,78,185,3,"{""geodesic"":false,""type"":""Point"",""coordinates"":[10.9890459548699,52.6070049213148]}"
00000000000000000915_0,2663.0,2914.0,1900.0,2225.0,1150.0,1304.5,1317.0,1416.5,1279.0,1413.5,3072.0,2762.0,-0.034296913277805,0.031093638313080773,0.41208917,0.32295534,64.2,-14.753747384253973,-9.162815237091841,0.6210500287453011,5.590932147162132,90,68,171,3,"{""geodesic"":false,""type"":""Point"",""coordinates"":[11.314236087721167,52.62182712350277]}"
0000000000000000091c_0,2211.0,2582.5,1587.0,1954.5,1173.0,1270.5,1306.0,1412.5,1286.0,1379.0,3259.0,2953.0,-0.11792155378988523,-0.0320097739767868,0.4341034,0.36334255,27.6,-13.453583342114822,-8.789793807446562,0.6533422051158052,4.663789534668259,40,57,176,2,"{""geodesic"":false,""type"":""Point"",""coordinates"":[11.405145594474062,52.6927041994198]}"
00000000000000000941_0,2021.0,2199.0,1476.5,1639.0,1250.0,1310.0,1415.5,1456.0,1297.5,1377.5,3636.0,3437.0,-0.19105369004814432,-0.14062593860755693,0.47400427,0.4277703,28.2,-14.024381888638349,-8.937400823240239,0.6372759166292202,5.08698106539811,270,113,204,7,"{""geodesic"":false,""type"":""Point"",""coordinates"":[12.543131396396673,51.90065961341162]}"
0000000000000000077b_0,2078.0,2300.0,1563.0,1821.0,1221.5,1366.0,1356.5,1500.5,1280.0,1592.0,3395.0,2799.0,-0.15781553702426485,-0.03388357949609035,0.4524064,0.27488044,20.4,-14.593947967937435,-9.083383718024445,0.6224075718222669,5.51056424991299,209,88,190,6,"{""geodesic"":false,""type"":""Point"",""coordinates"":[13.909379112014053,52.888986088999914]}"
00000000000000000783_0,2306.5,2867.5,1623.0,2222.0,1197.0,1399.0,1405.5,1522.5,1336.0,1656.0,4026.5,2921.5,-0.17832167832167833,0.02295341474445952,0.50172496,0.27646095,16.8,-15.573153952671035,-10.036032125983354,0.6444444173918938,5.537121826687681,162,59,176,5,"{""geodesic"":false,""type"":""Point"",""coordinates"":[13.990317319113222,52.47243729175369]}"
000000000000000007a8_0,1945.0,2298.0,1421.0,1689.0,1172.0,1204.0,1311.0,1408.0,1217.0,1345.0,3092.0,2522.0,-0.14839752221922972,-0.011263400732799566,0.43513575,0.3043703,48.5,-18.20840606375709,-12.62446714013149,0.693331810369709,5.583938923625599,0,302,180,13,"{""geodesic"":false,""type"":""Point"",""coordinates"":[8.648126155982839,50.94952339058587]}"
000000000000000007c4_0,2393.5,3109.0,1624.5,2390.0,1156.5,1375.0,1290.0,1623.0,1205.0,1658.0,3481.5,3039.0,-0.12620651975960662,0.038448970700359436,0.48575696,0.29401746,8.9,-13.705721442788548,-7.621525240761244,0.556083477442292,6.084196202027304,63,343,157,8,"{""geodesic"":false,""type"":""Point"",""coordinates"":[8.926873388645127,51.20410594210534]}"
000000000000000007c7_0,2293.5,2611.0,1567.0,1921.0,1239.5,1248.0,1409.0,1428.0,1236.5,1452.0,4141.0,2623.0,-0.20767633690589754,0.02419964708847996,0.5401209,0.28736195,24.8,-14.699496966777165,-9.163188210358932,0.6233674683609219,5.536308756418233,210,305,198,12,"{""geodesic"":false,""type"":""Point"",""coordinates"":[9.13088078966867,51.00800371558205]}"
000000000000000007d6_0,2176.0,2441.0,1493.5,1870.5,1212.0,1300.0,1307.0,1419.5,1187.0,1452.5,4047.0,2685.0,-0.2199025748086291,-0.011613885891984515,0.5464272,0.2978852,26.2,-16.32539089809852,-10.15332151044527,0.6219343581921746,6.172069387653249,264,334,208,9,"{""geodesic"":false,""type"":""Point"",""coordinates"":[9.557311055040207,51.118316832471926]}"
000000000000000007d7_0,2272.0,2755.5,1527.0,2089.5,1159.0,1315.0,1288.5,1446.0,1157.5,1529.5,4020.0,2883.0,-0.2032293663239821,0.010255805729105269,0.552873,0.30674222,24,-16.049297976867688,-10.277490579796066,0.6403701018330712,5.771807397071623,227,417,199,8,"{""geodesic"":false,""type"":""Point"",""coordinates"":[9.616510032263683,50.86687838444687]}"
0000000000000000084c_0,2898.0,3554.0,1966.5,2623.5,1184.0,1437.5,1449.0,1620.0,1392.0,1773.0,4005.5,3514.0,-0.09488897093728572,0.036532567981709396,0.48420566,0.3292983,45.9,-15.315141547940591,-10.620774144106983,0.6934819447055744,4.694367403833608,233,71,199,8,"{""geodesic"":false,""type"":""Point"",""coordinates"":[10.310099263132367,52.62865431966208]}"
000000000000000008ba_0,2991.0,3189.0,2219.0,2478.0,1610.0,1423.0,1852.0,1642.0,1690.0,1738.0,4161.0,3196.0,-0.10428626100267892,0.03226482296249738,0.42232096,0.2955006,114.8,-15.739697191423808,-9.760207249446346,0.6201013355431294,5.979489941977462,310,282,194,6,"{""geodesic"":false,""type"":""Point"",""coordinates"":[9.087851487559345,51.74480191161688]}"
000000000000000008c0_0,2434.0,2785.0,1630.0,1975.0,1233.0,1382.0,1422.0,1553.0,1245.0,1557.0,4406.0,2767.0,-0.2103455677183945,0.022729949358143917,0.55937004,0.2798335,60.7,-12.68481365680298,-6.82751613438237,0.5382433135484581,5.85729752242061,352,206,189,20,"{""geodesic"":false,""type"":""Point"",""coordinates"":[9.349440898294949,51.67464348792715]}"
0000000000000000097a_0,2615.0,3158.0,1690.0,2403.5,1278.0,1348.5,1407.0,1495.5,1218.0,1644.0,5060.0,2850.0,-0.24628846721069708,0.06705183045386368,0.61197835,0.2683578,31.4,-14.83171833296311,-8.705626630727428,0.5869600834705307,6.126091702235682,31,351,166,9,"{""geodesic"":false,""type"":""Point"",""coordinates"":[10.81782706171672,51.33202603856396]}"
0000000000000000097c_0,2346.0,2890.0,1589.0,2235.0,1216.0,1308.0,1310.0,1465.0,1194.0,1571.5,3706.0,2582.0,-0.16331836445284803,0.06843082081063281,0.51265305,0.24328879,31.3,-12.86750273153061,-7.367116951037465,0.5725366533620416,5.500385780493145,52,338,162,7,"{""geodesic"":false,""type"":""Point"",""coordinates"":[10.96092868647696,51.31298175454063]}"
00000000000000002583_0,2305.0,2267.0,1596.0,1717.0,1125.0,1210.5,1293.0,1306.0,1150.0,1294.5,3552.0,2924.0,-0.15027053615346778,-0.07445426195426195,0.51084644,0.38627476,290.1,-13.987347127799055,-7.22500236779077,0.5165384330407794,6.762344760008284,47,314,171,4,"{""geodesic"":false,""type"":""Point"",""coordinates"":[10.07240503895434,51.76627164690734]}"
000000000000000007bf_0,2767.0,3306.0,1873.0,2409.0,1215.0,1443.0,1470.0,1686.0,1359.0,1766.0,4772.0,3961.0,-0.18402056758627508,-0.03169148529973272,0.5566792,0.38327223,18,-16.903015218804136,-11.192145345653541,0.6621389853097092,5.710869873150594,230,381,194,6,"{""geodesic"":false,""type"":""Point"",""coordinates"":[8.728525373911536,51.130174594222304]}"
00000000000000000789_0,2493.5,3741.0,1768.0,2836.5,1255.5,1545.0,1426.0,1805.0,1330.5,1991.0,3191.0,3219.5,-0.07526751707877395,0.09217358167008051,0.4114785,0.23577392,7.2,-16.814499802100883,-11.069987087031496,0.6583595835332764,5.744512715069387,180,14,180,2,"{""geodesic"":false,""type"":""Point"",""coordinates"":[14.133059617759814,52.73753013209737]}"
0000000000000000080c_0,4766.0,3492.5,3912.0,2759.5,2440.5,1633.0,2642.0,1859.5,2754.5,2013.0,4496.0,3042.0,0.040395656083558135,0.08157752566180443,0.24019033,0.20356083,36.1,-18.199623459038186,-10.680916154337208,0.5868756668717185,7.518707304700978,334,566,194,10,"{""geodesic"":false,""type"":""Point"",""coordinates"":[10.537013703900957,51.85493536544993]}"
00000000000000000873_0,3247.0,3025.5,2251.5,2252.5,1356.0,1400.0,1601.0,1610.0,1561.0,1709.5,3764.0,3303.0,-0.031426269137792104,0.0033905488450943,0.41370893,0.31790525,530.7,-18.693695018544926,-11.985510114458634,0.6411525438158966,6.708184904086291,180,8,180,3,"{""geodesic"":false,""type"":""Point"",""coordinates"":[7.85527308621895,53.29304830379688]}"
000000000000000008f9_0,2222.5,2746.5,1603.5,2134.5,1084.5,1298.0,1260.5,1449.0,1182.0,1441.0,2885.0,2520.0,-0.07662055871982641,0.046155767909562176,0.41873616,0.27240595,15.6,-9.997244083138696,-4.837234081159333,0.48385675501489345,5.160010001979363,126,306,141,15,"{""geodesic"":false,""type"":""Point"",""coordinates"":[7.145154854122468,49.44673175178232]}"
0000000000000000077d_0,1848.5,1984.5,1483.0,1687.5,1139.0,1297.0,1242.0,1376.5,1239.0,1425.5,2196.0,2087.0,-0.03853639548462437,0.0038269060936120106,0.27860263,0.1883274,23.7,-20.26365056306925,-14.71358205553072,0.7261071745061772,5.550068507538528,345,40,185,6,"{""geodesic"":false,""type"":""Point"",""coordinates"":[13.891053480218014,52.349727423942966]}"
00000000000000000946_0,3060.0,3135.5,2134.0,2179.0,1714.0,1340.0,1663.5,1630.5,1415.0,1460.5,4363.0,4616.0,-0.15181956027293403,-0.1288855193328279,0.51021117,0.51929563,39.3,-19.02456458277546,-13.692977215457322,0.7197524629738294,5.331587367318139,90,-2,175,2,"{""geodesic"":false,""type"":""Point"",""coordinates"":[8.81611111411319,54.34874842569414]}"
00000000000000000864_0,5943.0,2510.0,4985.0,1957.0,5972.0,1426.0,5432.0,1554.0,4912.0,1588.0,7660.0,3242.0,-0.11340711397884592,-0.0650239561943874,0.21858098,0.34244308,29.2,-14.828347149781125,-9.76212218096667,0.6583418962585298,5.0662249688144545,270,6,185,2,"{""geodesic"":false,""type"":""Point"",""coordinates"":[7.548408585163721,53.413063225755245]}"
000000000000000008e1_0,2943.5,3493.0,2076.5,2862.0,1294.5,1509.0,1536.0,1711.0,1429.0,1942.0,3897.5,3000.0,-0.08568142610695802,0.09312148028962189,0.46343753,0.21408337,24.8,-18.51949182417637,-10.619473154202005,0.57342141215445,7.900018669974365,142,451,162,9,"{""geodesic"":false,""type"":""Point"",""coordinates"":[6.626826935185504,50.15235840745821]}"
00000000000000000905_0,2472.0,3239.0,1709.5,2549.5,1188.0,1454.5,1294.5,1607.0,1266.0,1681.5,2693.0,3024.0,-0.01876886730542066,0.04702627939142462,0.36044455,0.28530443,10.5,-16.375975419345906,-10.034459135137944,0.6127548972309549,6.341516284207962,122,185,166,5,"{""geodesic"":false,""type"":""Point"",""coordinates"":[13.035587835150993,51.43928488348784]}"
000000000000000006f7_0,3300.0,3512.0,2620.0,2681.0,2742.0,1294.0,2726.0,1497.0,2575.0,1566.0,4640.0,2970.0,-0.1136757939201931,0.08713337615071719,0.2862093,0.30952382,50.5,-18.703979838415755,-12.53521859948373,0.6701899118677341,6.168761238932024,303,522,185,2,"{""geodesic"":false,""type"":""Point"",""coordinates"":[12.312084705321132,49.63906105411231]}"
00000000000000000825_0,3321.0,3410.0,2674.0,2514.0,1320.0,1374.0,1465.0,1576.0,1501.0,1616.0,3179.0,3228.0,0.034652934234524195,0.04403822185292896,0.358547,0.33278283,32.1,-18.559968343608148,-11.682169517938693,0.6294283105262896,6.877798825669455,90,13,175,2,"{""geodesic"":false,""type"":""Point"",""coordinates"":[9.035389874966764,52.840926221299526]}"
000000000000000008a8_0,2422.0,2621.0,1705.5,2030.0,1195.5,1281.0,1319.5,1425.0,1243.0,1304.0,3379.5,2492.0,-0.1104368932038835,0.019745388412574696,0.46219578,0.312961,94.2,-13.895416974408592,-8.88477098704073,0.6394029774999881,5.010645987367862,238,73,185,2,"{""geodesic"":false,""type"":""Point"",""coordinates"":[7.865244385872677,51.87281183960391]}"
000000000000000008fb_0,2489.0,2537.5,1791.5,1897.5,1317.0,1264.5,1435.0,1396.0,1464.0,1373.0,3116.0,2409.0,-0.05723825423324588,0.03125,0.3606987,0.27392915,86.6,-15.685219099315919,-10.048309726012366,0.6406228476878977,5.636909373303553,58,175,176,2,"{""geodesic"":false,""type"":""Point"",""coordinates"":[13.617696139260444,51.15281213938212]}"
00000000000000000977_0,2532.0,2742.0,1706.0,2133.5,1333.0,1261.5,1470.0,1391.0,1320.0,1512.5,4022.0,2442.0,-0.16324535679374388,0.06923850213621513,0.50580305,0.23504868,31,-14.206802281371878,-8.820307979599892,0.6208510405726686,5.386494301771986,28,327,176,3,"{""geodesic"":false,""type"":""Point"",""coordinates"":[10.528030551059762,51.0820248949935]}"
00000000000000000777_0,2325.5,2874.5,1759.0,2237.5,1266.0,1298.5,1348.0,1437.0,1298.0,1466.5,2943.5,2938.0,-0.07481169411464318,0.01218303701544739,0.3879524,0.33409014,40.2,-14.676973919065844,-8.689526357250678,0.5920516317033658,5.987447561815166,209,59,185,3,"{""geodesic"":false,""type"":""Point"",""coordinates"":[13.731243191173151,52.89464547528987]}"
00000000000000000785_0,3564.0,4154.5,2649.5,3213.5,1481.0,1665.0,1720.0,1904.0,1656.5,2134.0,4057.5,3566.0,-0.029556650246305417,0.09180085941230089,0.420196,0.25122806,13.2,-19.029230481137866,-13.066299002082872,0.6866435831461727,5.962931479054994,121,50,175,2,"{""geodesic"":false,""type"":""Point"",""coordinates"":[14.090748967877785,52.91898981948951]}"
00000000000000000947_0,3277.5,4094.0,2340.0,2952.0,1513.0,1679.0,1764.5,2024.0,1790.5,2213.0,4068.0,4196.0,-0.04817353742135412,0.035462157281234606,0.3887514,0.30940863,21.6,-20.632914171646235,-15.125503739813627,0.7330764628778956,5.507410431832607,0,-1,180,0,"{""geodesic"":false,""type"":""Point"",""coordinates"":[8.879083015529968,54.295478329345855]}"
0000000000000000095e_0,2486.0,3605.0,1687.5,2478.0,1131.0,1378.0,1269.5,1558.0,1159.0,1520.0,2542.5,3503.0,-0.0038942406230784996,0.02438536877873276,0.3737674,0.394784,20.3,-16.019201752885394,-9.81035376966117,0.6124121489320852,6.208847983224224,121,7,175,2,"{""geodesic"":false,""type"":""Point"",""coordinates"":[9.803449442888956,53.63539625857483]}"
000000000000000007ed_0,4158.0,4265.0,3933.0,4121.0,1584.0,1676.0,1804.0,1814.0,2082.0,2150.0,4096.0,3164.0,0.04697986577181208,0.1399378054198134,0.32599548,0.19081672,16,-22.17923592955292,-11.010518069711127,0.4964336059494306,11.168717859841793,180,50,180,2,"{""geodesic"":false,""type"":""Point"",""coordinates"":[11.305073271823147,53.30499589707567]}"
000000000000000008f2_0,3126.5,3074.5,2766.5,2768.5,1582.0,1569.5,1782.5,1845.0,2073.0,2032.5,2628.0,3441.0,0.10515967904777088,0.009537929330368174,0.118059985,0.25733078,16.1,-20.347552604198267,-12.628713847069365,0.6206502616173952,7.718838757128902,322,119,185,2,"{""geodesic"":false,""type"":""Point"",""coordinates"":[8.26849811691393,49.66744781709049]}"
